<?xml version="1.0" encoding="utf-8"?>
<window id="20">
    <defaultcontrol always="true">50</defaultcontrol>
    <allowoverlay>yes</allowoverlay>
    <controls>
        <control type="image">
            <description>Background</description>
            <posx>0</posx>
            <posy>0</posy>
            <width>1280</width>
            <height>720</height>
            <texture background="true" fallback="special://skin/images/Settings Categories/SetCat.jpg">$INFO[Skin.String(CustomSetCat)]</texture>
            <visible>IsEmpty(FanArt.Image)</visible>
            <animation effect="fade" start="0" end="100" time="400">WindowOpen</animation>
            <animation effect="fade" start="100" end="0" time="400">WindowClose</animation>
        </control>
        <control type="image">
            <texture background="true" />
            <description>Fanart BG</description>
            <info>ListItem.Property(fanart_image)</info>
            <width>1280</width>
            <height>720</height>
            <aspectratio>scale</aspectratio>
            <animation effect="fade" start="0" end="100" time="400">WindowOpen</animation>
            <animation effect="fade" start="100" end="0" time="400">WindowClose</animation>
        </control>
        <control type="group">
            <animation type="WindowOpen" reversible="false">
                <effect type="zoom" start="20" end="100" center="640,360" easing="out" tween="back" time="400" />
                <effect type="fade" start="0" end="100" time="400" />
            </animation>
            <animation type="WindowClose" reversible="false">
                <effect type="zoom" start="100" end="20" center="640,360" easing="in" tween="back" time="400" />
                <effect type="fade" start="100" end="0" time="400" />
            </animation>
            <control type="image">
                <description>Panel Image</description>
                <posx>115.05</posx>
                <posy>93.75</posy>
                <width>1044.30</width>
                <height>593.75</height>
                <texture background="true">Dark Mask.png</texture>
                <visible>IsEmpty(FanArt.Image)</visible>
                <animation effect="fade" start="100" end="0" time="400">WindowClose</animation>
            </control>
            <control type="image">
                <description>Panel Image</description>
                <posx>115.05</posx>
                <posy>93.75</posy>
                <width>1044.30</width>
                <height>593.75</height>
                <texture background="true">black.png</texture>
            </control>
            <control type="image" id="1">
                <description>Panel Image</description>
                <posx>115.05</posx>
                <posy>93.75</posy>
                <width>1044.30</width>
                <height>593.75</height>
                <texture>background2.png</texture>
                <colordiffuse>77ffffff</colordiffuse>
            </control>
            <control type="image">
                <description>Panel Image</description>
                <posx>115.05</posx>
                <posy>93.75</posy>
                <width>1044.30</width>
                <height>593.75</height>
                <texture>edge.png</texture>
                <colordiffuse>80ffffff</colordiffuse>
            </control>
            <control type="image">
                <description>Panel Image</description>
                <posx>460.20</posx>
                <posy>41.25</posy>
                <width>354</width>
                <height>52.50</height>
                <texture>episode number.png</texture>
            </control>
            <control type="image">
                <description>Panel Image</description>
                <posx>460.20</posx>
                <posy>41.25</posy>
                <width>354</width>
                <height>52.50</height>
                <texture>episode number.png</texture>
            </control>
            <control type="label">
                <description>Title label</description>
                <posx>469.20</posx>
                <posy>41.25</posy>
                <align>center</align>
                <aligny>center</aligny>
                <font>special16</font>
                <textcolor>white</textcolor>
                <shadowcolor>black</shadowcolor>
                <width>354</width>
                <height>52.50</height>
                <label>24001</label>
            </control>
            <control type="list" id="50">
                <viewtype label="544">list</viewtype>
                <animation effect="fade" time="300">WindowClose</animation>
                <posx>132.75</posx>
                <posy>112.50</posy>
                <width>486.75</width>
                <height>300</height>
                <onleft>2</onleft>
                <onright>60</onright>
                <onup>50</onup>
                <ondown>50</ondown>
                <pagecontrol>60</pagecontrol>
                <itemlayout height="37.50" width="486.75">
                    <control type="label">
                        <posx>8.85</posx>
                        <posy>0</posy>
                        <width>292.05</width>
                        <height>37.50</height>
                        <font>font18</font>
                        <aligny>center</aligny>
                        <textcolor>white</textcolor>
                        <shadowcolor>black</shadowcolor>
                        <include>selectedcolor</include>
                        <info>ListItem.Label</info>
                    </control>
                    <control type="label">
                        <posx>477.90</posx>
                        <posy>0</posy>
                        <width>168.15</width>
                        <height>37.50</height>
                        <font>font12</font>
                        <textcolor>grey</textcolor>
                        <selectedcolor>white</selectedcolor>
                        <align>right</align>
                        <aligny>center</aligny>
                        <label>$INFO[ListItem.Property(Addon.Status)]</label>
                    </control>
                </itemlayout>
                <focusedlayout height="37.50" width="486.75">
                    <control type="image">
                        <posx>0</posx>
                        <posy>0</posy>
                        <width>486.75</width>
                        <height>37.50</height>
                        <texture>input-focus.png</texture>
                        <visible>Control.HasFocus(50)</visible>
                        <include>List Scroll30</include>
                    </control>
                    <control type="label">
                        <posx>8.85</posx>
                        <posy>0</posy>
                        <width>292.05</width>
                        <height>37.50</height>
                        <font>font18</font>
                        <aligny>center</aligny>
                        <textcolor>white</textcolor>
                        <shadowcolor>black</shadowcolor>
                        <include>selectedcolor</include>
                        <scroll>true</scroll>
                        <info>ListItem.Label</info>
                    </control>
                    <control type="label">
                        <posx>477.90</posx>
                        <posy>0</posy>
                        <width>168.15</width>
                        <height>37.50</height>
                        <font>font12</font>
                        <textcolor>grey</textcolor>
                        <selectedcolor>white</selectedcolor>
                        <align>right</align>
                        <aligny>center</aligny>
                        <label>$INFO[ListItem.Property(Addon.Status)]</label>
                    </control>
                </focusedlayout>
            </control>
            <control type="scrollbar" id="60">
                <posx>628</posx>
                <posy>112.50</posy>
                <width>17.70</width>
                <height>300</height>
                <texturesliderbackground border="0,17.70,0,17.70">scrollbar-back.png</texturesliderbackground>
                <texturesliderbar border="0,17.70,0,17.70">scrollbar-front-nofocus.png</texturesliderbar>
                <texturesliderbarfocus border="0,17.70,0,17.70">scrollbar-front-focus.png</texturesliderbarfocus>
                <onleft>50</onleft>
                <onright>2</onright>
                <onup>50</onup>
                <ondown>50</ondown>
                <showonepage>false</showonepage>
                <orientation>vertical</orientation>
                <visible>Control.IsVisible(50)</visible>
            </control>
            <control type="image">
                <posx>840</posx>
                <posy>102</posy>
                <width>312</width>
                <height>312</height>
                <aspectratio align="right">keep</aspectratio>
                <texture diffuse="mask.png">$INFO[ListItem.Icon]</texture>
                <fadetime>200</fadetime>
                <visible>Control.IsVisible(50)</visible>
            </control>
            <control type="image">
                <posx>115.05</posx>
                <posy>418.75</posy>
                <width>1044.30</width>
                <height>5</height>
                <texture>separator.png</texture>
                <visible>Control.IsVisible(50)</visible>
            </control>
            <control type="group">
                <visible>Control.IsVisible(50)</visible>
                <visible>!IsEmpty(Container.Property(AddonCategory))</visible>
                <posy>425</posy>
                <control type="label">
                    <description>Type txt</description>
                    <posx>132.75</posx>
                    <posy>0</posy>
                    <width>88.50</width>
                    <height>31.25</height>
                    <label>$LOCALIZE[146]</label>
                    <align>left</align>
                    <aligny>center</aligny>
                    <font>font18</font>
                    <textcolor>grey</textcolor>
                </control>
                <control type="label">
                    <description>Type Value</description>
                    <posx>238.95</posx>
                    <posy>0</posy>
                    <width>929.25</width>
                    <height>31.25</height>
                    <label fallback="416">$INFO[ListItem.Property(Addon.Type)]</label>
                    <align>left</align>
                    <aligny>center</aligny>
                    <font>font18</font>
                    <textcolor>lightblue</textcolor>
                    <scroll>true</scroll>
                </control>
                <control type="label">
                    <description>Author txt</description>
                    <posx>132.75</posx>
                    <posy>37.50</posy>
                    <width>88.50</width>
                    <height>31.25</height>
                    <label>$LOCALIZE[21863]:</label>
                    <align>left</align>
                    <aligny>center</aligny>
                    <font>font18</font>
                    <textcolor>grey</textcolor>
                </control>
                <control type="label">
                    <description>Author Value</description>
                    <posx>238.95</posx>
                    <posy>37.50</posy>
                    <width>929.25</width>
                    <height>31.25</height>
                    <label fallback="416">$INFO[ListItem.Property(Addon.Creator)]</label>
                    <align>left</align>
                    <aligny>center</aligny>
                    <font>font18</font>
                    <textcolor>lightblue</textcolor>
                    <scroll>true</scroll>
                </control>
                <control type="label">
                    <description>Version txt</description>
                    <posx>132.75</posx>
                    <posy>75</posy>
                    <width>88.50</width>
                    <height>31.25</height>
                    <label>$LOCALIZE[24051]</label>
                    <align>left</align>
                    <aligny>center</aligny>
                    <font>font18</font>
                    <textcolor>grey</textcolor>
                </control>
                <control type="label">
                    <description>Version Value</description>
                    <posx>238.95</posx>
                    <posy>75</posy>
                    <width>929.25</width>
                    <height>31.25</height>
                    <label fallback="416">$INFO[ListItem.Property(Addon.Version)]</label>
                    <align>left</align>
                    <aligny>center</aligny>
                    <font>font18</font>
                    <scroll>true</scroll>
                </control>
                <!-- control type="label">
<description>Rating txt</description>
<posx>132.75</posx>
<posy>112.50</posy>
<width>88.50</width>
<height>31.25</height>
<label>$LOCALIZE[563]:</label>
<align>left</align>
<aligny>center</aligny>
<font>font18</font>
<textcolor>grey</textcolor>
</control>


<control type="image">
<description>Rating value</description>
<posx>238.95</posx>
<posy>112.50</posy>
<width>929.25</width>
<height>31.25</height>
<texture>$INFO[ListItem.Property(Addon.Rating)]</texture>
</control -->
                <control type="image">
                    <posx>115.05</posx>
                    <posy>112.50</posy>
                    <width>1044.30</width>
                    <height>5</height>
                    <texture>separator.png</texture>
                </control>
                <control type="textbox">
                    <description>Description</description>
                    <posx>132.75</posx>
                    <posy>125</posy>
                    <width>1008.90</width>
                    <height>124.50</height>
                    <font>font12</font>
                    <align>justify</align>
                    <textcolor>white</textcolor>
                    <shadowcolor>black</shadowcolor>
                    <label>$INFO[ListItem.Property(Addon.Description)]</label>
                    <autoscroll time="2000" delay="3000" repeat="5000" />
                </control>
            </control>
            <control type="scrollbar" id="60">
                <posx>1136.34</posx>
                <posy>109.37</posy>
                <width>17.70</width>
                <height>562.50</height>
                <texturesliderbackground border="0,17.70,0,17.70">scrollbar-back.png</texturesliderbackground>
                <texturesliderbar border="0,17.70,0,17.70">scrollbar-front-nofocus.png</texturesliderbar>
                <texturesliderbarfocus border="0,17.70,0,17.70">scrollbar-front-focus.png</texturesliderbarfocus>
                <onleft>50</onleft>
                <onright>2</onright>
                <onup>50</onup>
                <ondown>50</ondown>
                <showonepage>false</showonepage>
                <orientation>vertical</orientation>
                <visible>Control.IsVisible(51)</visible>
            </control>
            <control type="list" id="51">
                <viewtype label="535">list</viewtype>
                <animation effect="fade" time="300">WindowClose</animation>
                <posx>141.60</posx>
                <posy>109.37</posy>
                <width>991.20</width>
                <height>562.50</height>
                <onleft>2</onleft>
                <onright>60</onright>
                <onup>51</onup>
                <ondown>51</ondown>
                <pagecontrol>60</pagecontrol>
                <itemlayout height="37.50">
                    <control type="label">
                        <posx>8.85</posx>
                        <posy>0</posy>
                        <width>805.35</width>
                        <height>37.50</height>
                        <font>font18</font>
                        <aligny>center</aligny>
                        <textcolor>white</textcolor>
                        <shadowcolor>black</shadowcolor>
                        <include>selectedcolor</include>
                        <info>ListItem.Label</info>
                    </control>
                    <control type="label">
                        <posx>982.35</posx>
                        <posy>0</posy>
                        <width>168.15</width>
                        <height>37.50</height>
                        <font>font12</font>
                        <textcolor>grey</textcolor>
                        <selectedcolor>white</selectedcolor>
                        <align>right</align>
                        <aligny>center</aligny>
                        <label>$INFO[ListItem.Property(Addon.Status)]</label>
                    </control>
                </itemlayout>
                <focusedlayout height="37.50">
                    <control type="image">
                        <posx>0</posx>
                        <posy>0</posy>
                        <width>991.20</width>
                        <height>37.50</height>
                        <texture>input-focus.png</texture>
                        <visible>Control.HasFocus(51)</visible>
                        <include>List Scroll30</include>
                    </control>
                    <control type="label">
                        <posx>8.85</posx>
                        <posy>0</posy>
                        <width>805.36</width>
                        <height>37.50</height>
                        <font>font18</font>
                        <aligny>center</aligny>
                        <textcolor>white</textcolor>
                        <shadowcolor>black</shadowcolor>
                        <include>selectedcolor</include>
                        <scroll>true</scroll>
                        <info>ListItem.Label</info>
                    </control>
                    <control type="label">
                        <posx>982.35</posx>
                        <posy>0</posy>
                        <width>168.15</width>
                        <height>37.50</height>
                        <font>font12</font>
                        <textcolor>grey</textcolor>
                        <shadowcolor>black</shadowcolor>
                        <selectedcolor>white</selectedcolor>
                        <align>right</align>
                        <aligny>center</aligny>
                        <label>$INFO[ListItem.Property(Addon.Status)]</label>
                    </control>
                </focusedlayout>
            </control>
            <control type="group" id="9000">
                <posx>437.19</posx>
                <posy>197.50</posy>
                <animation effect="fade" time="200">WindowClose</animation>
                <visible allowhiddenfocus="true">[Control.HasFocus(2) | Control.HasFocus(3) | Control.HasFocus(4) | Control.HasFocus(5) | Control.HasFocus(6)| Control.HasFocus(7)]</visible>
                <control type="image">
                    <description>Button Background</description>
                    <posx>22</posx>
                    <posy>0</posy>
                    <width>359</width>
                    <height>350</height>
                    <texture>context.png</texture>
                </control>
                <control type="label">
                    <posx>32</posx>
                    <posy>25</posy>
                    <width>339</width>
                    <height>56</height>
                    <align>center</align>
                    <font>special14</font>
                    <textcolor>lightblue</textcolor>
                    <shadowcolor>black</shadowcolor>
                    <label>24001</label>
                </control>
                <control type="button" id="2">
                    <description>View As Icons button</description>
                    <posx>32</posx>
                    <posy>62.50</posy>
                    <width>339</width>
                    <height>40</height>
                    <font>font13</font>
                    <textcolor>white</textcolor>
                    <shadowcolor>black</shadowcolor>
                    <label>100</label>
                    <textoffsetx>17.70</textoffsetx>
                    <texturefocus>button-focus.png</texturefocus>
                    <texturenofocus>-</texturenofocus>
                    <colordiffuse>99ffffff</colordiffuse>
                    <onleft>50</onleft>
                    <onright>50</onright>
                    <onup>7</onup>
                    <ondown>3</ondown>
                </control>
                <control type="button" id="3">
                    <description>Sort by button</description>
                    <posx>32</posx>
                    <posy>118.75</posy>
                    <width>339</width>
                    <height>40</height>
                    <font>font13</font>
                    <textcolor>white</textcolor>
                    <shadowcolor>black</shadowcolor>
                    <label>103</label>
                    <textoffsetx>17.70</textoffsetx>
                    <texturefocus>button-focus.png</texturefocus>
                    <colordiffuse>99ffffff</colordiffuse>
                    <texturenofocus>-</texturenofocus>
                    <onleft>50</onleft>
                    <onright>4</onright>
                    <onup>2</onup>
                    <ondown>5</ondown>
                </control>
                <control type="togglebutton" id="4">
                    <description>Sort asc</description>
                    <posx>335</posx>
                    <posy>125</posy>
                    <label>-</label>
                    <onleft>3</onleft>
                    <onright>51</onright>
                    <onup>2</onup>
                    <ondown>5</ondown>
                </control>
                <control type="radiobutton" id="5">
                    <description>Enable auto-updates</description>
                    <posx>32</posx>
                    <posy>175</posy>
                    <width>339</width>
                    <height>40</height>
                    <font>font13</font>
                    <textcolor>white</textcolor>
                    <shadowcolor>black</shadowcolor>
                    <label>24063</label>
                    <textoffsetx>17.70</textoffsetx>
                    <texturefocus>button-focus.png</texturefocus>
                    <colordiffuse>99ffffff</colordiffuse>
                    <texturenofocus>-</texturenofocus>
                    <onleft>50</onleft>
                    <onright>50</onright>
                    <onup>3</onup>
                    <ondown>6</ondown>
                </control>
                <control type="radiobutton" id="6">
                    <description>No notifications</description>
                    <posx>32</posx>
                    <posy>231.25</posy>
                    <width>339</width>
                    <height>40</height>
                    <font>font13</font>
                    <textcolor>white</textcolor>
                    <shadowcolor>black</shadowcolor>
                    <label>25000</label>
                    <textoffsetx>17.70</textoffsetx>
                    <texturefocus>button-focus.png</texturefocus>
                    <colordiffuse>99ffffff</colordiffuse>
                    <texturenofocus>-</texturenofocus>
                    <onleft>50</onleft>
                    <onright>50</onright>
                    <onup>5</onup>
                    <ondown>7</ondown>
                </control>
                <control type="radiobutton" id="7">
                    <description>Hide foreign</description>
                    <posx>32</posx>
                    <posy>287.50</posy>
                    <width>339</width>
                    <height>40</height>
                    <font>font13</font>
                    <textcolor>white</textcolor>
                    <shadowcolor>black</shadowcolor>
                    <label>25001</label>
                    <textoffsetx>17.70</textoffsetx>
                    <texturefocus>button-focus.png</texturefocus>
                    <colordiffuse>99ffffff</colordiffuse>
                    <texturenofocus>-</texturenofocus>
                    <onleft>50</onleft>
                    <onright>50</onright>
                    <onup>6</onup>
                    <ondown>2</ondown>
                </control>
            </control>
        </control>
        <include>Music-Info</include>
        <include>Alpha Scroll Label</include>
        <include>Time3</include>
    </controls>
</window>