<?xml version="1.0" encoding="utf-8"?>
<window type="dialog" id="1114">
    <defaultcontrol always="true">451</defaultcontrol>
    <coordinates>
        <system>1</system>
        <posx>0</posx>
        <posy>0</posy>
    </coordinates>
    <controls>
        <control type="group">
            <animation effect="slide" time="600" start="1150.50,0" end="0,0" condition="!Skin.HasSetting(animated)">WindowOpen</animation>
            <animation effect="slide" time="600" start="0,0" end="1292.10,0" condition="!Skin.HasSetting(animated)">WindowClose</animation>
            <control type="image">
                <description>background</description>
                <posx>-4</posx>
                <posy>-5</posy>
                <width>1288</width>
                <height>730</height>
                <texture>blackgloss.png</texture>
                <aspectratio>stretch</aspectratio>
            </control>
            <control type="image" id="1">
                <description>Profile Background</description>
                <posx>26.55</posx>
                <posy>93.75</posy>
                <width>1221.30</width>
                <height>528.75</height>
                <texture>background2.png</texture>
                <bordertexture>white.png</bordertexture>
                <bordersize>1.25,1.77,2.5,3.54</bordersize>
                <aspectratio>stretch</aspectratio>
            </control>
            <control type="label">
                <description>header label</description>
                <posx>35.40</posx>
                <posy>100</posy>
                <width>1203.60</width>
                <height>37.50</height>
                <font>special16</font>
                <label>$LOCALIZE[1036]</label>
                <align>center</align>
                <aligny>center</aligny>
                <textcolor>white</textcolor>
                <shadowcolor>black</shadowcolor>
            </control>
            <control type="button" id="451">
                <description>favourites script</description>
                <posx>-35.40</posx>
                <posy>-25</posy>
                <width>1.77</width>
                <height>1.25</height>
                <label>-</label>
                <font>-</font>
                <texturenofocus>-</texturenofocus>
                <texturefocus>-</texturefocus>
                <onfocus>RunScript(script.favourites)</onfocus>
                <onfocus>SetFocus(450)</onfocus>
                <onup>450</onup>
                <onleft>450</onleft>
                <onright>450</onright>
                <ondown>450</ondown>
            </control>
            <control type="label" id="2">
                <description>number of files text label</description>
                <posx>1230.15</posx>
                <posy>593.75</posy>
                <height>25</height>
                <width>265.50</width>
                <label>$INFO[Container(450).NumItems] - $LOCALIZE[31167]</label>
                <align>right</align>
                <font>font15</font>
                <textcolor>white</textcolor>
                <shadowcolor>black</shadowcolor>
            </control>
            <control type="list" id="450">
                <description>List</description>
                <posx>56</posx>
                <posy>162.50</posy>
                <width>566.40</width>
                <height>393.75</height>
                <onleft>64</onleft>
                <onright>415</onright>
                <onup>450</onup>
                <ondown>450</ondown>
                <pagecontrol>64</pagecontrol>
                <scrolltime tween="sine" easing="inout">200</scrolltime>
                <wraparound>yes</wraparound>
                <itemlayout height="43.75">
                    <control type="label">
                        <posx>8.85</posx>
                        <posy>10</posy>
                        <width>531</width>
                        <height>31.25</height>
                        <font>font18</font>
                        <textcolor>white</textcolor>
                        <shadowcolor>black</shadowcolor>
                        <include>selectedcolor</include>
                        <info>ListItem.Label</info>
                    </control>
                </itemlayout>
                <focusedlayout height="43.75">
                    <control type="image">
                        <posx>0</posx>
                        <posy>0</posy>
                        <width>548.70</width>
                        <height>43.75</height>
                        <texture>button3.png</texture>
                        <colordiffuse>99ffffff</colordiffuse>
                        <visible>Control.HasFocus(450)</visible>
                        <include>List Scroll35</include>
                    </control>
                    <control type="label">
                        <posx>8.85</posx>
                        <posy>10</posy>
                        <width>531</width>
                        <height>31.25</height>
                        <font>font18</font>
                        <textcolor>white</textcolor>
                        <shadowcolor>black</shadowcolor>
                        <include>selectedcolor</include>
                        <scroll>true</scroll>
                        <info>ListItem.Label</info>
                    </control>
                </focusedlayout>
                <content>
                    <item id="1">
                        <label>$INFO[Window(0).Property(favourite.1.name)]</label>
                        <icon>$INFO[Window(0).Property(favourite.1.thumb)]</icon>
                        <onclick>Skin.SetString($INFO[Skin.String(Menu_Sub_Custom_Favourites_Path)],$INFO[Window(0).Property(favourite.1.path)])</onclick>
                        <onclick>Skin.SetString($INFO[Skin.String(Menu_Sub_Custom_Favourites_Name)],$INFO[Window(0).Property(favourite.1.Name)])</onclick>
                        <onclick>Dialog.Close(1114)</onclick>
                        <visible>!IsEmpty(Window(0).Property(favourite.1.name))</visible>
                    </item>
                    <item id="2">
                        <label>$INFO[Window(0).Property(favourite.2.name)]</label>
                        <icon>$INFO[Window(0).Property(favourite.2.thumb)]</icon>
                        <onclick>Skin.SetString($INFO[Skin.String(Menu_Sub_Custom_Favourites_Path)],$INFO[Window(0).Property(favourite.2.path)])</onclick>
                        <onclick>Skin.SetString($INFO[Skin.String(Menu_Sub_Custom_Favourites_Name)],$INFO[Window(0).Property(favourite.2.Name)])</onclick>
                        <onclick>Dialog.Close(1114)</onclick>
                        <visible>!IsEmpty(Window(0).Property(favourite.2.name))</visible>
                    </item>
                    <item id="3">
                        <label>$INFO[Window(0).Property(favourite.3.name)]</label>
                        <icon>$INFO[Window(0).Property(favourite.3.thumb)]</icon>
                        <onclick>Skin.SetString($INFO[Skin.String(Menu_Sub_Custom_Favourites_Path)],$INFO[Window(0).Property(favourite.3.path)])</onclick>
                        <onclick>Skin.SetString($INFO[Skin.String(Menu_Sub_Custom_Favourites_Name)],$INFO[Window(0).Property(favourite.3.Name)])</onclick>
                        <onclick>Dialog.Close(1114)</onclick>
                        <visible>!IsEmpty(Window(0).Property(favourite.3.name))</visible>
                    </item>
                    <item id="4">
                        <label>$INFO[Window(0).Property(favourite.4.name)]</label>
                        <icon>$INFO[Window(0).Property(favourite.4.thumb)]</icon>
                        <onclick>Skin.SetString($INFO[Skin.String(Menu_Sub_Custom_Favourites_Path)],$INFO[Window(0).Property(favourite.4.path)])</onclick>
                        <onclick>Skin.SetString($INFO[Skin.String(Menu_Sub_Custom_Favourites_Name)],$INFO[Window(0).Property(favourite.4.Name)])</onclick>
                        <onclick>Dialog.Close(1114)</onclick>
                        <visible>!IsEmpty(Window(0).Property(favourite.4.name))</visible>
                    </item>
                    <item id="5">
                        <label>$INFO[Window(0).Property(favourite.5.name)]</label>
                        <icon>$INFO[Window(0).Property(favourite.5.thumb)]</icon>
                        <onclick>Skin.SetString($INFO[Skin.String(Menu_Sub_Custom_Favourites_Path)],$INFO[Window(0).Property(favourite.5.path)])</onclick>
                        <onclick>Skin.SetString($INFO[Skin.String(Menu_Sub_Custom_Favourites_Name)],$INFO[Window(0).Property(favourite.5.Name)])</onclick>
                        <onclick>Dialog.Close(1114)</onclick>
                        <visible>!IsEmpty(Window(0).Property(favourite.5.name))</visible>
                    </item>
                    <item id="6">
                        <label>$INFO[Window(0).Property(favourite.6.name)]</label>
                        <icon>$INFO[Window(0).Property(favourite.6.thumb)]</icon>
                        <onclick>Skin.SetString($INFO[Skin.String(Menu_Sub_Custom_Favourites_Path)],$INFO[Window(0).Property(favourite.6.path)])</onclick>
                        <onclick>Skin.SetString($INFO[Skin.String(Menu_Sub_Custom_Favourites_Name)],$INFO[Window(0).Property(favourite.6.Name)])</onclick>
                        <onclick>Dialog.Close(1114)</onclick>
                        <visible>!IsEmpty(Window(0).Property(favourite.6.name))</visible>
                    </item>
                    <item id="7">
                        <label>$INFO[Window(0).Property(favourite.7.name)]</label>
                        <icon>$INFO[Window(0).Property(favourite.7.thumb)]</icon>
                        <onclick>Skin.SetString($INFO[Skin.String(Menu_Sub_Custom_Favourites_Path)],$INFO[Window(0).Property(favourite.7.path)])</onclick>
                        <onclick>Skin.SetString($INFO[Skin.String(Menu_Sub_Custom_Favourites_Name)],$INFO[Window(0).Property(favourite.7.Name)])</onclick>
                        <onclick>Dialog.Close(1114)</onclick>
                        <visible>!IsEmpty(Window(0).Property(favourite.7.name))</visible>
                    </item>
                    <item id="8">
                        <label>$INFO[Window(0).Property(favourite.8.name)]</label>
                        <icon>$INFO[Window(0).Property(favourite.8.thumb)]</icon>
                        <onclick>Skin.SetString($INFO[Skin.String(Menu_Sub_Custom_Favourites_Path)],$INFO[Window(0).Property(favourite.8.path)])</onclick>
                        <onclick>Skin.SetString($INFO[Skin.String(Menu_Sub_Custom_Favourites_Name)],$INFO[Window(0).Property(favourite.8.Name)])</onclick>
                        <onclick>Dialog.Close(1114)</onclick>
                        <visible>!IsEmpty(Window(0).Property(favourite.8.name))</visible>
                    </item>
                    <item id="9">
                        <label>$INFO[Window(0).Property(favourite.9.name)]</label>
                        <icon>$INFO[Window(0).Property(favourite.9.thumb)]</icon>
                        <onclick>Skin.SetString($INFO[Skin.String(Menu_Sub_Custom_Favourites_Path)],$INFO[Window(0).Property(favourite.9.path)])</onclick>
                        <onclick>Skin.SetString($INFO[Skin.String(Menu_Sub_Custom_Favourites_Name)],$INFO[Window(0).Property(favourite.9.Name)])</onclick>
                        <onclick>Dialog.Close(1114)</onclick>
                        <visible>!IsEmpty(Window(0).Property(favourite.9.name))</visible>
                    </item>
                    <item id="10">
                        <label>$INFO[Window(0).Property(favourite.10.name)]</label>
                        <icon>$INFO[Window(0).Property(favourite.10.thumb)]</icon>
                        <onclick>Skin.SetString($INFO[Skin.String(Menu_Sub_Custom_Favourites_Path)],$INFO[Window(0).Property(favourite.10.path)])</onclick>
                        <onclick>Skin.SetString($INFO[Skin.String(Menu_Sub_Custom_Favourites_Name)],$INFO[Window(0).Property(favourite.10.Name)])</onclick>
                        <onclick>Dialog.Close(1114)</onclick>
                        <visible>!IsEmpty(Window(0).Property(favourite.10.name))</visible>
                    </item>
                    <item id="11">
                        <label>$INFO[Window(0).Property(favourite.11.name)]</label>
                        <icon>$INFO[Window(0).Property(favourite.11.thumb)]</icon>
                        <onclick>Skin.SetString($INFO[Skin.String(Menu_Sub_Custom_Favourites_Path)],$INFO[Window(0).Property(favourite.11.path)])</onclick>
                        <onclick>Skin.SetString($INFO[Skin.String(Menu_Sub_Custom_Favourites_Name)],$INFO[Window(0).Property(favourite.11.Name)])</onclick>
                        <onclick>Dialog.Close(1114)</onclick>
                        <visible>!IsEmpty(Window(0).Property(favourite.11.name))</visible>
                    </item>
                    <item id="12">
                        <label>$INFO[Window(0).Property(favourite.12.name)]</label>
                        <icon>$INFO[Window(0).Property(favourite.12.thumb)]</icon>
                        <onclick>Skin.SetString($INFO[Skin.String(Menu_Sub_Custom_Favourites_Path)],$INFO[Window(0).Property(favourite.12.path)])</onclick>
                        <onclick>Skin.SetString($INFO[Skin.String(Menu_Sub_Custom_Favourites_Name)],$INFO[Window(0).Property(favourite.12.Name)])</onclick>
                        <onclick>Dialog.Close(1114)</onclick>
                        <visible>!IsEmpty(Window(0).Property(favourite.12.name))</visible>
                    </item>
                    <item id="13">
                        <label>$INFO[Window(0).Property(favourite.13.name)]</label>
                        <icon>$INFO[Window(0).Property(favourite.13.thumb)]</icon>
                        <onclick>Skin.SetString($INFO[Skin.String(Menu_Sub_Custom_Favourites_Path)],$INFO[Window(0).Property(favourite.13.path)])</onclick>
                        <onclick>Skin.SetString($INFO[Skin.String(Menu_Sub_Custom_Favourites_Name)],$INFO[Window(0).Property(favourite.13.Name)])</onclick>
                        <onclick>Dialog.Close(1114)</onclick>
                        <visible>!IsEmpty(Window(0).Property(favourite.13.name))</visible>
                    </item>
                    <item id="14">
                        <label>$INFO[Window(0).Property(favourite.14.name)]</label>
                        <icon>$INFO[Window(0).Property(favourite.14.thumb)]</icon>
                        <onclick>Skin.SetString($INFO[Skin.String(Menu_Sub_Custom_Favourites_Path)],$INFO[Window(0).Property(favourite.14.path)])</onclick>
                        <onclick>Skin.SetString($INFO[Skin.String(Menu_Sub_Custom_Favourites_Name)],$INFO[Window(0).Property(favourite.14.Name)])</onclick>
                        <onclick>Dialog.Close(1114)</onclick>
                        <visible>!IsEmpty(Window(0).Property(favourite.14.name))</visible>
                    </item>
                    <item id="15">
                        <label>$INFO[Window(0).Property(favourite.15.name)]</label>
                        <icon>$INFO[Window(0).Property(favourite.15.thumb)]</icon>
                        <onclick>Skin.SetString($INFO[Skin.String(Menu_Sub_Custom_Favourites_Path)],$INFO[Window(0).Property(favourite.15.path)])</onclick>
                        <onclick>Skin.SetString($INFO[Skin.String(Menu_Sub_Custom_Favourites_Name)],$INFO[Window(0).Property(favourite.15.Name)])</onclick>
                        <onclick>Dialog.Close(1114)</onclick>
                        <visible>!IsEmpty(Window(0).Property(favourite.15.name))</visible>
                    </item>
                    <item id="16">
                        <label>$INFO[Window(0).Property(favourite.16.name)]</label>
                        <icon>$INFO[Window(0).Property(favourite.16.thumb)]</icon>
                        <onclick>Skin.SetString($INFO[Skin.String(Menu_Sub_Custom_Favourites_Path)],$INFO[Window(0).Property(favourite.16.path)])</onclick>
                        <onclick>Skin.SetString($INFO[Skin.String(Menu_Sub_Custom_Favourites_Name)],$INFO[Window(0).Property(favourite.16.Name)])</onclick>
                        <onclick>Dialog.Close(1114)</onclick>
                        <visible>!IsEmpty(Window(0).Property(favourite.16.name))</visible>
                    </item>
                    <item id="17">
                        <label>$INFO[Window(0).Property(favourite.17.name)]</label>
                        <icon>$INFO[Window(0).Property(favourite.17.thumb)]</icon>
                        <onclick>Skin.SetString($INFO[Skin.String(Menu_Sub_Custom_Favourites_Path)],$INFO[Window(0).Property(favourite.17.path)])</onclick>
                        <onclick>Skin.SetString($INFO[Skin.String(Menu_Sub_Custom_Favourites_Name)],$INFO[Window(0).Property(favourite.17.Name)])</onclick>
                        <onclick>Dialog.Close(1114)</onclick>
                        <visible>!IsEmpty(Window(0).Property(favourite.17.name))</visible>
                    </item>
                    <item id="18">
                        <label>$INFO[Window(0).Property(favourite.18.name)]</label>
                        <icon>$INFO[Window(0).Property(favourite.18.thumb)]</icon>
                        <onclick>Skin.SetString($INFO[Skin.String(Menu_Sub_Custom_Favourites_Path)],$INFO[Window(0).Property(favourite.18.path)])</onclick>
                        <onclick>Skin.SetString($INFO[Skin.String(Menu_Sub_Custom_Favourites_Name)],$INFO[Window(0).Property(favourite.18.Name)])</onclick>
                        <onclick>Dialog.Close(1114)</onclick>
                        <visible>!IsEmpty(Window(0).Property(favourite.18.name))</visible>
                    </item>
                    <item id="19">
                        <label>$INFO[Window(0).Property(favourite.19.name)]</label>
                        <icon>$INFO[Window(0).Property(favourite.19.thumb)]</icon>
                        <onclick>Skin.SetString($INFO[Skin.String(Menu_Sub_Custom_Favourites_Path)],$INFO[Window(0).Property(favourite.19.path)])</onclick>
                        <onclick>Skin.SetString($INFO[Skin.String(Menu_Sub_Custom_Favourites_Name)],$INFO[Window(0).Property(favourite.19.Name)])</onclick>
                        <onclick>Dialog.Close(1114)</onclick>
                        <visible>!IsEmpty(Window(0).Property(favourite.19.name))</visible>
                    </item>
                    <item id="20">
                        <label>$INFO[Window(0).Property(favourite.20.name)]</label>
                        <icon>$INFO[Window(0).Property(favourite.20.thumb)]</icon>
                        <onclick>Skin.SetString($INFO[Skin.String(Menu_Sub_Custom_Favourites_Path)],$INFO[Window(0).Property(favourite.20.path)])</onclick>
                        <onclick>Skin.SetString($INFO[Skin.String(Menu_Sub_Custom_Favourites_Name)],$INFO[Window(0).Property(favourite.20.Name)])</onclick>
                        <onclick>Dialog.Close(1114)</onclick>
                        <visible>!IsEmpty(Window(0).Property(favourite.20.name))</visible>
                    </item>
                    <item id="21">
                        <label>$INFO[Window(0).Property(favourite.21.name)]</label>
                        <icon>$INFO[Window(0).Property(favourite.21.thumb)]</icon>
                        <onclick>Skin.SetString($INFO[Skin.String(Menu_Sub_Custom_Favourites_Path)],$INFO[Window(0).Property(favourite.21.path)])</onclick>
                        <onclick>Skin.SetString($INFO[Skin.String(Menu_Sub_Custom_Favourites_Name)],$INFO[Window(0).Property(favourite.21.Name)])</onclick>
                        <onclick>Dialog.Close(1114)</onclick>
                        <visible>!IsEmpty(Window(0).Property(favourite.21.name))</visible>
                    </item>
                    <item id="22">
                        <label>$INFO[Window(0).Property(favourite.22.name)]</label>
                        <icon>$INFO[Window(0).Property(favourite.22.thumb)]</icon>
                        <onclick>Skin.SetString($INFO[Skin.String(Menu_Sub_Custom_Favourites_Path)],$INFO[Window(0).Property(favourite.22.path)])</onclick>
                        <onclick>Skin.SetString($INFO[Skin.String(Menu_Sub_Custom_Favourites_Name)],$INFO[Window(0).Property(favourite.22.Name)])</onclick>
                        <onclick>Dialog.Close(1114)</onclick>
                        <visible>!IsEmpty(Window(0).Property(favourite.22.name))</visible>
                    </item>
                    <item id="23">
                        <label>$INFO[Window(0).Property(favourite.23.name)]</label>
                        <icon>$INFO[Window(0).Property(favourite.23.thumb)]</icon>
                        <onclick>Skin.SetString($INFO[Skin.String(Menu_Sub_Custom_Favourites_Path)],$INFO[Window(0).Property(favourite.23.path)])</onclick>
                        <onclick>Skin.SetString($INFO[Skin.String(Menu_Sub_Custom_Favourites_Name)],$INFO[Window(0).Property(favourite.23.Name)])</onclick>
                        <onclick>Dialog.Close(1114)</onclick>
                        <visible>!IsEmpty(Window(0).Property(favourite.23.name))</visible>
                    </item>
                    <item id="24">
                        <label>$INFO[Window(0).Property(favourite.24.name)]</label>
                        <icon>$INFO[Window(0).Property(favourite.24.thumb)]</icon>
                        <onclick>Skin.SetString($INFO[Skin.String(Menu_Sub_Custom_Favourites_Path)],$INFO[Window(0).Property(favourite.24.path)])</onclick>
                        <onclick>Skin.SetString($INFO[Skin.String(Menu_Sub_Custom_Favourites_Name)],$INFO[Window(0).Property(favourite.24.Name)])</onclick>
                        <onclick>Dialog.Close(1114)</onclick>
                        <visible>!IsEmpty(Window(0).Property(favourite.24.name))</visible>
                    </item>
                    <item id="25">
                        <label>$INFO[Window(0).Property(favourite.25.name)]</label>
                        <icon>$INFO[Window(0).Property(favourite.25.thumb)]</icon>
                        <onclick>Skin.SetString($INFO[Skin.String(Menu_Sub_Custom_Favourites_Path)],$INFO[Window(0).Property(favourite.25.path)])</onclick>
                        <onclick>Skin.SetString($INFO[Skin.String(Menu_Sub_Custom_Favourites_Name)],$INFO[Window(0).Property(favourite.25.Name)])</onclick>
                        <onclick>Dialog.Close(1114)</onclick>
                        <visible>!IsEmpty(Window(0).Property(favourite.25.name))</visible>
                    </item>
                    <item id="26">
                        <label>$INFO[Window(0).Property(favourite.26.name)]</label>
                        <icon>$INFO[Window(0).Property(favourite.26.thumb)]</icon>
                        <onclick>Skin.SetString($INFO[Skin.String(Menu_Sub_Custom_Favourites_Path)],$INFO[Window(0).Property(favourite.26.path)])</onclick>
                        <onclick>Skin.SetString($INFO[Skin.String(Menu_Sub_Custom_Favourites_Name)],$INFO[Window(0).Property(favourite.26.Name)])</onclick>
                        <onclick>Dialog.Close(1114)</onclick>
                        <visible>!IsEmpty(Window(0).Property(favourite.26.name))</visible>
                    </item>
                    <item id="27">
                        <label>$INFO[Window(0).Property(favourite.27.name)]</label>
                        <icon>$INFO[Window(0).Property(favourite.27.thumb)]</icon>
                        <onclick>Skin.SetString($INFO[Skin.String(Menu_Sub_Custom_Favourites_Path)],$INFO[Window(0).Property(favourite.27.path)])</onclick>
                        <onclick>Skin.SetString($INFO[Skin.String(Menu_Sub_Custom_Favourites_Name)],$INFO[Window(0).Property(favourite.27.Name)])</onclick>
                        <onclick>Dialog.Close(1114)</onclick>
                        <visible>!IsEmpty(Window(0).Property(favourite.27.name))</visible>
                    </item>
                    <item id="28">
                        <label>$INFO[Window(0).Property(favourite.28.name)]</label>
                        <icon>$INFO[Window(0).Property(favourite.28.thumb)]</icon>
                        <onclick>Skin.SetString($INFO[Skin.String(Menu_Sub_Custom_Favourites_Path)],$INFO[Window(0).Property(favourite.28.path)])</onclick>
                        <onclick>Skin.SetString($INFO[Skin.String(Menu_Sub_Custom_Favourites_Name)],$INFO[Window(0).Property(favourite.28.Name)])</onclick>
                        <onclick>Dialog.Close(1114)</onclick>
                        <visible>!IsEmpty(Window(0).Property(favourite.28.name))</visible>
                    </item>
                    <item id="29">
                        <label>$INFO[Window(0).Property(favourite.29.name)]</label>
                        <icon>$INFO[Window(0).Property(favourite.29.thumb)]</icon>
                        <onclick>Skin.SetString($INFO[Skin.String(Menu_Sub_Custom_Favourites_Path)],$INFO[Window(0).Property(favourite.29.path)])</onclick>
                        <onclick>Skin.SetString($INFO[Skin.String(Menu_Sub_Custom_Favourites_Name)],$INFO[Window(0).Property(favourite.29.Name)])</onclick>
                        <onclick>Dialog.Close(1114)</onclick>
                        <visible>!IsEmpty(Window(0).Property(favourite.29.name))</visible>
                    </item>
                    <item id="30">
                        <label>$INFO[Window(0).Property(favourite.30.name)]</label>
                        <icon>$INFO[Window(0).Property(favourite.30.thumb)]</icon>
                        <onclick>Skin.SetString($INFO[Skin.String(Menu_Sub_Custom_Favourites_Path)],$INFO[Window(0).Property(favourite.30.path)])</onclick>
                        <onclick>Skin.SetString($INFO[Skin.String(Menu_Sub_Custom_Favourites_Name)],$INFO[Window(0).Property(favourite.30.Name)])</onclick>
                        <onclick>Dialog.Close(1114)</onclick>
                        <visible>!IsEmpty(Window(0).Property(favourite.30.name))</visible>
                    </item>
                    <item id="31">
                        <label>$INFO[Window(0).Property(favourite.31.name)]</label>
                        <icon>$INFO[Window(0).Property(favourite.31.thumb)]</icon>
                        <onclick>Skin.SetString($INFO[Skin.String(Menu_Sub_Custom_Favourites_Path)],$INFO[Window(0).Property(favourite.31.path)])</onclick>
                        <onclick>Skin.SetString($INFO[Skin.String(Menu_Sub_Custom_Favourites_Name)],$INFO[Window(0).Property(favourite.31.Name)])</onclick>
                        <onclick>Dialog.Close(1114)</onclick>
                        <visible>!IsEmpty(Window(0).Property(favourite.31.name))</visible>
                    </item>
                    <item id="32">
                        <label>$INFO[Window(0).Property(favourite.32.name)]</label>
                        <icon>$INFO[Window(0).Property(favourite.32.thumb)]</icon>
                        <onclick>Skin.SetString($INFO[Skin.String(Menu_Sub_Custom_Favourites_Path)],$INFO[Window(0).Property(favourite.32.path)])</onclick>
                        <onclick>Skin.SetString($INFO[Skin.String(Menu_Sub_Custom_Favourites_Name)],$INFO[Window(0).Property(favourite.32.Name)])</onclick>
                        <onclick>Dialog.Close(1114)</onclick>
                        <visible>!IsEmpty(Window(0).Property(favourite.32.name))</visible>
                    </item>
                    <item id="33">
                        <label>$INFO[Window(0).Property(favourite.33.name)]</label>
                        <icon>$INFO[Window(0).Property(favourite.33.thumb)]</icon>
                        <onclick>Skin.SetString($INFO[Skin.String(Menu_Sub_Custom_Favourites_Path)],$INFO[Window(0).Property(favourite.33.path)])</onclick>
                        <onclick>Skin.SetString($INFO[Skin.String(Menu_Sub_Custom_Favourites_Name)],$INFO[Window(0).Property(favourite.33.Name)])</onclick>
                        <onclick>Dialog.Close(1114)</onclick>
                        <visible>!IsEmpty(Window(0).Property(favourite.33.name))</visible>
                    </item>
                    <item id="34">
                        <label>$INFO[Window(0).Property(favourite.34.name)]</label>
                        <icon>$INFO[Window(0).Property(favourite.34.thumb)]</icon>
                        <onclick>Skin.SetString($INFO[Skin.String(Menu_Sub_Custom_Favourites_Path)],$INFO[Window(0).Property(favourite.34.path)])</onclick>
                        <onclick>Skin.SetString($INFO[Skin.String(Menu_Sub_Custom_Favourites_Name)],$INFO[Window(0).Property(favourite.34.Name)])</onclick>
                        <onclick>Dialog.Close(1114)</onclick>
                        <visible>!IsEmpty(Window(0).Property(favourite.34.name))</visible>
                    </item>
                    <item id="35">
                        <label>$INFO[Window(0).Property(favourite.35.name)]</label>
                        <icon>$INFO[Window(0).Property(favourite.35.thumb)]</icon>
                        <onclick>Skin.SetString($INFO[Skin.String(Menu_Sub_Custom_Favourites_Path)],$INFO[Window(0).Property(favourite.35.path)])</onclick>
                        <onclick>Skin.SetString($INFO[Skin.String(Menu_Sub_Custom_Favourites_Name)],$INFO[Window(0).Property(favourite.35.Name)])</onclick>
                        <onclick>Dialog.Close(1114)</onclick>
                        <visible>!IsEmpty(Window(0).Property(favourite.35.name))</visible>
                    </item>
                    <item id="36">
                        <label>$INFO[Window(0).Property(favourite.36.name)]</label>
                        <icon>$INFO[Window(0).Property(favourite.36.thumb)]</icon>
                        <onclick>Skin.SetString($INFO[Skin.String(Menu_Sub_Custom_Favourites_Path)],$INFO[Window(0).Property(favourite.36.path)])</onclick>
                        <onclick>Skin.SetString($INFO[Skin.String(Menu_Sub_Custom_Favourites_Name)],$INFO[Window(0).Property(favourite.36.Name)])</onclick>
                        <onclick>Dialog.Close(1114)</onclick>
                        <visible>!IsEmpty(Window(0).Property(favourite.36.name))</visible>
                    </item>
                    <item id="37">
                        <label>$INFO[Window(0).Property(favourite.37.name)]</label>
                        <icon>$INFO[Window(0).Property(favourite.37.thumb)]</icon>
                        <onclick>Skin.SetString($INFO[Skin.String(Menu_Sub_Custom_Favourites_Path)],$INFO[Window(0).Property(favourite.37.path)])</onclick>
                        <onclick>Skin.SetString($INFO[Skin.String(Menu_Sub_Custom_Favourites_Name)],$INFO[Window(0).Property(favourite.37.Name)])</onclick>
                        <onclick>Dialog.Close(1114)</onclick>
                        <visible>!IsEmpty(Window(0).Property(favourite.37.name))</visible>
                    </item>
                    <item id="38">
                        <label>$INFO[Window(0).Property(favourite.38.name)]</label>
                        <icon>$INFO[Window(0).Property(favourite.38.thumb)]</icon>
                        <onclick>Skin.SetString($INFO[Skin.String(Menu_Sub_Custom_Favourites_Path)],$INFO[Window(0).Property(favourite.38.path)])</onclick>
                        <onclick>Skin.SetString($INFO[Skin.String(Menu_Sub_Custom_Favourites_Name)],$INFO[Window(0).Property(favourite.38.Name)])</onclick>
                        <onclick>Dialog.Close(1114)</onclick>
                        <visible>!IsEmpty(Window(0).Property(favourite.38.name))</visible>
                    </item>
                    <item id="39">
                        <label>$INFO[Window(0).Property(favourite.39.name)]</label>
                        <icon>$INFO[Window(0).Property(favourite.39.thumb)]</icon>
                        <onclick>Skin.SetString($INFO[Skin.String(Menu_Sub_Custom_Favourites_Path)],$INFO[Window(0).Property(favourite.39.path)])</onclick>
                        <onclick>Skin.SetString($INFO[Skin.String(Menu_Sub_Custom_Favourites_Name)],$INFO[Window(0).Property(favourite.39.Name)])</onclick>
                        <onclick>Dialog.Close(1114)</onclick>
                        <visible>!IsEmpty(Window(0).Property(favourite.39.name))</visible>
                    </item>
                    <item id="40">
                        <label>$INFO[Window(0).Property(favourite.40.name)]</label>
                        <icon>$INFO[Window(0).Property(favourite.40.thumb)]</icon>
                        <onclick>Skin.SetString($INFO[Skin.String(Menu_Sub_Custom_Favourites_Path)],$INFO[Window(0).Property(favourite.40.path)])</onclick>
                        <onclick>Skin.SetString($INFO[Skin.String(Menu_Sub_Custom_Favourites_Name)],$INFO[Window(0).Property(favourite.40.Name)])</onclick>
                        <onclick>Dialog.Close(1114)</onclick>
                        <visible>!IsEmpty(Window(0).Property(favourite.40.name))</visible>
                    </item>
                    <item id="41">
                        <label>$INFO[Window(0).Property(favourite.41.name)]</label>
                        <icon>$INFO[Window(0).Property(favourite.41.thumb)]</icon>
                        <onclick>Skin.SetString($INFO[Skin.String(Menu_Sub_Custom_Favourites_Path)],$INFO[Window(0).Property(favourite.41.path)])</onclick>
                        <onclick>Skin.SetString($INFO[Skin.String(Menu_Sub_Custom_Favourites_Name)],$INFO[Window(0).Property(favourite.41.Name)])</onclick>
                        <onclick>Dialog.Close(1114)</onclick>
                        <visible>!IsEmpty(Window(0).Property(favourite.41.name))</visible>
                    </item>
                    <item id="42">
                        <label>$INFO[Window(0).Property(favourite.42.name)]</label>
                        <icon>$INFO[Window(0).Property(favourite.42.thumb)]</icon>
                        <onclick>Skin.SetString($INFO[Skin.String(Menu_Sub_Custom_Favourites_Path)],$INFO[Window(0).Property(favourite.42.path)])</onclick>
                        <onclick>Skin.SetString($INFO[Skin.String(Menu_Sub_Custom_Favourites_Name)],$INFO[Window(0).Property(favourite.42.Name)])</onclick>
                        <onclick>Dialog.Close(1114)</onclick>
                        <visible>!IsEmpty(Window(0).Property(favourite.42.name))</visible>
                    </item>
                    <item id="43">
                        <label>$INFO[Window(0).Property(favourite.43.name)]</label>
                        <icon>$INFO[Window(0).Property(favourite.43.thumb)]</icon>
                        <onclick>Skin.SetString($INFO[Skin.String(Menu_Sub_Custom_Favourites_Path)],$INFO[Window(0).Property(favourite.43.path)])</onclick>
                        <onclick>Skin.SetString($INFO[Skin.String(Menu_Sub_Custom_Favourites_Name)],$INFO[Window(0).Property(favourite.43.Name)])</onclick>
                        <onclick>Dialog.Close(1114)</onclick>
                        <visible>!IsEmpty(Window(0).Property(favourite.43.name))</visible>
                    </item>
                    <item id="44">
                        <label>$INFO[Window(0).Property(favourite.44.name)]</label>
                        <icon>$INFO[Window(0).Property(favourite.44.thumb)]</icon>
                        <onclick>Skin.SetString($INFO[Skin.String(Menu_Sub_Custom_Favourites_Path)],$INFO[Window(0).Property(favourite.44.path)])</onclick>
                        <onclick>Skin.SetString($INFO[Skin.String(Menu_Sub_Custom_Favourites_Name)],$INFO[Window(0).Property(favourite.44.Name)])</onclick>
                        <onclick>Dialog.Close(1114)</onclick>
                        <visible>!IsEmpty(Window(0).Property(favourite.44.name))</visible>
                    </item>
                    <item id="45">
                        <label>$INFO[Window(0).Property(favourite.45.name)]</label>
                        <icon>$INFO[Window(0).Property(favourite.45.thumb)]</icon>
                        <onclick>Skin.SetString($INFO[Skin.String(Menu_Sub_Custom_Favourites_Path)],$INFO[Window(0).Property(favourite.45.path)])</onclick>
                        <onclick>Skin.SetString($INFO[Skin.String(Menu_Sub_Custom_Favourites_Name)],$INFO[Window(0).Property(favourite.45.Name)])</onclick>
                        <onclick>Dialog.Close(1114)</onclick>
                        <visible>!IsEmpty(Window(0).Property(favourite.45.name))</visible>
                    </item>
                    <item id="46">
                        <label>$INFO[Window(0).Property(favourite.46.name)]</label>
                        <icon>$INFO[Window(0).Property(favourite.46.thumb)]</icon>
                        <onclick>Skin.SetString($INFO[Skin.String(Menu_Sub_Custom_Favourites_Path)],$INFO[Window(0).Property(favourite.46.path)])</onclick>
                        <onclick>Skin.SetString($INFO[Skin.String(Menu_Sub_Custom_Favourites_Name)],$INFO[Window(0).Property(favourite.46.Name)])</onclick>
                        <onclick>Dialog.Close(1114)</onclick>
                        <visible>!IsEmpty(Window(0).Property(favourite.46.name))</visible>
                    </item>
                    <item id="47">
                        <label>$INFO[Window(0).Property(favourite.47.name)]</label>
                        <icon>$INFO[Window(0).Property(favourite.47.thumb)]</icon>
                        <onclick>Skin.SetString($INFO[Skin.String(Menu_Sub_Custom_Favourites_Path)],$INFO[Window(0).Property(favourite.47.path)])</onclick>
                        <onclick>Skin.SetString($INFO[Skin.String(Menu_Sub_Custom_Favourites_Name)],$INFO[Window(0).Property(favourite.47.Name)])</onclick>
                        <onclick>Dialog.Close(1114)</onclick>
                        <visible>!IsEmpty(Window(0).Property(favourite.47.name))</visible>
                    </item>
                    <item id="48">
                        <label>$INFO[Window(0).Property(favourite.48.name)]</label>
                        <icon>$INFO[Window(0).Property(favourite.48.thumb)]</icon>
                        <onclick>Skin.SetString($INFO[Skin.String(Menu_Sub_Custom_Favourites_Path)],$INFO[Window(0).Property(favourite.48.path)])</onclick>
                        <onclick>Skin.SetString($INFO[Skin.String(Menu_Sub_Custom_Favourites_Name)],$INFO[Window(0).Property(favourite.48.Name)])</onclick>
                        <onclick>Dialog.Close(1114)</onclick>
                        <visible>!IsEmpty(Window(0).Property(favourite.48.name))</visible>
                    </item>
                    <item id="49">
                        <label>$INFO[Window(0).Property(favourite.49.name)]</label>
                        <icon>$INFO[Window(0).Property(favourite.49.thumb)]</icon>
                        <onclick>Skin.SetString($INFO[Skin.String(Menu_Sub_Custom_Favourites_Path)],$INFO[Window(0).Property(favourite.49.path)])</onclick>
                        <onclick>Skin.SetString($INFO[Skin.String(Menu_Sub_Custom_Favourites_Name)],$INFO[Window(0).Property(favourite.49.Name)])</onclick>
                        <onclick>Dialog.Close(1114)</onclick>
                        <visible>!IsEmpty(Window(0).Property(favourite.49.name))</visible>
                    </item>
                    <item id="50">
                        <label>$INFO[Window(0).Property(favourite.50.name)]</label>
                        <icon>$INFO[Window(0).Property(favourite.50.thumb)]</icon>
                        <onclick>Skin.SetString($INFO[Skin.String(Menu_Sub_Custom_Favourites_Path)],$INFO[Window(0).Property(favourite.50.path)])</onclick>
                        <onclick>Skin.SetString($INFO[Skin.String(Menu_Sub_Custom_Favourites_Name)],$INFO[Window(0).Property(favourite.50.Name)])</onclick>
                        <onclick>Dialog.Close(1114)</onclick>
                        <visible>!IsEmpty(Window(0).Property(favourite.50.name))</visible>
                    </item>
                    <item id="51">
                        <label>$INFO[Window(0).Property(favourite.51.name)]</label>
                        <icon>$INFO[Window(0).Property(favourite.51.thumb)]</icon>
                        <onclick>Skin.SetString($INFO[Skin.String(Menu_Sub_Custom_Favourites_Path)],$INFO[Window(0).Property(favourite.51.path)])</onclick>
                        <onclick>Skin.SetString($INFO[Skin.String(Menu_Sub_Custom_Favourites_Name)],$INFO[Window(0).Property(favourite.51.Name)])</onclick>
                        <onclick>Dialog.Close(1114)</onclick>
                        <visible>!IsEmpty(Window(0).Property(favourite.51.name))</visible>
                    </item>
                    <item id="52">
                        <label>$INFO[Window(0).Property(favourite.52.name)]</label>
                        <icon>$INFO[Window(0).Property(favourite.52.thumb)]</icon>
                        <onclick>Skin.SetString($INFO[Skin.String(Menu_Sub_Custom_Favourites_Path)],$INFO[Window(0).Property(favourite.52.path)])</onclick>
                        <onclick>Skin.SetString($INFO[Skin.String(Menu_Sub_Custom_Favourites_Name)],$INFO[Window(0).Property(favourite.52.Name)])</onclick>
                        <onclick>Dialog.Close(1114)</onclick>
                        <visible>!IsEmpty(Window(0).Property(favourite.52.name))</visible>
                    </item>
                    <item id="53">
                        <label>$INFO[Window(0).Property(favourite.53.name)]</label>
                        <icon>$INFO[Window(0).Property(favourite.53.thumb)]</icon>
                        <onclick>Skin.SetString($INFO[Skin.String(Menu_Sub_Custom_Favourites_Path)],$INFO[Window(0).Property(favourite.53.path)])</onclick>
                        <onclick>Skin.SetString($INFO[Skin.String(Menu_Sub_Custom_Favourites_Name)],$INFO[Window(0).Property(favourite.53.Name)])</onclick>
                        <onclick>Dialog.Close(1114)</onclick>
                        <visible>!IsEmpty(Window(0).Property(favourite.53.name))</visible>
                    </item>
                    <item id="54">
                        <label>$INFO[Window(0).Property(favourite.54.name)]</label>
                        <icon>$INFO[Window(0).Property(favourite.54.thumb)]</icon>
                        <onclick>Skin.SetString($INFO[Skin.String(Menu_Sub_Custom_Favourites_Path)],$INFO[Window(0).Property(favourite.54.path)])</onclick>
                        <onclick>Skin.SetString($INFO[Skin.String(Menu_Sub_Custom_Favourites_Name)],$INFO[Window(0).Property(favourite.54.Name)])</onclick>
                        <onclick>Dialog.Close(1114)</onclick>
                        <visible>!IsEmpty(Window(0).Property(favourite.54.name))</visible>
                    </item>
                    <item id="55">
                        <label>$INFO[Window(0).Property(favourite.55.name)]</label>
                        <icon>$INFO[Window(0).Property(favourite.55.thumb)]</icon>
                        <onclick>Skin.SetString($INFO[Skin.String(Menu_Sub_Custom_Favourites_Path)],$INFO[Window(0).Property(favourite.55.path)])</onclick>
                        <onclick>Skin.SetString($INFO[Skin.String(Menu_Sub_Custom_Favourites_Name)],$INFO[Window(0).Property(favourite.55.Name)])</onclick>
                        <onclick>Dialog.Close(1114)</onclick>
                        <visible>!IsEmpty(Window(0).Property(favourite.55.name))</visible>
                    </item>
                    <item id="56">
                        <label>$INFO[Window(0).Property(favourite.56.name)]</label>
                        <icon>$INFO[Window(0).Property(favourite.56.thumb)]</icon>
                        <onclick>Skin.SetString($INFO[Skin.String(Menu_Sub_Custom_Favourites_Path)],$INFO[Window(0).Property(favourite.56.path)])</onclick>
                        <onclick>Skin.SetString($INFO[Skin.String(Menu_Sub_Custom_Favourites_Name)],$INFO[Window(0).Property(favourite.56.Name)])</onclick>
                        <onclick>Dialog.Close(1114)</onclick>
                        <visible>!IsEmpty(Window(0).Property(favourite.56.name))</visible>
                    </item>
                    <item id="57">
                        <label>$INFO[Window(0).Property(favourite.57.name)]</label>
                        <icon>$INFO[Window(0).Property(favourite.57.thumb)]</icon>
                        <onclick>Skin.SetString($INFO[Skin.String(Menu_Sub_Custom_Favourites_Path)],$INFO[Window(0).Property(favourite.57.path)])</onclick>
                        <onclick>Skin.SetString($INFO[Skin.String(Menu_Sub_Custom_Favourites_Name)],$INFO[Window(0).Property(favourite.57.Name)])</onclick>
                        <onclick>Dialog.Close(1114)</onclick>
                        <visible>!IsEmpty(Window(0).Property(favourite.57.name))</visible>
                    </item>
                </content>
            </control>
            <control type="scrollbar" id="64">
                <posx>32</posx>
                <posy>162.50</posy>
                <height>393.75</height>
                <width>16</width>
                <texturesliderbackground border="0,17.70,0,17.70">scrollbar-back.png</texturesliderbackground>
                <texturesliderbar border="0,17.70,0,17.70">scrollbar-front-nofocus.png</texturesliderbar>
                <texturesliderbarfocus border="0,17.70,0,17.70">scrollbar-front-focus.png</texturesliderbarfocus>
                <onleft>450</onleft>
                <onright>450</onright>
                <onup>450</onup>
                <ondown>450</ondown>
                <showonepage>false</showonepage>
                <orientation>vertical</orientation>
            </control>
            <control type="image">
                <description>list item icon</description>
                <posx>654.90</posx>
                <posy>162.50</posy>
                <width>531</width>
                <height>394</height>
                <texture fallback="special://skin/icon.png">$INFO[Container(450).ListItem.Icon]</texture>
                <aspectratio align="right">keep</aspectratio>
                <visible>Control.IsVisible(450)</visible>
            </control>
        </control>
    </controls>
</window>