<?xml version="1.0" encoding="utf-8"?>
<includes>
    <default type="image">
        <texture />
        <description>default image</description>
        <posx>0</posx>
        <posy>0</posy>
        <colorkey>0</colorkey>
        <colordiffuse>white</colordiffuse>
    </default>
    <default type="label">
        <posx>141.60</posx>
        <posy>75</posy>
        <label>-</label>
        <font>font13</font>
        <textcolor>white</textcolor>
        <shadowcolor>black</shadowcolor>
    </default>
    <default type="spinbutton">
        <description>default spinbutton</description>
        <posx>531</posx>
        <posy>250</posy>
        <width>38.94</width>
        <height>55</height>
        <texturedownfocus>spinbutton4.png</texturedownfocus>
        <textureupfocus>spinbutton3.png</textureupfocus>
        <texturefocus>spinbutton2.png</texturefocus>
        <texturenofocus>spinbutton1.png</texturenofocus>
        <keepaspectratio>true</keepaspectratio>
        <font>font13</font>
        <textcolor>white</textcolor>
        <shadowcolor>black</shadowcolor>
        <colordiffuse>white</colordiffuse>
        <disabledcolor>disabled</disabledcolor>
    </default>
    <default type="button">
        <description>default button</description>
        <posx>531</posx>
        <posy>250</posy>
        <width>265.50</width>
        <height>43.75</height>
        <texturefocus>button-focus.png</texturefocus>
        <texturenofocus>button-nofocus.png</texturenofocus>
        <keepaspectratio>true</keepaspectratio>
        <font>font13</font>
        <textcolor>white</textcolor>
        <shadowcolor>black</shadowcolor>
        <colordiffuse>white</colordiffuse>
        <disabledcolor>disabled</disabledcolor>
        <textoffsetx>0</textoffsetx>
        <aligny>center</aligny>
    </default>
    <default type="buttonM">
        <description>default buttonm</description>
        <posx>761.10</posx>
        <posy>575</posy>
        <width>212.40</width>
        <height>43.75</height>
        <texturefocus>button-powerdown.png</texturefocus>
        <texturenofocus>button-powerdownNF.png</texturenofocus>
        <label>-</label>
        <bitmaps>2</bitmaps>
        <font>font14</font>
        <textcolor>white</textcolor>
        <shadowcolor>black</shadowcolor>
        <colordiffuse>white</colordiffuse>
        <disabledcolor>disabled</disabledcolor>
    </default>
    <default type="togglebutton">
        <description>default togglebutton</description>
        <posx>322.14</posx>
        <posy>368.75</posy>
        <width>28</width>
        <height>28</height>
        <aligny>center</aligny>
        <texturefocus>scroll-up-focus.png</texturefocus>
        <texturenofocus>toggle-up.png</texturenofocus>
        <alttexturefocus>scroll-down-focus.png</alttexturefocus>
        <alttexturenofocus>toggle-down.png</alttexturenofocus>
        <keepaspectratio>true</keepaspectratio>
        <label>-</label>
        <font>font13</font>
        <textcolor>white</textcolor>
        <shadowcolor>black</shadowcolor>
        <colordiffuse>white</colordiffuse>
        <disabledcolor>disabled</disabledcolor>
    </default>
    <default type="fadelabel">
        <description>default fadelabel</description>
        <posx>97.35</posx>
        <posy>662.50</posy>
        <width>180</width>
        <align>left</align>
        <font>font13</font>
        <textcolor>white</textcolor>
        <shadowcolor>black</shadowcolor>
    </default>
    <default type="textbox">
        <posx>220</posx>
        <posy>220</posy>
        <width>410</width>
        <height>215</height>
        <textcolor>white</textcolor>
        <shadowcolor>black</shadowcolor>
        <font>font13</font>
    </default>
    <default type="progress">
        <posx>100</posx>
        <posy>325</posy>
        <texturebg border="10,0,10,0">Progress-Back.png</texturebg>
        <lefttexture>-</lefttexture>
        <midtexture border="10,0,10,0">Progress-Mid.png</midtexture>
        <overlaytexture />
        <colordiffuse>DDFFFFFF</colordiffuse>
    </default>
    <default type="spincontrol">
        <description>default spin control</description>
        <posx>584.10</posx>
        <posy>157.50</posy>
        <textureup>scroll-up.png</textureup>
        <texturedown>scroll-down.png</texturedown>
        <textureupfocus>scroll-up-focus.png</textureupfocus>
        <texturedownfocus>scroll-down-focus.png</texturedownfocus>
        <align>right</align>
        <width>26.55</width>
        <height>25</height>
        <font>font14</font>
        <reverse>yes</reverse>
        <textcolor>white</textcolor>
        <shadowcolor>black</shadowcolor>
        <disabledcolor>disabled</disabledcolor>
        <subtype>text</subtype>
        <textoffsetx>-8.85</textoffsetx>
        <textoffsety>0</textoffsety>
    </default>
    <default type="spincontrolex">
        <description>default spincontrolex</description>
        <posx>938.10</posx>
        <posy>265.50</posy>
        <width>531</width>
        <height>41.25</height>
        <spinwidth>26.55</spinwidth>
        <spinheight>25</spinheight>
        <texturefocus>list-focus.png</texturefocus>
        <texturenofocus>-</texturenofocus>
        <textureup>scroll-up.png</textureup>
        <texturedown>scroll-down.png</texturedown>
        <textureupfocus>scroll-up-focus.png</textureupfocus>
        <texturedownfocus>scroll-down-focus.png</texturedownfocus>
        <font>font13</font>
        <textcolor>white</textcolor>
        <shadowcolor>black</shadowcolor>
        <colordiffuse>white</colordiffuse>
        <disabledcolor>disabled</disabledcolor>
        <textoffsetx>17</textoffsetx>
        <aligny>center</aligny>
        <reverse>yes</reverse>
    </default>
    <default type="checkmark">
        <description>default checkmark</description>
        <posx>368.16</posx>
        <posy>1297.50</posy>
        <textcolor>white</textcolor>
        <shadowcolor>black</shadowcolor>
        <disabledcolor>disabled</disabledcolor>
        <font>font13</font>
        <label>167</label>
        <texturecheckmark>radiobutton-big-focus.png</texturecheckmark>
        <texturecheckmarknofocus>radiobutton-big-nofocus.png</texturecheckmarknofocus>
        <keepaspectratio>true</keepaspectratio>
        <markwidth>28</markwidth>
        <markheight>28</markheight>
        <align>left</align>
        <shadow>no</shadow>
        <animation effect="fade" time="200">VisibleChange</animation>
    </default>
    <default type="radiobutton">
        <posx>88.50</posx>
        <posy>335</posy>
        <width>265.50</width>
        <height>43.75</height>
        <radiowidth>28</radiowidth>
        <radioheight>28</radioheight>
        <textureradioon>radiobutton-big-focus.png</textureradioon>
        <textureradiooff>radiobutton-big-nofocus.png</textureradiooff>
        <texturefocus>button-focus.png</texturefocus>
        <texturenofocus>button-nofocus.png</texturenofocus>
        <keepaspectratio>true</keepaspectratio>
        <label>215</label>
        <font>font13</font>
        <textcolor>white</textcolor>
        <shadowcolor>black</shadowcolor>
        <colordiffuse>white</colordiffuse>
        <disabledcolor>disabled</disabledcolor>
        <aligny>center</aligny>
        <textoffsetx>30.09</textoffsetx>
        <animation effect="fade" time="200">VisibleChange</animation>
    </default>
    <default type="selectbutton">
        <description>default select button</description>
        <posx>106.20</posx>
        <posy>240</posy>
        <width>265.50</width>
        <height>43.75</height>
        <label>132</label>
        <font>font13</font>
        <texturefocus>button-focus.png</texturefocus>
        <texturenofocus>button-nofocus.png</texturenofocus>
        <texturebg>button-focus.png</texturebg>
        <textureleft>select-left.gif</textureleft>
        <textureleftfocus>select-left-focus.png</textureleftfocus>
        <textureright>select-right.gif</textureright>
        <texturerightfocus>select-right-focus.png</texturerightfocus>
        <keepaspectratio>true</keepaspectratio>
        <font>font13</font>
        <textcolor>white</textcolor>
        <shadowcolor>black</shadowcolor>
        <disabledcolor>disabled</disabledcolor>
        <onleft>50</onleft>
        <onright>50</onright>
        <onup>3</onup>
        <ondown>7</ondown>
        <textoffsetx>30.09</textoffsetx>
        <aligny>center</aligny>
    </default>
    <default type="slider">
        <description>default slider control</description>
        <controloffsetx>132.75</controloffsetx>
        <controloffsety>0</controloffsety>
    </default>
    <default type="sliderex">
        <texturenofocus />
        <posx>0</posx>
        <width>530</width>
        <height>40</height>
        <texturefocus>input-focus.png</texturefocus>
        <sliderwidth>130</sliderwidth>
        <sliderheight>15</sliderheight>
        <textoffsetx>15</textoffsetx>
        <texturesliderbar>osd_slider_bg.png</texturesliderbar>
        <textureslidernib>osd_slider_nibnf.png</textureslidernib>
        <textureslidernibfocus>osd_slider_nibfo.png</textureslidernibfocus>
        <font>font12</font>
        <textcolor>white</textcolor>
        <shadowcolor>black</shadowcolor>
        <disabledcolor>grey</disabledcolor>
        <align>left</align>
        <aligny>center</aligny>
        <colordiffuse>DDffffff</colordiffuse>
    </default>
    <default type="mover">
        <description>default mover control</description>
        <posx>106.20</posx>
        <posy>240</posy>
        <texturefocus>-</texturefocus>
        <texturenofocus>-</texturenofocus>
    </default>
    <default type="resize">
        <description>default resize control</description>
        <posx>106.20</posx>
        <posy>240</posy>
        <texturefocus>-</texturefocus>
        <texturenofocus>-</texturenofocus>
    </default>
    <default type="edit">
        <posx>761.10</posx>
        <posy>575</posy>
        <width>300</width>
        <height>43.75</height>
        <texturefocus>button-powerdown.png</texturefocus>
        <texturenofocus>button-powerdownNF.png</texturenofocus>
        <label>-</label>
        <bitmaps>2</bitmaps>
        <font>font14</font>
        <textcolor>white</textcolor>
        <shadowcolor>black</shadowcolor>
        <colordiffuse>white</colordiffuse>
        <disabledcolor>disabled</disabledcolor>
        <textoffsetx>7</textoffsetx>
        <aligny>center</aligny>
    </default>
</includes>