<?xml version="1.0" encoding="utf-8"?>
<window id="113">
    <defaultcontrol>901</defaultcontrol>
    <coordinates>
        <system>1</system>
    </coordinates>
    <controls>
        <control type="label">
            <description>Mute Label</description>
            <posx>1225</posx>
            <posy>15</posy>
            <width>124</width>
            <height>19</height>
            <label>31134</label>
            <font>Heading-S</font>
            <textcolor>white</textcolor>
            <shadowcolor>black</shadowcolor>
            <align>right</align>
            <aligny>center</aligny>
        </control>
    </controls>
</window>