<?xml version="1.0" encoding="utf-8"?>
<window id="129">
    <defaultcontrol>10</defaultcontrol>
    <coordinates>
        <system>1</system>
        <posx>267</posx>
        <posy>188</posy>
    </coordinates>
    <animation effect="fade" time="400">WindowOpen</animation>
    <animation effect="fade" time="400">WindowClose</animation>
    <controls>
        <control type="group">
            <animation effect="slide" time="600" start="0,720" end="0,0" condition="!Skin.HasSetting(animated)">WindowOpen</animation>
            <animation effect="slide" time="600" start="0,0" end="0,720" condition="!Skin.HasSetting(animated)">WindowClose</animation>
            <control type="image">
                <description>background image</description>
                <posx>-2</posx>
                <posy>-12</posy>
                <width>750</width>
                <height>444</height>
                <texture diffuse="mask menu.png">background2.png</texture>
                <colordiffuse>ffffffff</colordiffuse>
            </control>
            <control type="label" id="2">
                <description>Heading Label</description>
                <posx>-2</posx>
                <posy>2</posy>
                <width>750</width>
                <align>center</align>
                <font>font14-caps</font>
                <textcolor>lightblue</textcolor>
                <label>-</label>
            </control>
            <control type="label" id="0">
                <description>path label</description>
                <posx>18</posx>
                <posy>44</posy>
                <width>747</width>
                <align>left</align>
                <font>font12</font>
                <label>1021</label>
            </control>
            <control type="list" id="10">
                <viewtype label="535">list</viewtype>
                <posx>18</posx>
                <posy>75</posy>
                <width>569</width>
                <height>190</height>
                <onleft>11</onleft>
                <onright>11</onright>
                <onup>12</onup>
                <ondown>12</ondown>
                <pagecontrol>90</pagecontrol>
                <itemlayout height="38">
                    <control type="image">
                        <posx>0</posx>
                        <posy>0</posy>
                        <width>569</width>
                        <height>36</height>
                        <texture>input-nofocus.png</texture>
                    </control>
                    <control type="label">
                        <posx>9</posx>
                        <posy>0</posy>
                        <width>551</width>
                        <height>36</height>
                        <font>font12</font>
                        <aligny>center</aligny>
                        <textcolor>grey</textcolor>
                        <include>selectedcolor</include>
                        <info>ListItem.Label</info>
                    </control>
                </itemlayout>
                <focusedlayout height="38">
                    <control type="image">
                        <posx>0</posx>
                        <posy>0</posy>
                        <width>569</width>
                        <height>36</height>
                        <texture>input-focus.png</texture>
                    </control>
                    <control type="label">
                        <posx>9</posx>
                        <posy>0</posy>
                        <width>551</width>
                        <height>36</height>
                        <font>font12</font>
                        <aligny>center</aligny>
                        <textcolor>white</textcolor>
                        <shadowcolor>black</shadowcolor>
                        <include>selectedcolor</include>
                        <scroll>true</scroll>
                        <info>ListItem.Label</info>
                    </control>
                </focusedlayout>
            </control>
            <control type="group">
                <control type="button" id="11">
                    <description>Browse Button</description>
                    <posx>604</posx>
                    <posy>75</posy>
                    <width>124</width>
                    <height>38</height>
                    <font>font12</font>
                    <align>center</align>
                    <aligny>center</aligny>
                    <textcolor>lightgrey</textcolor>
                    <textoffsetx>12</textoffsetx>
                    <label>1024</label>
                    <texturenofocus>button-nofocus.png</texturenofocus>
                    <texturefocus>button-focus.png</texturefocus>
                    <onup>18</onup>
                    <onleft>10</onleft>
                    <onright>10</onright>
                    <ondown>13</ondown>
                </control>
                <control type="button" id="13">
                    <description>Add Path Button</description>
                    <posx>604</posx>
                    <posy>119</posy>
                    <width>124</width>
                    <height>38</height>
                    <font>font12</font>
                    <textcolor>lightgrey</textcolor>
                    <textoffsetx>12</textoffsetx>
                    <label>15019</label>
                    <align>center</align>
                    <aligny>center</aligny>
                    <texturenofocus>button-nofocus.png</texturenofocus>
                    <texturefocus>button-focus.png</texturefocus>
                    <onup>11</onup>
                    <onleft>10</onleft>
                    <onright>10</onright>
                    <ondown>14</ondown>
                </control>
                <control type="button" id="14">
                    <description>Remove Path Button</description>
                    <posx>604</posx>
                    <posy>162</posy>
                    <width>124</width>
                    <height>38</height>
                    <font>font12</font>
                    <textcolor>lightgrey</textcolor>
                    <textoffsetx>12</textoffsetx>
                    <label>1210</label>
                    <align>center</align>
                    <aligny>center</aligny>
                    <texturenofocus>button-nofocus.png</texturenofocus>
                    <texturefocus>button-focus.png</texturefocus>
                    <onup>13</onup>
                    <onleft>10</onleft>
                    <onright>10</onright>
                    <ondown>12</ondown>
                </control>
            </control>
            <control type="label" id="0">
                <description>Name Label</description>
                <posx>18</posx>
                <posy>277</posy>
                <width>356</width>
                <font>font12</font>
                <label>1022</label>
            </control>
            <control type="button" id="12">
                <description>Name Button</description>
                <posx>18</posx>
                <posy>306</posy>
                <width>711</width>
                <height>39</height>
                <font>font12</font>
                <textcolor>lightgrey</textcolor>
                <textoffsetx>12</textoffsetx>
                <textwidth>380</textwidth>
                <aligny>center</aligny>
                <texturefocus>input-focus.png</texturefocus>
                <texturenofocus>-</texturenofocus>
                <label>-</label>
                <onup>14</onup>
                <onleft>12</onleft>
                <onright>12</onright>
                <ondown>18</ondown>
            </control>
            <control type="button" id="18">
                <description>Ok Button</description>
                <posx>18</posx>
                <posy>356</posy>
                <width>350</width>
                <height>39</height>
                <font>font12</font>
                <textcolor>lightgrey</textcolor>
                <textoffsetx>12</textoffsetx>
                <align>center</align>
                <aligny>center</aligny>
                <texturefocus>button-focus.png</texturefocus>
                <texturenofocus>button-nofocus.png</texturenofocus>
                <label>186</label>
                <onup>12</onup>
                <onleft>19</onleft>
                <onright>19</onright>
                <ondown>19</ondown>
            </control>
            <control type="button" id="19">
                <description>Cancel Button</description>
                <posx>379</posx>
                <posy>356</posy>
                <width>350</width>
                <height>39</height>
                <font>font12</font>
                <textcolor>lightgrey</textcolor>
                <textoffsetx>12</textoffsetx>
                <align>center</align>
                <aligny>center</aligny>
                <texturefocus>button-focus.png</texturefocus>
                <texturenofocus>button-nofocus.png</texturenofocus>
                <label>222</label>
                <onup>12</onup>
                <onleft>18</onleft>
                <onright>18</onright>
                <ondown>10</ondown>
            </control>
        </control>
        <control type="image">
            <description>background image</description>
            <posx>-9</posx>
            <posy>-12</posy>
            <width>756</width>
            <height>444</height>
            <texture>Plot panel.png</texture>
            <visible>Window.IsActive(103)</visible>
        </control>
    </controls>
</window>