<?xml version="1.0" encoding="utf-8"?>
<window>
    <defaultcontrol always="true">3</defaultcontrol>
    <zorder>1</zorder>
    <include>dialog-effect</include>
    <controls>
        <control type="group">
            <animation effect="slide" time="600" start="1155,0" end="0,0" condition="!Skin.HasSetting(animated)">WindowOpen</animation>
            <animation effect="slide" time="600" start="0,0" end="1297,0" condition="!Skin.HasSetting(animated)">WindowClose</animation>
            <control type="image">
                <description>background</description>
                <posx>-4</posx>
                <posy>0</posy>
                <width>1291</width>
                <height>722</height>
                <texture>blackgloss.png</texture>
                <aspectratio>stretch</aspectratio>
            </control>
            <control type="image">
                <description>Profile Background</description>
                <posx>27</posx>
                <posy>94</posy>
                <width>1227</width>
                <height>529</height>
                <texture>background2.png</texture>
                <bordertexture>white.png</bordertexture>
                <bordersize>1.25,1.77,2.5,3.54</bordersize>
                <aspectratio>stretch</aspectratio>
            </control>
            <control type="label" id="1">
                <description>header label</description>
                <posx>36</posx>
                <posy>100</posy>
                <width>1244</width>
                <height>38</height>
                <font>special16</font>
                <label>$LOCALIZE[13406]</label>
                <align>left</align>
                <aligny>center</aligny>
                <textcolor>lightblue</textcolor>
                <shadowcolor>black</shadowcolor>
            </control>
            <control type="list" id="3">
                <viewtype label="535">list</viewtype>
                <posx>36</posx>
                <posy>150</posy>
                <width>640</width>
                <height>412</height>
                <onleft>5</onleft>
                <onright>92</onright>
                <onup>3</onup>
                <ondown>3</ondown>
                <pagecontrol>92</pagecontrol>
                <scrolltime tween="sine" easing="inout">200</scrolltime>
                <preloaditems>4</preloaditems>
                <itemlayout height="38">
                    <control type="label">
                        <posx>12</posx>
                        <posy>0</posy>
                        <width>616</width>
                        <height>38</height>
                        <font>font15</font>
                        <aligny>center</aligny>
                        <textcolor>white</textcolor>
                        <selectedcolor>lightblue</selectedcolor>
                        <label>[B]$INFO[ListItem.Label][/B]</label>
                    </control>
                </itemlayout>
                <focusedlayout height="38">
                    <control type="image">
                        <posx>0</posx>
                        <posy>0</posy>
                        <width>640</width>
                        <height>38</height>
                        <texture diffuse="mask wide.png">panel background.png</texture>
                        <colordiffuse>55ffffff</colordiffuse>
                        <visible>Control.HasFocus(3)</visible>
                        <include>List Scroll38</include>
                    </control>
                    <control type="label">
                        <posx>12</posx>
                        <posy>0</posy>
                        <width>616</width>
                        <height>38</height>
                        <font>font15</font>
                        <aligny>center</aligny>
                        <textcolor>white</textcolor>
                        <selectedcolor>lightblue</selectedcolor>
                        <label>[B]$INFO[ListItem.Label][/B]</label>
                        <scroll>true</scroll>
                    </control>
                </focusedlayout>
            </control>
            <control type="list" id="6">
                <viewtype label="535">list</viewtype>
                <posx>36</posx>
                <posy>150</posy>
                <width>640</width>
                <height>412</height>
                <onleft>5</onleft>
                <onright>90</onright>
                <onup>6</onup>
                <ondown>6</ondown>
                <scrolltime tween="sine" easing="inout">200</scrolltime>
                <preloaditems>4</preloaditems>
                <pagecontrol>90</pagecontrol>
                <itemlayout height="82">
                    <control type="label">
                        <posx>10</posx>
                        <posy>16</posy>
                        <width>621</width>
                        <height>25</height>
                        <align>left</align>
                        <aligny>bottom</aligny>
                        <font>font18</font>
                        <textcolor>white</textcolor>
                        <selectedcolor>lightblue</selectedcolor>
                        <label>[B]$INFO[ListItem.Label][/B]</label>
                    </control>
                    <control type="textbox">
                        <posx>10</posx>
                        <posy>41</posy>
                        <width>621</width>
                        <height>25</height>
                        <font>font13</font>
                        <align>left</align>
                        <textcolor>lightgrey</textcolor>
                        <selectedcolor>white</selectedcolor>
                        <label>$INFO[ListItem.Property(Addon.Summary)]</label>
                    </control>
                </itemlayout>
                <focusedlayout height="82">
                    <control type="image">
                        <posx>0</posx>
                        <posy>10</posy>
                        <width>640</width>
                        <height>65</height>
                        <texture diffuse="mask wide.png">panel background.png</texture>
                        <visible>Control.HasFocus(6)</visible>
                        <colordiffuse>55FFFFFF</colordiffuse>
                        <include>List Scroll82</include>
                    </control>
                    <control type="image">
                        <posx>0</posx>
                        <posy>10</posy>
                        <width>640</width>
                        <height>65</height>
                        <texture>mask wide frame.png</texture>
                        <visible>Control.HasFocus(6)</visible>
                        <include>List Scroll82</include>
                    </control>
                    <control type="label">
                        <posx>10</posx>
                        <posy>16</posy>
                        <width>621</width>
                        <height>25</height>
                        <align>left</align>
                        <aligny>bottom</aligny>
                        <font>font18</font>
                        <textcolor>white</textcolor>
                        <selectedcolor>lightblue</selectedcolor>
                        <label>[B]$INFO[ListItem.Label][/B]</label>
                    </control>
                    <control type="textbox">
                        <posx>10</posx>
                        <posy>41</posy>
                        <width>621</width>
                        <height>25</height>
                        <font>font13</font>
                        <align>left</align>
                        <textcolor>lightgrey</textcolor>
                        <selectedcolor>white</selectedcolor>
                        <label>$INFO[ListItem.Property(Addon.Summary)]</label>
                    </control>
                </focusedlayout>
            </control>
            <control type="scrollbar" id="90">
                <posx>686</posx>
                <posy>150</posy>
                <width>18</width>
                <height>412</height>
                <texturesliderbackground border="0,17.70,0,17.70">scrollbar-back.png</texturesliderbackground>
                <texturesliderbar border="0,17.70,0,17.70">scrollbar-front-nofocus.png</texturesliderbar>
                <texturesliderbarfocus border="0,17.70,0,17.70">scrollbar-front-focus.png</texturesliderbarfocus>
                <onleft>6</onleft>
                <onright>5</onright>
                <onup>6</onup>
                <ondown>6</ondown>
                <showonepage>false</showonepage>
                <orientation>vertical</orientation>
                <visible>Control.IsVisible(6)</visible>
                <animation effect="fade" time="200">WindowClose</animation>
            </control>
            <control type="scrollbar" id="92">
                <posx>686</posx>
                <posy>150</posy>
                <width>18</width>
                <height>412</height>
                <texturesliderbackground border="0,17.70,0,17.70">scrollbar-back.png</texturesliderbackground>
                <texturesliderbar border="0,17.70,0,17.70">scrollbar-front-nofocus.png</texturesliderbar>
                <texturesliderbarfocus border="0,17.70,0,17.70">scrollbar-front-focus.png</texturesliderbarfocus>
                <onleft>3</onleft>
                <onright>5</onright>
                <onup>3</onup>
                <ondown>3</ondown>
                <showonepage>false</showonepage>
                <orientation>vertical</orientation>
                <visible>Control.IsVisible(3)</visible>
                <animation effect="fade" time="200">WindowClose</animation>
            </control>
            <control type="image">
                <description>dialog icon</description>
                <posx>824</posx>
                <posy>150</posy>
                <width>412</width>
                <height>412</height>
                <aspectratio align="right">keep</aspectratio>
                <texture fallback="DefaultFile.png">$INFO[Container(6).ListItem.Icon]</texture>
                <bordertexture>grey.png</bordertexture>
                <bordersize>3</bordersize>
                <visible>Control.IsVisible(6)</visible>
            </control>
            <control type="image">
                <description>dialog icon</description>
                <posx>824</posx>
                <posy>150</posy>
                <width>412</width>
                <height>412</height>
                <aspectratio align="right">keep</aspectratio>
                <texture fallback="DefaultFile.png">$INFO[Container(3).ListItem.Icon]</texture>
                <bordertexture>grey.png</bordertexture>
                <bordersize>3</bordersize>
                <visible>Control.IsVisible(3)</visible>
            </control>
            <control type="label">
                <description>number of files/pages in list text label</description>
                <posx>1236</posx>
                <posy>594</posy>
                <height>25</height>
                <width>478</width>
                <align>right</align>
                <font>Music</font>
                <scroll>true</scroll>
                <textcolor>white</textcolor>
                <label>[COLOR=lightblue]($INFO[Container(6).NumItems])[/COLOR] $LOCALIZE[31167] - $LOCALIZE[31160] [COLOR=lightblue]($INFO[Container(6).CurrentPage]/$INFO[Container(6).NumPages])[/COLOR]</label>
                <visible>Control.IsVisible(6)</visible>
            </control>
            <control type="label">
                <description>number of files/pages in list text label</description>
                <posx>1236</posx>
                <posy>594</posy>
                <height>25</height>
                <width>478</width>
                <align>right</align>
                <font>Music</font>
                <scroll>true</scroll>
                <textcolor>white</textcolor>
                <label>($INFO[Container(3).NumItems]) $LOCALIZE[31167] - $LOCALIZE[31160] ($INFO[Container(3).CurrentPage]/$INFO[Container(3).NumPages])</label>
                <visible>Control.IsVisible(3)</visible>
            </control>
            <control type="button" id="5">
                <description>Manual button</description>
                <posx>36</posx>
                <posy>575</posy>
                <height>38</height>
                <width>178</width>
                <align>center</align>
                <texturefocus>button-focus.png</texturefocus>
                <texturenofocus>button-nofocus.png</texturenofocus>
                <textcolor>white</textcolor>
                <shadowcolor>black</shadowcolor>
                <font>font14</font>
                <onleft>3</onleft>
                <onright>3</onright>
                <onup>3</onup>
                <ondown>3</ondown>
            </control>
        </control>
    </controls>
</window>