<?xml version="1.0" encoding="utf-8"?>
<window id="135">
    <defaultcontrol>10</defaultcontrol>
    <allowoverlay>yes</allowoverlay>
    <coordinates>
        <system>1</system>
        <posx>0</posx>
        <posy>0</posy>
    </coordinates>
    <controls>
        <control type="group">
            <animation effect="slide" time="600" start="1155,0" end="0,0" condition="!Skin.HasSetting(animated)">WindowOpen</animation>
            <animation effect="slide" time="600" start="0,0" end="1297,0" condition="!Skin.HasSetting(animated)">WindowClose</animation>
            <control type="image">
                <description>backgorund</description>
                <posx>-4</posx>
                <posy>0</posy>
                <width>1291</width>
                <height>722</height>
                <texture>blackgloss.png</texture>
                <aspectratio>stretch</aspectratio>
            </control>
            <control type="image">
                <description>Album Cover image</description>
                <posx>764</posx>
                <posy>125</posy>
                <width>444</width>
                <height>312</height>
                <aspectratio aligny="bottom">keep</aspectratio>
                <info>ListItem.Icon</info>
                <include>dialog-effect</include>
            </control>
            <control type="image">
                <texture flipy="true" diffuse="Thumb_Mask.png" />
                <description>Cover reflection</description>
                <posx>764</posx>
                <posy>438</posy>
                <width>444</width>
                <height>312</height>
                <aspectratio aligny="top">keep</aspectratio>
                <info>ListItem.Icon</info>
                <include>dialog-effect</include>
            </control>
            <control type="label">
                <description>Song Title value</description>
                <posx>178</posx>
                <posy>162</posy>
                <width>809</width>
                <font>special12</font>
                <scroll>true</scroll>
                <info>ListItem.Title</info>
                <include>dialog-effect</include>
            </control>
            <control type="label">
                <description>Artist Title</description>
                <posx>178</posx>
                <posy>206</posy>
                <width>533</width>
                <font>font12</font>
                <scroll>true</scroll>
                <label>$LOCALIZE[557]:</label>
                <include>dialog-effect</include>
            </control>
            <control type="label">
                <description>Artist value</description>
                <posx>320</posx>
                <posy>206</posy>
                <width>649</width>
                <font>font12</font>
                <info>ListItem.Artist</info>
                <include>dialog-effect</include>
            </control>
            <control type="label">
                <description>Album Title</description>
                <posx>178</posx>
                <posy>238</posy>
                <width>533</width>
                <font>font12</font>
                <label>$LOCALIZE[558]:</label>
                <include>dialog-effect</include>
            </control>
            <control type="label">
                <description>Album value</description>
                <posx>320</posx>
                <posy>238</posy>
                <width>649</width>
                <info>ListItem.Album</info>
                <font>font12</font>
                <scroll>true</scroll>
                <include>dialog-effect</include>
            </control>
            <control type="label">
                <description>Genre</description>
                <posx>178</posx>
                <posy>269</posy>
                <label>$LOCALIZE[515]:</label>
                <font>font12</font>
                <include>dialog-effect</include>
            </control>
            <control type="label">
                <description>Genre value</description>
                <posx>320</posx>
                <posy>269</posy>
                <width>649</width>
                <info>ListItem.Genre</info>
                <font>font12</font>
                <scroll>true</scroll>
                <include>dialog-effect</include>
            </control>
            <control type="label">
                <description>Year</description>
                <posx>178</posx>
                <posy>300</posy>
                <label>$LOCALIZE[562]:</label>
                <font>font12</font>
                <include>dialog-effect</include>
            </control>
            <control type="label">
                <description>year value</description>
                <posx>320</posx>
                <posy>300</posy>
                <width>373</width>
                <info>ListItem.Year</info>
                <font>font12</font>
                <scroll>true</scroll>
                <include>dialog-effect</include>
            </control>
            <control type="label">
                <description>Track Number</description>
                <posx>178</posx>
                <posy>331</posy>
                <label>$LOCALIZE[554]:</label>
                <font>font12</font>
                <include>dialog-effect</include>
            </control>
            <control type="label">
                <description>Track Number value</description>
                <posx>320</posx>
                <posy>331</posy>
                <width>373</width>
                <info>ListItem.TrackNumber</info>
                <font>font12</font>
                <scroll>true</scroll>
                <include>dialog-effect</include>
            </control>
            <control type="label">
                <description>Rating</description>
                <posx>178</posx>
                <posy>362</posy>
                <label>$LOCALIZE[563]:</label>
                <font>font12</font>
                <include>dialog-effect</include>
            </control>
            <control type="image">
                <description>Rating value</description>
                <posx>316</posx>
                <posy>365</posy>
                <width>124</width>
                <height>25</height>
                <info>ListItem.Rating</info>
                <include>dialog-effect</include>
                <aspectratio>keep</aspectratio>
            </control>
            <control type="label">
                <description>Comment</description>
                <posx>178</posx>
                <posy>394</posy>
                <label>$LOCALIZE[569]:</label>
                <font>font12</font>
                <include>dialog-effect</include>
            </control>
            <control type="textbox">
                <description>Comment value</description>
                <posx>320</posx>
                <posy>394</posy>
                <width>373</width>
                <height>125</height>
                <font>font12</font>
                <pagecontrol>999999999</pagecontrol>
                <info>ListItem.Comment</info>
                <include>dialog-effect</include>
            </control>
            <control type="button" id="14">
                <description>Decrease Rating</description>
                <posx>489</posx>
                <posy>369</posy>
                <width>32</width>
                <height>20</height>
                <onclick>DecreaseRating</onclick>
                <texturenofocus>scroll-down.png</texturenofocus>
                <texturefocus>scroll-down-focus.png</texturefocus>
                <onleft>15</onleft>
                <onright>15</onright>
                <ondown>10</ondown>
                <onup>10</onup>
                <include>dialog-effect</include>
            </control>
            <control type="button" id="15">
                <description>Increase Rating</description>
                <posx>524</posx>
                <posy>369</posy>
                <width>32</width>
                <height>20</height>
                <onclick>IncreaseRating</onclick>
                <texturenofocus>scroll-up.png</texturenofocus>
                <texturefocus>scroll-up-focus.png</texturefocus>
                <onleft>14</onleft>
                <onright>14</onright>
                <ondown>10</ondown>
                <onup>10</onup>
                <include>dialog-effect</include>
            </control>
            <control type="button" id="13">
                <description>Get Thumb button</description>
                <posx>36</posx>
                <posy>588</posy>
                <width>293</width>
                <height>44</height>
                <label>13405</label>
                <align>center</align>
                <aligny>center</aligny>
                <textcolor>white</textcolor>
                <shadowcolor>black</shadowcolor>
                <texturenofocus>button-nofocus.png</texturenofocus>
                <texturefocus>button-focus.png</texturefocus>
                <onleft>11</onleft>
                <onright>12</onright>
                <onup>14</onup>
                <ondown>14</ondown>
                <include>dialog-effect</include>
            </control>
            <control type="button" id="12">
                <description>Album Info button</description>
                <posx>338</posx>
                <posy>588</posy>
                <width>293</width>
                <height>44</height>
                <label>10523</label>
                <align>center</align>
                <aligny>center</aligny>
                <textcolor>white</textcolor>
                <shadowcolor>black</shadowcolor>
                <texturenofocus>button-nofocus.png</texturenofocus>
                <texturefocus>button-focus.png</texturefocus>
                <onleft>13</onleft>
                <onright>10</onright>
                <onup>14</onup>
                <ondown>14</ondown>
                <include>dialog-effect</include>
            </control>
            <control type="button" id="10">
                <description>Yes button</description>
                <posx>640</posx>
                <posy>588</posy>
                <width>293</width>
                <height>44</height>
                <label>186</label>
                <align>center</align>
                <aligny>center</aligny>
                <textcolor>white</textcolor>
                <shadowcolor>black</shadowcolor>
                <texturenofocus>button-nofocus.png</texturenofocus>
                <texturefocus>button-focus.png</texturefocus>
                <onleft>12</onleft>
                <onright>11</onright>
                <onup>14</onup>
                <ondown>14</ondown>
                <include>dialog-effect</include>
            </control>
            <control type="button" id="11">
                <description>No button</description>
                <posx>942</posx>
                <posy>588</posy>
                <width>293</width>
                <height>44</height>
                <label>222</label>
                <align>center</align>
                <aligny>center</aligny>
                <textcolor>white</textcolor>
                <shadowcolor>black</shadowcolor>
                <texturenofocus>button-nofocus.png</texturenofocus>
                <texturefocus>button-focus.png</texturefocus>
                <onleft>10</onleft>
                <onright>13</onright>
                <onup>14</onup>
                <ondown>14</ondown>
                <include>dialog-effect</include>
            </control>
            <include>Music-Info</include>
        </control>
    </controls>
</window>