<?xml version="1.0" encoding="utf-8"?>
<window id="115">
    <defaultcontrol>1</defaultcontrol>
    <visible>Player.HasMedia + !Window.IsActive(PlayerControls) + Window.IsActive(FullscreenVideo)</visible>
    <visible>Player.Seeking | Player.DisplayAfterSeek | Player.Paused | Player.Forwarding | Player.Rewinding | Player.ShowInfo | Window.IsActive(VideoOSD)</visible>
    <visible>!Window.IsActive(123)</visible>
    <visible>!Window.IsActive(124)</visible>
    <visible>!Window.IsActive(125)</visible>
    <visible>!Window.IsActive(SubtitleSearch)</visible>
    <visible>![Window.IsVisible(PVROSDChannels) | Window.IsVisible(PVROSDGuide)]</visible>
    <coordinates>
        <system>1</system>
        <posx>0</posx>
        <posy>6.25</posy>
    </coordinates>
    <controls>
        <control type="group" id="1">
            <visible>Player.ShowInfo</visible>
            <control type="image" id="1">
                <description>Seekbar Background Image</description>
                <posx>0</posx>
                <posy>-6.25</posy>
                <width>1280</width>
                <height>93.75</height>
                <visible>!Window.IsVisible(2903)</visible>
                <texture>black.png</texture>
                <visible>!Window.IsActive(VideoOSD)</visible>
            </control>
            <control type="image" id="1">
                <description>Seekbar Background Image</description>
                <posx>0</posx>
                <posy>87.50</posy>
                <width>1280</width>
                <height>33</height>
                <visible>Player.ShowInfo</visible>
                <visible>!Window.IsActive(VideoOSD)</visible>
                <visible>videoplayer.content(episodes)</visible>
                <visible>!Window.IsVisible(2903)</visible>
                <texture>black.png</texture>
            </control>
            <control type="grouplist" id="1">
                <description>Media Codec Flagging Images</description>
                <posx>3</posx>
                <posy>87.50</posy>
                <width>1280</width>
                <height>30</height>
                <itemgap>5</itemgap>
                <orientation>horizontal</orientation>
                <include>OSDFlaggingConditions1</include>
                <align>center</align>
                <aligny>center</aligny>
                <visible>Player.ShowInfo</visible>
                <visible>!Window.IsActive(VideoOSD)</visible>
                <visible>videoplayer.content(episodes)</visible>
                <visible>!Window.IsVisible(2903)</visible>
            </control>
            <control type="image" id="1">
                <description>Seekbar Background Image</description>
                <posx>0</posx>
                <posy>87.50</posy>
                <width>1280</width>
                <height>33</height>
                <visible>Player.ShowInfo</visible>
                <visible>!Window.IsActive(VideoOSD)</visible>
                <visible>!videoplayer.content(episodes)</visible>
                <visible>!IsEmpty(VideoPlayer.Plot)</visible>
                <visible>!Window.IsVisible(2903)</visible>
                <texture>black.png</texture>
            </control>
            <control type="grouplist" id="1">
                <description>Media Codec Flagging Images</description>
                <posx>3</posx>
                <posy>87.50</posy>
                <width>1280</width>
                <height>30</height>
                <itemgap>5</itemgap>
                <orientation>horizontal</orientation>
                <include>OSDFlaggingConditions1</include>
                <align>center</align>
                <aligny>center</aligny>
                <visible>Player.ShowInfo</visible>
                <visible>!Window.IsActive(VideoOSD)</visible>
                <visible>!videoplayer.content(episodes)</visible>
                <visible>!IsEmpty(VideoPlayer.Plot)</visible>
                <visible>!Window.IsVisible(2903)</visible>
            </control>
            <control type="label">
                <description>time Label</description>
                <width>640</width>
                <posx>640</posx>
                <posy>55</posy>
                <height>31.25</height>
                <aligny>center</aligny>
                <label>$LOCALIZE[31231] [COLOR=white]$INFO[System.Time][/COLOR] </label>
                <align>right</align>
                <font>font64-caps</font>
                <textcolor>lightblue</textcolor>
                <shadowcolor>black</shadowcolor>
                <visible>!Window.IsVisible(2903)</visible>
                <visible>!Window.IsActive(VideoOSD)</visible>
                <visible>Player.HasMedia + !Window.IsActive(PlayerControls) + Window.IsActive(FullscreenVideo)</visible>
                <visible>Player.Seeking | Player.DisplayAfterSeek | Player.Paused | Player.Forwarding | Player.Rewinding | Player.ShowInfo</visible>
            </control>
            <control type="label">
                <description>time Label</description>
                <width>640</width>
                <posx>640</posx>
                <posy>55</posy>
                <height>31.25</height>
                <aligny>center</aligny>
                <label>I [COLOR=white]$INFO[Player.FinishTime][/COLOR] $LOCALIZE[31232]</label>
                <align>left</align>
                <font>font64-caps</font>
                <textcolor>lightblue</textcolor>
                <shadowcolor>black</shadowcolor>
                <visible>!Window.IsVisible(2903)</visible>
                <visible>!Window.IsActive(VideoOSD)</visible>
                <visible>Player.HasMedia + !Window.IsActive(PlayerControls) + Window.IsActive(FullscreenVideo)</visible>
                <visible>Player.Seeking | Player.DisplayAfterSeek | Player.Paused | Player.Forwarding | Player.Rewinding | Player.ShowInfo</visible>
            </control>
            <control type="label">
                <description>playing</description>
                <posx>0</posx>
                <posy>9.37</posy>
                <width>1280</width>
                <align>center</align>
                <font>font15-caps</font>
                <label>$LOCALIZE[31038]</label>
                <textcolor>white</textcolor>
                <shadowcolor>black</shadowcolor>
                <visible>!Window.IsActive(VideoOSD)</visible>
                <visible>Player.HasMedia + !Window.IsActive(PlayerControls) + Window.IsActive(FullscreenVideo)</visible>
                <visible>![Player.Paused | Player.Rewinding | Player.Forwarding]</visible>
                <visible>!Window.IsVisible(2903)</visible>
            </control>
            <control type="label">
                <description>paused</description>
                <posx>0</posx>
                <posy>9.37</posy>
                <width>1280</width>
                <align>center</align>
                <font>font15-caps</font>
                <label>$LOCALIZE[31039]</label>
                <textcolor>white</textcolor>
                <shadowcolor>black</shadowcolor>
                <visible>Player.Paused</visible>
                <visible>!Window.IsVisible(2903)</visible>
                <visible>!Window.IsActive(VideoOSD)</visible>
            </control>
            <control type="label">
                <description>rewind 2x</description>
                <posx>0</posx>
                <posy>9.37</posy>
                <width>1280</width>
                <align>center</align>
                <font>font15-caps</font>
                <label>$LOCALIZE[31040]</label>
                <textcolor>white</textcolor>
                <shadowcolor>black</shadowcolor>
                <visible>Player.Rewinding2x</visible>
                <visible>!Window.IsVisible(2903)</visible>
                <visible>!Window.IsActive(VideoOSD)</visible>
            </control>
            <control type="label">
                <description>forward 2x</description>
                <posx>0</posx>
                <posy>9.37</posy>
                <width>1280</width>
                <align>center</align>
                <font>font15-caps</font>
                <label>$LOCALIZE[31041]</label>
                <textcolor>white</textcolor>
                <shadowcolor>black</shadowcolor>
                <visible>Player.Forwarding2x</visible>
                <visible>!Window.IsVisible(2903)</visible>
                <visible>!Window.IsActive(VideoOSD)</visible>
            </control>
            <control type="label">
                <description>rewind 4x</description>
                <posx>0</posx>
                <posy>9.37</posy>
                <width>1280</width>
                <align>center</align>
                <font>font15-caps</font>
                <label>$LOCALIZE[31042]</label>
                <textcolor>white</textcolor>
                <shadowcolor>black</shadowcolor>
                <visible>Player.Rewinding4x</visible>
                <visible>!Window.IsVisible(2903)</visible>
                <visible>!Window.IsActive(VideoOSD)</visible>
            </control>
            <control type="label">
                <description>forward 4x</description>
                <posx>0</posx>
                <posy>9.37</posy>
                <width>1280</width>
                <align>center</align>
                <font>font15-caps</font>
                <label>$LOCALIZE[31043]</label>
                <textcolor>white</textcolor>
                <shadowcolor>black</shadowcolor>
                <visible>Player.Forwarding4x</visible>
                <visible>!Window.IsVisible(2903)</visible>
                <visible>!Window.IsActive(VideoOSD)</visible>
            </control>
            <control type="label">
                <description>rewind 8x</description>
                <posx>0</posx>
                <posy>9.37</posy>
                <width>1280</width>
                <align>center</align>
                <font>font15-caps</font>
                <label>$LOCALIZE[31044]</label>
                <textcolor>white</textcolor>
                <shadowcolor>black</shadowcolor>
                <visible>Player.Rewinding8x</visible>
                <visible>!Window.IsVisible(2903)</visible>
                <visible>!Window.IsActive(VideoOSD)</visible>
            </control>
            <control type="label">
                <description>forward 8x</description>
                <posx>0</posx>
                <posy>9.37</posy>
                <width>1280</width>
                <align>center</align>
                <font>font15-caps</font>
                <label>$LOCALIZE[31045]</label>
                <textcolor>white</textcolor>
                <shadowcolor>black</shadowcolor>
                <visible>Player.Forwarding8x</visible>
                <visible>!Window.IsVisible(2903)</visible>
                <visible>!Window.IsActive(VideoOSD)</visible>
            </control>
            <control type="label">
                <description>rewind 16x</description>
                <posx>0</posx>
                <posy>9.37</posy>
                <width>1280</width>
                <align>center</align>
                <font>font15-caps</font>
                <label>$LOCALIZE[31046]</label>
                <textcolor>white</textcolor>
                <shadowcolor>black</shadowcolor>
                <visible>Player.Rewinding16x</visible>
                <visible>!Window.IsVisible(2903)</visible>
                <visible>!Window.IsActive(VideoOSD)</visible>
            </control>
            <control type="label">
                <description>forward 16x</description>
                <posx>0</posx>
                <posy>9.37</posy>
                <width>1280</width>
                <align>center</align>
                <font>font15-caps</font>
                <label>$LOCALIZE[31047]</label>
                <textcolor>white</textcolor>
                <shadowcolor>black</shadowcolor>
                <visible>Player.Forwarding16x</visible>
                <visible>!Window.IsVisible(2903)</visible>
                <visible>!Window.IsActive(VideoOSD)</visible>
            </control>
            <control type="label">
                <description>rewind 32x</description>
                <posx>0</posx>
                <posy>9.37</posy>
                <width>1280</width>
                <align>center</align>
                <font>font15-caps</font>
                <label>$LOCALIZE[31048]</label>
                <textcolor>white</textcolor>
                <shadowcolor>black</shadowcolor>
                <visible>Player.Rewinding32x</visible>
                <visible>!Window.IsVisible(2903)</visible>
                <visible>!Window.IsActive(VideoOSD)</visible>
            </control>
            <control type="label">
                <description>forward 32x</description>
                <posx>0</posx>
                <posy>9.37</posy>
                <width>1280</width>
                <align>center</align>
                <font>font15-caps</font>
                <label>$LOCALIZE[31049]</label>
                <textcolor>white</textcolor>
                <shadowcolor>black</shadowcolor>
                <visible>Player.Forwarding32x</visible>
                <visible>!Window.IsVisible(2903)</visible>
                <visible>!Window.IsActive(VideoOSD)</visible>
            </control>
            <!-- progressbar dialog -->
            <control type="label">
                <description>Time Info Label</description>
                <width>159.93</width>
                <height>25</height>
                <posx>0</posx>
                <posy>31.25</posy>
                <align>center</align>
                <aligny>center</aligny>
                <label>$INFO[VideoPlayer.Time]</label>
                <font>font15</font>
                <textcolor>white</textcolor>
                <shadowcolor>black</shadowcolor>
                <visible>!Window.IsActive(VideoOSD)</visible>
                <visible>Player.Seeking | Player.DisplayAfterSeek | Player.Paused | Player.Forwarding | Player.Rewinding | Player.ShowInfo</visible>
                <visible>!Window.IsVisible(2903)</visible>
            </control>
            <control type="label">
                <description>Time Info Label</description>
                <width>159.93</width>
                <posx>1119.51</posx>
                <posy>31.25</posy>
                <height>25</height>
                <align>center</align>
                <aligny>center</aligny>
                <label>$INFO[VideoPlayer.Duration]</label>
                <font>font15</font>
                <textcolor>white</textcolor>
                <shadowcolor>black</shadowcolor>
                <visible>!Window.IsActive(VideoOSD)</visible>
                <visible>Player.Seeking | Player.DisplayAfterSeek | Player.Paused | Player.Forwarding | Player.Rewinding | Player.ShowInfo</visible>
                <visible>!Window.IsVisible(2903)</visible>
            </control>
            <control type="progress">
                <description>Progressbar Cache</description>
                <posx>159.93</posx>
                <posy>36.25</posy>
                <width>959.58</width>
                <height>16</height>
                <info>Player.ProgressCache</info>
                <midtexture border="10,0,10,0">ProgressCache.png</midtexture>
                <visible>!Window.IsActive(VideoOSD)</visible>
                <visible>Player.Seeking | Player.DisplayAfterSeek | Player.Paused | Player.Forwarding | Player.Rewinding | Player.ShowInfo</visible>
                <visible>!Window.IsVisible(2903)</visible>
            </control>
            <control type="progress" id="23">
                <description>Progressbar</description>
                <posx>159.93</posx>
                <posy>36.25</posy>
                <width>959.58</width>
                <height>16</height>
                <info>Player.Progress</info>
                <colordiffuse>DDFFFFFF</colordiffuse>
                <visible>!Window.IsActive(VideoOSD)</visible>
                <visible>Player.Seeking | Player.DisplayAfterSeek | Player.Paused | Player.Forwarding | Player.Rewinding | Player.ShowInfo</visible>
                <visible>!Window.IsVisible(2903)</visible>
            </control>
            <control type="progress">
                <description>Player Caching Progress Bar</description>
                <posx>159.93</posx>
                <posy>36.25</posy>
                <width>959.58</width>
                <height>16</height>
                <midtexture border="10,0,10,0">ProgressBuffer.png</midtexture>
                <info>Player.CacheLevel</info>
                <visible>Player.Caching</visible>
                <visible>!Window.IsActive(VideoOSD)</visible>
                <visible>Player.Seeking | Player.DisplayAfterSeek | Player.Paused | Player.Forwarding | Player.Rewinding | Player.ShowInfo</visible>
                <visible>!Window.IsVisible(2903)</visible>
            </control>
            <control type="slider" id="401">
                <description>Seek Slider</description>
                <posx>159.93</posx>
                <posy>36.25</posy>
                <width>959.58</width>
                <height>6.25</height>
                <texturesliderbar>seekslider.png</texturesliderbar>
                <textureslidernib />
                <textureslidernibfocus />
                <colordiffuse>DDFFFFFF</colordiffuse>
                <onup>1</onup>
                <ondown>1</ondown>
                <onleft>1</onleft>
                <onright>1</onright>
                <visible>!Window.IsActive(VideoOSD)</visible>
                <visible>Player.Seeking | Player.DisplayAfterSeek | Player.Paused | Player.Forwarding | Player.Rewinding | Player.ShowInfo</visible>
                <visible>!Window.IsVisible(2903)</visible>
            </control>
        </control>
        <control type="group" id="1">
            <visible>Window.IsActive(VideoOSD)</visible>
            <visible>!Skin.HasSetting(NoTimeLabelsOSD)</visible>
            <control type="image" id="1">
                <description>Seekbar Background Image</description>
                <posx>0</posx>
                <posy>-6.25</posy>
                <width>1280</width>
                <height>93.75</height>
                <visible>!Window.IsVisible(2903)</visible>
                <visible>!Player.ShowInfo</visible>
                <texture>black.png</texture>
            </control>
            <control type="label">
                <description>time Label</description>
                <width>640</width>
                <posx>640</posx>
                <posy>55</posy>
                <height>31.25</height>
                <aligny>center</aligny>
                <label>$LOCALIZE[31231] [COLOR=white]$INFO[System.Time][/COLOR] </label>
                <align>right</align>
                <font>font64-caps</font>
                <textcolor>lightblue</textcolor>
                <shadowcolor>black</shadowcolor>
                <visible>!Window.IsVisible(2903)</visible>
                <visible>!Player.ShowInfo</visible>
                <visible>Player.HasMedia + !Window.IsActive(PlayerControls) + Window.IsActive(FullscreenVideo)</visible>
                <visible>Player.Seeking | Player.DisplayAfterSeek | Player.Paused | Player.Forwarding | Player.Rewinding | Window.IsActive(VideoOSD)</visible>
            </control>
            <control type="label">
                <description>time Label</description>
                <width>640</width>
                <posx>640</posx>
                <posy>55</posy>
                <height>31.25</height>
                <aligny>center</aligny>
                <label>I [COLOR=white]$INFO[Player.FinishTime][/COLOR] $LOCALIZE[31232]</label>
                <align>left</align>
                <font>font64-caps</font>
                <textcolor>lightblue</textcolor>
                <shadowcolor>black</shadowcolor>
                <visible>!Window.IsVisible(2903)</visible>
                <visible>!Player.ShowInfo</visible>
                <visible>Player.HasMedia + !Window.IsActive(PlayerControls) + Window.IsActive(FullscreenVideo)</visible>
                <visible>Player.Seeking | Player.DisplayAfterSeek | Player.Paused | Player.Forwarding | Player.Rewinding | Window.IsActive(VideoOSD)</visible>
            </control>
            <control type="label">
                <description>playing</description>
                <posx>0</posx>
                <posy>9.37</posy>
                <width>1280</width>
                <align>center</align>
                <font>font15-caps</font>
                <label>$LOCALIZE[31038]</label>
                <textcolor>white</textcolor>
                <shadowcolor>black</shadowcolor>
                <visible>!Player.ShowInfo</visible>
                <visible>Player.HasMedia + !Window.IsActive(PlayerControls) + Window.IsActive(FullscreenVideo)</visible>
                <visible>![Player.Paused | Player.Rewinding | Player.Forwarding]</visible>
                <visible>!Window.IsVisible(2903)</visible>
            </control>
            <control type="label">
                <description>paused</description>
                <posx>0</posx>
                <posy>9.37</posy>
                <width>1280</width>
                <align>center</align>
                <font>font15-caps</font>
                <label>$LOCALIZE[31039]</label>
                <textcolor>white</textcolor>
                <shadowcolor>black</shadowcolor>
                <visible>Player.Paused</visible>
                <visible>!Window.IsVisible(2903)</visible>
                <visible>!Player.ShowInfo</visible>
            </control>
            <control type="label">
                <description>rewind 2x</description>
                <posx>0</posx>
                <posy>9.37</posy>
                <width>1280</width>
                <align>center</align>
                <font>font15-caps</font>
                <label>$LOCALIZE[31040]</label>
                <textcolor>white</textcolor>
                <shadowcolor>black</shadowcolor>
                <visible>Player.Rewinding2x</visible>
                <visible>!Window.IsVisible(2903)</visible>
                <visible>!Player.ShowInfo</visible>
            </control>
            <control type="label">
                <description>forward 2x</description>
                <posx>0</posx>
                <posy>9.37</posy>
                <width>1280</width>
                <align>center</align>
                <font>font15-caps</font>
                <label>$LOCALIZE[31041]</label>
                <textcolor>white</textcolor>
                <shadowcolor>black</shadowcolor>
                <visible>Player.Forwarding2x</visible>
                <visible>!Window.IsVisible(2903)</visible>
                <visible>!Player.ShowInfo</visible>
            </control>
            <control type="label">
                <description>rewind 4x</description>
                <posx>0</posx>
                <posy>9.37</posy>
                <width>1280</width>
                <align>center</align>
                <font>font15-caps</font>
                <label>$LOCALIZE[31042]</label>
                <textcolor>white</textcolor>
                <shadowcolor>black</shadowcolor>
                <visible>Player.Rewinding4x</visible>
                <visible>!Window.IsVisible(2903)</visible>
                <visible>!Player.ShowInfo</visible>
            </control>
            <control type="label">
                <description>forward 4x</description>
                <posx>0</posx>
                <posy>9.37</posy>
                <width>1280</width>
                <align>center</align>
                <font>font15-caps</font>
                <label>$LOCALIZE[31043]</label>
                <textcolor>white</textcolor>
                <shadowcolor>black</shadowcolor>
                <visible>Player.Forwarding4x</visible>
                <visible>!Window.IsVisible(2903)</visible>
                <visible>!Player.ShowInfo</visible>
            </control>
            <control type="label">
                <description>rewind 8x</description>
                <posx>0</posx>
                <posy>9.37</posy>
                <width>1280</width>
                <align>center</align>
                <font>font15-caps</font>
                <label>$LOCALIZE[31044]</label>
                <textcolor>white</textcolor>
                <shadowcolor>black</shadowcolor>
                <visible>Player.Rewinding8x</visible>
                <visible>!Window.IsVisible(2903)</visible>
                <visible>!Player.ShowInfo</visible>
            </control>
            <control type="label">
                <description>forward 8x</description>
                <posx>0</posx>
                <posy>9.37</posy>
                <width>1280</width>
                <align>center</align>
                <font>font15-caps</font>
                <label>$LOCALIZE[31045]</label>
                <textcolor>white</textcolor>
                <shadowcolor>black</shadowcolor>
                <visible>Player.Forwarding8x</visible>
                <visible>!Window.IsVisible(2903)</visible>
                <visible>!Player.ShowInfo</visible>
            </control>
            <control type="label">
                <description>rewind 16x</description>
                <posx>0</posx>
                <posy>9.37</posy>
                <width>1280</width>
                <align>center</align>
                <font>font15-caps</font>
                <label>$LOCALIZE[31046]</label>
                <textcolor>white</textcolor>
                <shadowcolor>black</shadowcolor>
                <visible>Player.Rewinding16x</visible>
                <visible>!Window.IsVisible(2903)</visible>
                <visible>!Player.ShowInfo</visible>
            </control>
            <control type="label">
                <description>forward 16x</description>
                <posx>0</posx>
                <posy>9.37</posy>
                <width>1280</width>
                <align>center</align>
                <font>font15-caps</font>
                <label>$LOCALIZE[31047]</label>
                <textcolor>white</textcolor>
                <shadowcolor>black</shadowcolor>
                <visible>Player.Forwarding16x</visible>
                <visible>!Window.IsVisible(2903)</visible>
                <visible>!Player.ShowInfo</visible>
            </control>
            <control type="label">
                <description>rewind 32x</description>
                <posx>0</posx>
                <posy>9.37</posy>
                <width>1280</width>
                <align>center</align>
                <font>font15-caps</font>
                <label>$LOCALIZE[31048]</label>
                <textcolor>white</textcolor>
                <shadowcolor>black</shadowcolor>
                <visible>Player.Rewinding32x</visible>
                <visible>!Window.IsVisible(2903)</visible>
                <visible>!Player.ShowInfo</visible>
            </control>
            <control type="label">
                <description>forward 32x</description>
                <posx>0</posx>
                <posy>9.37</posy>
                <width>1280</width>
                <align>center</align>
                <font>font15-caps</font>
                <label>$LOCALIZE[31049]</label>
                <textcolor>white</textcolor>
                <shadowcolor>black</shadowcolor>
                <visible>Player.Forwarding32x</visible>
                <visible>!Window.IsVisible(2903)</visible>
                <visible>!Player.ShowInfo</visible>
            </control>
            <!-- progressbar dialog -->
            <control type="label">
                <description>Time Info Label</description>
                <width>159.93</width>
                <height>25</height>
                <posx>0</posx>
                <posy>31.25</posy>
                <align>center</align>
                <aligny>center</aligny>
                <label>$INFO[VideoPlayer.Time]</label>
                <font>font15</font>
                <textcolor>white</textcolor>
                <shadowcolor>black</shadowcolor>
                <visible>!Player.ShowInfo</visible>
                <visible>Player.Seeking | Player.DisplayAfterSeek | Player.Paused | Player.Forwarding | Player.Rewinding | Window.IsActive(VideoOSD)</visible>
                <visible>!Window.IsVisible(2903)</visible>
            </control>
            <control type="label">
                <description>Time Info Label</description>
                <width>159.93</width>
                <posx>1119.51</posx>
                <posy>31.25</posy>
                <height>25</height>
                <align>center</align>
                <aligny>center</aligny>
                <label>$INFO[VideoPlayer.Duration]</label>
                <font>font15</font>
                <textcolor>white</textcolor>
                <shadowcolor>black</shadowcolor>
                <visible>!Player.ShowInfo</visible>
                <visible>Player.Seeking | Player.DisplayAfterSeek | Player.Paused | Player.Forwarding | Player.Rewinding | Window.IsActive(VideoOSD) </visible>
                <visible>!Window.IsVisible(2903)</visible>
            </control>
            <control type="progress">
                <description>Progressbar Cache</description>
                <posx>159.93</posx>
                <posy>36.25</posy>
                <width>959.58</width>
                <height>16</height>
                <info>Player.ProgressCache</info>
                <midtexture border="10,0,10,0">ProgressCache.png</midtexture>
                <visible>!Player.ShowInfo</visible>
                <visible>Player.Seeking | Player.DisplayAfterSeek | Player.Paused | Player.Forwarding | Player.Rewinding | Window.IsActive(VideoOSD)</visible>
                <visible>!Window.IsVisible(2903)</visible>
            </control>
            <control type="progress" id="23">
                <description>Progressbar</description>
                <posx>159.93</posx>
                <posy>36.25</posy>
                <width>959.58</width>
                <height>16</height>
                <info>Player.Progress</info>
                <colordiffuse>DDFFFFFF</colordiffuse>
                <visible>!Player.ShowInfo</visible>
                <visible>Player.Seeking | Player.DisplayAfterSeek | Player.Paused | Player.Forwarding | Player.Rewinding | Window.IsActive(VideoOSD)</visible>
                <visible>!Window.IsVisible(2903)</visible>
            </control>
            <control type="progress">
                <description>Player Caching Progress Bar</description>
                <posx>159.93</posx>
                <posy>36.25</posy>
                <width>959.58</width>
                <height>16</height>
                <midtexture border="10,0,10,0">ProgressBuffer.png</midtexture>
                <info>Player.CacheLevel</info>
                <visible>Player.Caching</visible>
                <visible>!Player.ShowInfo</visible>
                <visible>Player.Seeking | Player.DisplayAfterSeek | Player.Paused | Player.Forwarding | Player.Rewinding | Window.IsActive(VideoOSD)</visible>
                <visible>!Window.IsVisible(2903)</visible>
            </control>
            <control type="slider" id="401">
                <description>Seek Slider</description>
                <posx>159.93</posx>
                <posy>36.25</posy>
                <width>959.58</width>
                <height>6.25</height>
                <texturesliderbar>seekslider.png</texturesliderbar>
                <textureslidernib />
                <textureslidernibfocus />
                <colordiffuse>DDFFFFFF</colordiffuse>
                <onup>1</onup>
                <ondown>1</ondown>
                <onleft>1</onleft>
                <onright>1</onright>
                <visible>!Player.ShowInfo</visible>
                <visible>Player.Seeking | Player.DisplayAfterSeek | Player.Paused | Player.Forwarding | Player.Rewinding | Window.IsActive(VideoOSD)</visible>
                <visible>!Window.IsVisible(2903)</visible>
            </control>
        </control>
        <control type="group" id="1">
            <visible>Window.IsActive(VideoOSD) + Player.ShowInfo</visible>
            <visible>!Skin.HasSetting(NoTimeLabelsOSD)</visible>
            <control type="image" id="1">
                <description>Seekbar Background Image</description>
                <posx>0</posx>
                <posy>-6.25</posy>
                <width>1280</width>
                <height>93.75</height>
                <visible>!Window.IsVisible(2903)</visible>
                <visible>Window.IsActive(VideoOSD) + Player.ShowInfo</visible>
                <texture>black.png</texture>
            </control>
            <control type="label">
                <description>time Label</description>
                <width>640</width>
                <posx>640</posx>
                <posy>55</posy>
                <height>31.25</height>
                <aligny>center</aligny>
                <label>$LOCALIZE[31231] [COLOR=white]$INFO[System.Time][/COLOR] </label>
                <align>right</align>
                <font>font64-caps</font>
                <textcolor>lightblue</textcolor>
                <shadowcolor>black</shadowcolor>
                <visible>!Window.IsVisible(2903)</visible>
                <visible>Window.IsActive(VideoOSD) + Player.ShowInfo</visible>
                <visible>Player.HasMedia + !Window.IsActive(PlayerControls) + Window.IsActive(FullscreenVideo)</visible>
                <visible>Player.Seeking | Player.DisplayAfterSeek | Player.Paused | Player.Forwarding | Player.Rewinding | Window.IsActive(VideoOSD)</visible>
            </control>
            <control type="label">
                <description>time Label</description>
                <width>640</width>
                <posx>640</posx>
                <posy>55</posy>
                <height>31.25</height>
                <aligny>center</aligny>
                <label>I [COLOR=white]$INFO[Player.FinishTime][/COLOR] $LOCALIZE[31232]</label>
                <align>left</align>
                <font>font64-caps</font>
                <textcolor>lightblue</textcolor>
                <shadowcolor>black</shadowcolor>
                <visible>!Window.IsVisible(2903)</visible>
                <visible>Window.IsActive(VideoOSD) + Player.ShowInfo</visible>
                <visible>Player.HasMedia + !Window.IsActive(PlayerControls) + Window.IsActive(FullscreenVideo)</visible>
                <visible>Player.Seeking | Player.DisplayAfterSeek | Player.Paused | Player.Forwarding | Player.Rewinding | Window.IsActive(VideoOSD)</visible>
            </control>
            <control type="label">
                <description>playing</description>
                <posx>0</posx>
                <posy>9.37</posy>
                <width>1280</width>
                <align>center</align>
                <font>font15-caps</font>
                <label>$LOCALIZE[31038]</label>
                <textcolor>white</textcolor>
                <shadowcolor>black</shadowcolor>
                <visible>Window.IsActive(VideoOSD) + Player.ShowInfo</visible>
                <visible>Player.HasMedia + !Window.IsActive(PlayerControls) + Window.IsActive(FullscreenVideo)</visible>
                <visible>![Player.Paused | Player.Rewinding | Player.Forwarding]</visible>
                <visible>!Window.IsVisible(2903)</visible>
            </control>
            <control type="label">
                <description>paused</description>
                <posx>0</posx>
                <posy>9.37</posy>
                <width>1280</width>
                <align>center</align>
                <font>font15-caps</font>
                <label>$LOCALIZE[31039]</label>
                <textcolor>white</textcolor>
                <shadowcolor>black</shadowcolor>
                <visible>Player.Paused</visible>
                <visible>!Window.IsVisible(2903)</visible>
                <visible>Window.IsActive(VideoOSD) + Player.ShowInfo</visible>
            </control>
            <control type="label">
                <description>rewind 2x</description>
                <posx>0</posx>
                <posy>9.37</posy>
                <width>1280</width>
                <align>center</align>
                <font>font15-caps</font>
                <label>$LOCALIZE[31040]</label>
                <textcolor>white</textcolor>
                <shadowcolor>black</shadowcolor>
                <visible>Player.Rewinding2x</visible>
                <visible>!Window.IsVisible(2903)</visible>
                <visible>Window.IsActive(VideoOSD) + Player.ShowInfo</visible>
            </control>
            <control type="label">
                <description>forward 2x</description>
                <posx>0</posx>
                <posy>9.37</posy>
                <width>1280</width>
                <align>center</align>
                <font>font15-caps</font>
                <label>$LOCALIZE[31041]</label>
                <textcolor>white</textcolor>
                <shadowcolor>black</shadowcolor>
                <visible>Player.Forwarding2x</visible>
                <visible>!Window.IsVisible(2903)</visible>
                <visible>Window.IsActive(VideoOSD) + Player.ShowInfo</visible>
            </control>
            <control type="label">
                <description>rewind 4x</description>
                <posx>0</posx>
                <posy>9.37</posy>
                <width>1280</width>
                <align>center</align>
                <font>font15-caps</font>
                <label>$LOCALIZE[31042]</label>
                <textcolor>white</textcolor>
                <shadowcolor>black</shadowcolor>
                <visible>Player.Rewinding4x</visible>
                <visible>!Window.IsVisible(2903)</visible>
                <visible>Window.IsActive(VideoOSD) + Player.ShowInfo</visible>
            </control>
            <control type="label">
                <description>forward 4x</description>
                <posx>0</posx>
                <posy>9.37</posy>
                <width>1280</width>
                <align>center</align>
                <font>font15-caps</font>
                <label>$LOCALIZE[31043]</label>
                <textcolor>white</textcolor>
                <shadowcolor>black</shadowcolor>
                <visible>Player.Forwarding4x</visible>
                <visible>!Window.IsVisible(2903)</visible>
                <visible>Window.IsActive(VideoOSD) + Player.ShowInfo</visible>
            </control>
            <control type="label">
                <description>rewind 8x</description>
                <posx>0</posx>
                <posy>9.37</posy>
                <width>1280</width>
                <align>center</align>
                <font>font15-caps</font>
                <label>$LOCALIZE[31044]</label>
                <textcolor>white</textcolor>
                <shadowcolor>black</shadowcolor>
                <visible>Player.Rewinding8x</visible>
                <visible>!Window.IsVisible(2903)</visible>
                <visible>Window.IsActive(VideoOSD) + Player.ShowInfo</visible>
            </control>
            <control type="label">
                <description>forward 8x</description>
                <posx>0</posx>
                <posy>9.37</posy>
                <width>1280</width>
                <align>center</align>
                <font>font15-caps</font>
                <label>$LOCALIZE[31045]</label>
                <textcolor>white</textcolor>
                <shadowcolor>black</shadowcolor>
                <visible>Player.Forwarding8x</visible>
                <visible>!Window.IsVisible(2903)</visible>
                <visible>Window.IsActive(VideoOSD) + Player.ShowInfo</visible>
            </control>
            <control type="label">
                <description>rewind 16x</description>
                <posx>0</posx>
                <posy>9.37</posy>
                <width>1280</width>
                <align>center</align>
                <font>font15-caps</font>
                <label>$LOCALIZE[31046]</label>
                <textcolor>white</textcolor>
                <shadowcolor>black</shadowcolor>
                <visible>Player.Rewinding16x</visible>
                <visible>!Window.IsVisible(2903)</visible>
                <visible>Window.IsActive(VideoOSD) + Player.ShowInfo</visible>
            </control>
            <control type="label">
                <description>forward 16x</description>
                <posx>0</posx>
                <posy>9.37</posy>
                <width>1280</width>
                <align>center</align>
                <font>font15-caps</font>
                <label>$LOCALIZE[31047]</label>
                <textcolor>white</textcolor>
                <shadowcolor>black</shadowcolor>
                <visible>Player.Forwarding16x</visible>
                <visible>!Window.IsVisible(2903)</visible>
                <visible>Window.IsActive(VideoOSD) + Player.ShowInfo</visible>
            </control>
            <control type="label">
                <description>rewind 32x</description>
                <posx>0</posx>
                <posy>9.37</posy>
                <width>1280</width>
                <align>center</align>
                <font>font15-caps</font>
                <label>$LOCALIZE[31048]</label>
                <textcolor>white</textcolor>
                <shadowcolor>black</shadowcolor>
                <visible>Player.Rewinding32x</visible>
                <visible>!Window.IsVisible(2903)</visible>
                <visible>Window.IsActive(VideoOSD) + Player.ShowInfo</visible>
            </control>
            <control type="label">
                <description>forward 32x</description>
                <posx>0</posx>
                <posy>9.37</posy>
                <width>1280</width>
                <align>center</align>
                <font>font15-caps</font>
                <label>$LOCALIZE[31049]</label>
                <textcolor>white</textcolor>
                <shadowcolor>black</shadowcolor>
                <visible>Player.Forwarding32x</visible>
                <visible>!Window.IsVisible(2903)</visible>
                <visible>Window.IsActive(VideoOSD) + Player.ShowInfo</visible>
            </control>
            <!-- progressbar dialog -->
            <control type="label">
                <description>Time Info Label</description>
                <width>159.93</width>
                <height>25</height>
                <posx>0</posx>
                <posy>31.25</posy>
                <align>center</align>
                <aligny>center</aligny>
                <label>$INFO[VideoPlayer.Time]</label>
                <font>font15</font>
                <textcolor>white</textcolor>
                <shadowcolor>black</shadowcolor>
                <visible>Window.IsActive(VideoOSD) + Player.ShowInfo</visible>
                <visible>Player.Seeking | Player.DisplayAfterSeek | Player.Paused | Player.Forwarding | Player.Rewinding | Window.IsActive(VideoOSD)</visible>
                <visible>!Window.IsVisible(2903)</visible>
            </control>
            <control type="label">
                <description>Time Info Label</description>
                <width>159.93</width>
                <posx>1119.51</posx>
                <posy>31.25</posy>
                <height>25</height>
                <align>center</align>
                <aligny>center</aligny>
                <label>$INFO[VideoPlayer.Duration]</label>
                <font>font15</font>
                <textcolor>white</textcolor>
                <shadowcolor>black</shadowcolor>
                <visible>Window.IsActive(VideoOSD) + Player.ShowInfo</visible>
                <visible>Player.Seeking | Player.DisplayAfterSeek | Player.Paused | Player.Forwarding | Player.Rewinding | Window.IsActive(VideoOSD) </visible>
                <visible>!Window.IsVisible(2903)</visible>
            </control>
            <control type="progress">
                <description>Progressbar Cache</description>
                <posx>159.93</posx>
                <posy>36.25</posy>
                <width>959.58</width>
                <height>16</height>
                <info>Player.ProgressCache</info>
                <midtexture border="10,0,10,0">ProgressCache.png</midtexture>
                <visible>Window.IsActive(VideoOSD) + Player.ShowInfo</visible>
                <visible>Player.Seeking | Player.DisplayAfterSeek | Player.Paused | Player.Forwarding | Player.Rewinding | Window.IsActive(VideoOSD)</visible>
                <visible>!Window.IsVisible(2903)</visible>
            </control>
            <control type="progress" id="23">
                <description>Progressbar</description>
                <posx>159.93</posx>
                <posy>36.25</posy>
                <width>959.58</width>
                <height>16</height>
                <info>Player.Progress</info>
                <colordiffuse>DDFFFFFF</colordiffuse>
                <visible>Window.IsActive(VideoOSD) + Player.ShowInfo</visible>
                <visible>Player.Seeking | Player.DisplayAfterSeek | Player.Paused | Player.Forwarding | Player.Rewinding | Window.IsActive(VideoOSD)</visible>
                <visible>!Window.IsVisible(2903)</visible>
            </control>
            <control type="progress">
                <description>Player Caching Progress Bar</description>
                <posx>159.93</posx>
                <posy>36.25</posy>
                <width>959.58</width>
                <height>16</height>
                <midtexture border="10,0,10,0">ProgressBuffer.png</midtexture>
                <info>Player.CacheLevel</info>
                <visible>Player.Caching</visible>
                <visible>Window.IsActive(VideoOSD) + Player.ShowInfo</visible>
                <visible>Player.Seeking | Player.DisplayAfterSeek | Player.Paused | Player.Forwarding | Player.Rewinding | Window.IsActive(VideoOSD)</visible>
                <visible>!Window.IsVisible(2903)</visible>
            </control>
            <control type="slider" id="401">
                <description>Seek Slider</description>
                <posx>159.93</posx>
                <posy>36.25</posy>
                <width>959.58</width>
                <height>6.25</height>
                <texturesliderbar>seekslider.png</texturesliderbar>
                <textureslidernib />
                <textureslidernibfocus />
                <colordiffuse>DDFFFFFF</colordiffuse>
                <onup>1</onup>
                <ondown>1</ondown>
                <onleft>1</onleft>
                <onright>1</onright>
                <visible>Window.IsActive(VideoOSD) + Player.ShowInfo</visible>
                <visible>Player.Seeking | Player.DisplayAfterSeek | Player.Paused | Player.Forwarding | Player.Rewinding | Window.IsActive(VideoOSD)</visible>
                <visible>!Window.IsVisible(2903)</visible>
            </control>
        </control>
        <control type="group" id="1">
            <visible>!Player.ShowInfo + !Window.IsActive(VideoOSD)</visible>
            <visible>!Skin.HasSetting(NoTimeLabelsOSD)</visible>
            <control type="image" id="1">
                <description>Seekbar Background Image</description>
                <posx>0</posx>
                <posy>-6.25</posy>
                <width>1280</width>
                <height>93.75</height>
                <visible>!Window.IsVisible(2903)</visible>
                <texture>black.png</texture>
            </control>
            <control type="image" id="1">
                <description>Seekbar Background Image</description>
                <posx>0</posx>
                <posy>87.50</posy>
                <width>1280</width>
                <height>33</height>
                <visible>Player.ShowInfo</visible>
                <visible>!Window.IsActive(VideoOSD)</visible>
                <visible>videoplayer.content(episodes)</visible>
                <visible>!Window.IsVisible(2903)</visible>
                <texture>black.png</texture>
            </control>
            <control type="label">
                <description>time Label</description>
                <width>640</width>
                <posx>640</posx>
                <posy>55</posy>
                <height>31.25</height>
                <aligny>center</aligny>
                <label>$LOCALIZE[31231] [COLOR=white]$INFO[System.Time][/COLOR] </label>
                <align>right</align>
                <font>font64-caps</font>
                <textcolor>lightblue</textcolor>
                <shadowcolor>black</shadowcolor>
                <visible>!Window.IsVisible(2903)</visible>
                <visible>Player.HasMedia + !Window.IsActive(PlayerControls) + Window.IsActive(FullscreenVideo)</visible>
                <visible>Player.Seeking | Player.DisplayAfterSeek | Player.Paused | Player.Forwarding | Player.Rewinding | Player.ShowInfo | Window.IsActive(VideoOSD)</visible>
            </control>
            <control type="label">
                <description>time Label</description>
                <width>640</width>
                <posx>640</posx>
                <posy>55</posy>
                <height>31.25</height>
                <aligny>center</aligny>
                <label>I [COLOR=white]$INFO[Player.FinishTime][/COLOR] $LOCALIZE[31232]</label>
                <align>left</align>
                <font>font64-caps</font>
                <textcolor>lightblue</textcolor>
                <shadowcolor>black</shadowcolor>
                <visible>!Window.IsVisible(2903)</visible>
                <visible>Player.HasMedia + !Window.IsActive(PlayerControls) + Window.IsActive(FullscreenVideo)</visible>
                <visible>Player.Seeking | Player.DisplayAfterSeek | Player.Paused | Player.Forwarding | Player.Rewinding | Player.ShowInfo | Window.IsActive(VideoOSD)</visible>
            </control>
            <control type="label">
                <description>playing</description>
                <posx>0</posx>
                <posy>9.37</posy>
                <width>1280</width>
                <align>center</align>
                <font>font15-caps</font>
                <label>$LOCALIZE[31038]</label>
                <textcolor>white</textcolor>
                <shadowcolor>black</shadowcolor>
                <visible>Player.HasMedia + !Window.IsActive(PlayerControls) + Window.IsActive(FullscreenVideo)</visible>
                <visible>![Player.Paused | Player.Rewinding | Player.Forwarding]</visible>
                <visible>!Window.IsVisible(2903)</visible>
            </control>
            <control type="label">
                <description>paused</description>
                <posx>0</posx>
                <posy>9.37</posy>
                <width>1280</width>
                <align>center</align>
                <font>font15-caps</font>
                <label>$LOCALIZE[31039]</label>
                <textcolor>white</textcolor>
                <shadowcolor>black</shadowcolor>
                <visible>Player.Paused</visible>
                <visible>!Window.IsVisible(2903)</visible>
            </control>
            <control type="label">
                <description>rewind 2x</description>
                <posx>0</posx>
                <posy>9.37</posy>
                <width>1280</width>
                <align>center</align>
                <font>font15-caps</font>
                <label>$LOCALIZE[31040]</label>
                <textcolor>white</textcolor>
                <shadowcolor>black</shadowcolor>
                <visible>Player.Rewinding2x</visible>
                <visible>!Window.IsVisible(2903)</visible>
            </control>
            <control type="label">
                <description>forward 2x</description>
                <posx>0</posx>
                <posy>9.37</posy>
                <width>1280</width>
                <align>center</align>
                <font>font15-caps</font>
                <label>$LOCALIZE[31041]</label>
                <textcolor>white</textcolor>
                <shadowcolor>black</shadowcolor>
                <visible>Player.Forwarding2x</visible>
                <visible>!Window.IsVisible(2903)</visible>
            </control>
            <control type="label">
                <description>rewind 4x</description>
                <posx>0</posx>
                <posy>9.37</posy>
                <width>1280</width>
                <align>center</align>
                <font>font15-caps</font>
                <label>$LOCALIZE[31042]</label>
                <textcolor>white</textcolor>
                <shadowcolor>black</shadowcolor>
                <visible>Player.Rewinding4x</visible>
                <visible>!Window.IsVisible(2903)</visible>
            </control>
            <control type="label">
                <description>forward 4x</description>
                <posx>0</posx>
                <posy>9.37</posy>
                <width>1280</width>
                <align>center</align>
                <font>font15-caps</font>
                <label>$LOCALIZE[31043]</label>
                <textcolor>white</textcolor>
                <shadowcolor>black</shadowcolor>
                <visible>Player.Forwarding4x</visible>
                <visible>!Window.IsVisible(2903)</visible>
            </control>
            <control type="label">
                <description>rewind 8x</description>
                <posx>0</posx>
                <posy>9.37</posy>
                <width>1280</width>
                <align>center</align>
                <font>font15-caps</font>
                <label>$LOCALIZE[31044]</label>
                <textcolor>white</textcolor>
                <shadowcolor>black</shadowcolor>
                <visible>Player.Rewinding8x</visible>
                <visible>!Window.IsVisible(2903)</visible>
            </control>
            <control type="label">
                <description>forward 8x</description>
                <posx>0</posx>
                <posy>9.37</posy>
                <width>1280</width>
                <align>center</align>
                <font>font15-caps</font>
                <label>$LOCALIZE[31045]</label>
                <textcolor>white</textcolor>
                <shadowcolor>black</shadowcolor>
                <visible>Player.Forwarding8x</visible>
                <visible>!Window.IsVisible(2903)</visible>
            </control>
            <control type="label">
                <description>rewind 16x</description>
                <posx>0</posx>
                <posy>9.37</posy>
                <width>1280</width>
                <align>center</align>
                <font>font15-caps</font>
                <label>$LOCALIZE[31046]</label>
                <textcolor>white</textcolor>
                <shadowcolor>black</shadowcolor>
                <visible>Player.Rewinding16x</visible>
                <visible>!Window.IsVisible(2903)</visible>
            </control>
            <control type="label">
                <description>forward 16x</description>
                <posx>0</posx>
                <posy>9.37</posy>
                <width>1280</width>
                <align>center</align>
                <font>font15-caps</font>
                <label>$LOCALIZE[31047]</label>
                <textcolor>white</textcolor>
                <shadowcolor>black</shadowcolor>
                <visible>Player.Forwarding16x</visible>
                <visible>!Window.IsVisible(2903)</visible>
            </control>
            <control type="label">
                <description>rewind 32x</description>
                <posx>0</posx>
                <posy>9.37</posy>
                <width>1280</width>
                <align>center</align>
                <font>font15-caps</font>
                <label>$LOCALIZE[31048]</label>
                <textcolor>white</textcolor>
                <shadowcolor>black</shadowcolor>
                <visible>Player.Rewinding32x</visible>
                <visible>!Window.IsVisible(2903)</visible>
            </control>
            <control type="label">
                <description>forward 32x</description>
                <posx>0</posx>
                <posy>9.37</posy>
                <width>1280</width>
                <align>center</align>
                <font>font15-caps</font>
                <label>$LOCALIZE[31049]</label>
                <textcolor>white</textcolor>
                <shadowcolor>black</shadowcolor>
                <visible>Player.Forwarding32x</visible>
                <visible>!Window.IsVisible(2903)</visible>
            </control>
            <!-- progressbar dialog -->
            <control type="label">
                <description>Time Info Label</description>
                <width>159.93</width>
                <height>25</height>
                <posx>0</posx>
                <posy>31.25</posy>
                <align>center</align>
                <aligny>center</aligny>
                <label>$INFO[VideoPlayer.Time]</label>
                <font>font15</font>
                <textcolor>white</textcolor>
                <shadowcolor>black</shadowcolor>
                <visible>Player.Seeking | Player.DisplayAfterSeek | Player.Paused | Player.Forwarding | Player.Rewinding | Player.ShowInfo | Window.IsActive(VideoOSD)</visible>
                <visible>!Window.IsVisible(2903)</visible>
            </control>
            <control type="label">
                <description>Time Info Label</description>
                <width>159.93</width>
                <posx>1119.51</posx>
                <posy>31.25</posy>
                <height>25</height>
                <align>center</align>
                <aligny>center</aligny>
                <label>$INFO[VideoPlayer.Duration]</label>
                <font>font15</font>
                <textcolor>white</textcolor>
                <shadowcolor>black</shadowcolor>
                <visible>Player.Seeking | Player.DisplayAfterSeek | Player.Paused | Player.Forwarding | Player.Rewinding | Player.ShowInfo | Window.IsActive(VideoOSD) </visible>
                <visible>!Window.IsVisible(2903)</visible>
            </control>
            <control type="progress">
                <description>Progressbar Cache</description>
                <posx>159.93</posx>
                <posy>36.25</posy>
                <width>959.58</width>
                <height>16</height>
                <info>Player.ProgressCache</info>
                <midtexture border="10,0,10,0">ProgressCache.png</midtexture>
                <visible>Player.Seeking | Player.DisplayAfterSeek | Player.Paused | Player.Forwarding | Player.Rewinding | Player.ShowInfo | Window.IsActive(VideoOSD)</visible>
                <visible>!Window.IsVisible(2903)</visible>
            </control>
            <control type="progress" id="23">
                <description>Progressbar</description>
                <posx>159.93</posx>
                <posy>36.25</posy>
                <width>959.58</width>
                <height>16</height>
                <info>Player.Progress</info>
                <colordiffuse>DDFFFFFF</colordiffuse>
                <visible>Player.Seeking | Player.DisplayAfterSeek | Player.Paused | Player.Forwarding | Player.Rewinding | Player.ShowInfo | Window.IsActive(VideoOSD)</visible>
                <visible>!Window.IsVisible(2903)</visible>
            </control>
            <control type="progress">
                <description>Player Caching Progress Bar</description>
                <posx>159.93</posx>
                <posy>36.25</posy>
                <width>959.58</width>
                <height>16</height>
                <midtexture border="10,0,10,0">ProgressBuffer.png</midtexture>
                <info>Player.CacheLevel</info>
                <visible>Player.Caching</visible>
                <visible>Player.Seeking | Player.DisplayAfterSeek | Player.Paused | Player.Forwarding | Player.Rewinding | Player.ShowInfo | Window.IsActive(VideoOSD)</visible>
                <visible>!Window.IsVisible(2903)</visible>
            </control>
            <control type="slider" id="401">
                <description>Seek Slider</description>
                <posx>159.93</posx>
                <posy>36.25</posy>
                <width>959.58</width>
                <height>6.25</height>
                <texturesliderbar>seekslider.png</texturesliderbar>
                <textureslidernib />
                <textureslidernibfocus />
                <colordiffuse>DDFFFFFF</colordiffuse>
                <onup>1</onup>
                <ondown>1</ondown>
                <onleft>1</onleft>
                <onright>1</onright>
                <visible>Player.Seeking | Player.DisplayAfterSeek | Player.Paused | Player.Forwarding | Player.Rewinding | Player.ShowInfo | Window.IsActive(VideoOSD)</visible>
                <visible>!Window.IsVisible(2903)</visible>
            </control>
            <control type="image">
                <posx>1075</posx>
                <posy>598.75</posy>
                <width>204</width>
                <height>107</height>
                <texture background="true">$INFO[Player.FolderPath]../clearart.png</texture>
                <visible>VideoPlayer.Content(episodes)</visible>
                <visible>Skin.HasSetting(clearart)</visible>
                <visible>!Player.ShowInfo</visible>
                <visible>!Window.IsActive(VideoOSD)</visible>
            </control>
            <control type="image">
                <posx>1075</posx>
                <posy>598.75</posy>
                <width>204</width>
                <height>107</height>
                <texture background="true">$INFO[Player.FolderPath]clearart.png</texture>
                <visible>VideoPlayer.Content(episodes)</visible>
                <visible>Skin.HasSetting(clearart)</visible>
                <visible>!Player.ShowInfo</visible>
                <visible>!Window.IsActive(VideoOSD)</visible>
            </control>
        </control>
        <control type="group" id="1">
            <visible>Window.IsActive(VideoOSD)</visible>
            <visible>Skin.HasSetting(NoTimeLabelsOSD)</visible>
            <control type="image" id="1">
                <description>Seekbar Background Image</description>
                <posx>0</posx>
                <posy>-6.25</posy>
                <width>1280</width>
                <height>52</height>
                <visible>!Window.IsVisible(2903)</visible>
                <visible>!Player.ShowInfo</visible>
                <texture>black.png</texture>
            </control>
            <control type="label">
                <description>playing</description>
                <posx>0</posx>
                <posy>-6.25</posy>
                <width>1280</width>
                <height>56</height>
                <aligny>center</aligny>
                <align>center</align>
                <font>Heading-M-Caps</font>
                <label>$LOCALIZE[31038]</label>
                <textcolor>white</textcolor>
                <shadowcolor>black</shadowcolor>
                <visible>!Player.ShowInfo</visible>
                <visible>Player.HasMedia + !Window.IsActive(PlayerControls) + Window.IsActive(FullscreenVideo)</visible>
                <visible>![Player.Paused | Player.Rewinding | Player.Forwarding]</visible>
                <visible>!Window.IsVisible(2903)</visible>
            </control>
            <control type="label">
                <description>paused</description>
                <posx>0</posx>
                <posy>-6.25</posy>
                <width>1280</width>
                <height>56</height>
                <aligny>center</aligny>
                <align>center</align>
                <font>Heading-M-Caps</font>
                <label>$LOCALIZE[31039]</label>
                <textcolor>white</textcolor>
                <shadowcolor>black</shadowcolor>
                <visible>Player.Paused</visible>
                <visible>!Window.IsVisible(2903)</visible>
                <visible>!Player.ShowInfo</visible>
            </control>
            <control type="label">
                <description>rewind 2x</description>
                <posx>0</posx>
                <posy>-6.25</posy>
                <width>1280</width>
                <height>56</height>
                <aligny>center</aligny>
                <align>center</align>
                <font>Heading-M-Caps</font>
                <label>$LOCALIZE[31040]</label>
                <textcolor>white</textcolor>
                <shadowcolor>black</shadowcolor>
                <visible>Player.Rewinding2x</visible>
                <visible>!Window.IsVisible(2903)</visible>
                <visible>!Player.ShowInfo</visible>
            </control>
            <control type="label">
                <description>forward 2x</description>
                <posx>0</posx>
                <posy>-6.25</posy>
                <width>1280</width>
                <height>56</height>
                <aligny>center</aligny>
                <align>center</align>
                <font>Heading-M-Caps</font>
                <label>$LOCALIZE[31041]</label>
                <textcolor>white</textcolor>
                <shadowcolor>black</shadowcolor>
                <visible>Player.Forwarding2x</visible>
                <visible>!Window.IsVisible(2903)</visible>
                <visible>!Player.ShowInfo</visible>
            </control>
            <control type="label">
                <description>rewind 4x</description>
                <posx>0</posx>
                <posy>-6.25</posy>
                <width>1280</width>
                <height>56</height>
                <aligny>center</aligny>
                <align>center</align>
                <font>Heading-M-Caps</font>
                <label>$LOCALIZE[31042]</label>
                <textcolor>white</textcolor>
                <shadowcolor>black</shadowcolor>
                <visible>Player.Rewinding4x</visible>
                <visible>!Window.IsVisible(2903)</visible>
                <visible>!Player.ShowInfo</visible>
            </control>
            <control type="label">
                <description>forward 4x</description>
                <posx>0</posx>
                <posy>-6.25</posy>
                <width>1280</width>
                <height>56</height>
                <aligny>center</aligny>
                <align>center</align>
                <font>Heading-M-Caps</font>
                <label>$LOCALIZE[31043]</label>
                <textcolor>white</textcolor>
                <shadowcolor>black</shadowcolor>
                <visible>Player.Forwarding4x</visible>
                <visible>!Window.IsVisible(2903)</visible>
                <visible>!Player.ShowInfo</visible>
            </control>
            <control type="label">
                <description>rewind 8x</description>
                <posx>0</posx>
                <posy>-6.25</posy>
                <width>1280</width>
                <height>56</height>
                <aligny>center</aligny>
                <align>center</align>
                <font>Heading-M-Caps</font>
                <label>$LOCALIZE[31044]</label>
                <textcolor>white</textcolor>
                <shadowcolor>black</shadowcolor>
                <visible>Player.Rewinding8x</visible>
                <visible>!Window.IsVisible(2903)</visible>
                <visible>!Player.ShowInfo</visible>
            </control>
            <control type="label">
                <description>forward 8x</description>
                <posx>0</posx>
                <posy>-6.25</posy>
                <width>1280</width>
                <height>56</height>
                <aligny>center</aligny>
                <align>center</align>
                <font>Heading-M-Caps</font>
                <label>$LOCALIZE[31045]</label>
                <textcolor>white</textcolor>
                <shadowcolor>black</shadowcolor>
                <visible>Player.Forwarding8x</visible>
                <visible>!Window.IsVisible(2903)</visible>
                <visible>!Player.ShowInfo</visible>
            </control>
            <control type="label">
                <description>rewind 16x</description>
                <posx>0</posx>
                <posy>-6.25</posy>
                <width>1280</width>
                <height>56</height>
                <aligny>center</aligny>
                <align>center</align>
                <font>Heading-M-Caps</font>
                <label>$LOCALIZE[31046]</label>
                <textcolor>white</textcolor>
                <shadowcolor>black</shadowcolor>
                <visible>Player.Rewinding16x</visible>
                <visible>!Window.IsVisible(2903)</visible>
                <visible>!Player.ShowInfo</visible>
            </control>
            <control type="label">
                <description>forward 16x</description>
                <posx>0</posx>
                <posy>-6.25</posy>
                <width>1280</width>
                <height>56</height>
                <aligny>center</aligny>
                <align>center</align>
                <font>Heading-M-Caps</font>
                <label>$LOCALIZE[31047]</label>
                <textcolor>white</textcolor>
                <shadowcolor>black</shadowcolor>
                <visible>Player.Forwarding16x</visible>
                <visible>!Window.IsVisible(2903)</visible>
                <visible>!Player.ShowInfo</visible>
            </control>
            <control type="label">
                <description>rewind 32x</description>
                <posx>0</posx>
                <posy>-6.25</posy>
                <width>1280</width>
                <height>56</height>
                <aligny>center</aligny>
                <align>center</align>
                <font>Heading-M-Caps</font>
                <label>$LOCALIZE[31048]</label>
                <textcolor>white</textcolor>
                <shadowcolor>black</shadowcolor>
                <visible>Player.Rewinding32x</visible>
                <visible>!Window.IsVisible(2903)</visible>
                <visible>!Player.ShowInfo</visible>
            </control>
            <control type="label">
                <description>forward 32x</description>
                <posx>0</posx>
                <posy>-6.25</posy>
                <width>1280</width>
                <height>56</height>
                <aligny>center</aligny>
                <align>center</align>
                <font>Heading-M-Caps</font>
                <label>$LOCALIZE[31049]</label>
                <textcolor>white</textcolor>
                <shadowcolor>black</shadowcolor>
                <visible>Player.Forwarding32x</visible>
                <visible>!Window.IsVisible(2903)</visible>
                <visible>!Player.ShowInfo</visible>
            </control>
        </control>
        <control type="group" id="1">
            <visible>Window.IsActive(VideoOSD) + Player.ShowInfo</visible>
            <visible>Skin.HasSetting(NoTimeLabelsOSD)</visible>
            <control type="image" id="1">
                <description>Seekbar Background Image</description>
                <posx>0</posx>
                <posy>-6.25</posy>
                <width>1280</width>
                <height>52</height>
                <visible>!Window.IsVisible(2903)</visible>
                <visible>Window.IsActive(VideoOSD) + Player.ShowInfo</visible>
                <texture>black.png</texture>
            </control>
            <control type="label">
                <description>playing</description>
                <posx>0</posx>
                <posy>-6.25</posy>
                <width>1280</width>
                <height>56</height>
                <aligny>center</aligny>
                <align>center</align>
                <font>Heading-M-Caps</font>
                <label>$LOCALIZE[31038]</label>
                <textcolor>white</textcolor>
                <shadowcolor>black</shadowcolor>
                <visible>Window.IsActive(VideoOSD) + Player.ShowInfo</visible>
                <visible>Player.HasMedia + !Window.IsActive(PlayerControls) + Window.IsActive(FullscreenVideo)</visible>
                <visible>![Player.Paused | Player.Rewinding | Player.Forwarding]</visible>
                <visible>!Player.DisplayAfterSeek</visible>
                <visible>!Window.IsVisible(2903)</visible>
            </control>
            <control type="label">
                <description>paused</description>
                <posx>0</posx>
                <posy>-6.25</posy>
                <width>1280</width>
                <height>56</height>
                <aligny>center</aligny>
                <align>center</align>
                <font>Heading-M-Caps</font>
                <label>$LOCALIZE[31039]</label>
                <textcolor>white</textcolor>
                <shadowcolor>black</shadowcolor>
                <visible>Player.Paused</visible>
                <visible>!Window.IsVisible(2903)</visible>
                <visible>Window.IsActive(VideoOSD) + Player.ShowInfo</visible>
            </control>
            <control type="label">
                <visible>![player.forwarding | player.rewinding]</visible>
                <visible>Player.DisplayAfterSeek</visible>
                <posx>1250</posx>
                <posy>-6.25</posy>
                <width>100</width>
                <height>56</height>
                <aligny>center</aligny>
                <align>right</align>
                <font>Heading-M-Caps</font>
                <textcolor>white</textcolor>
                <shadowcolor>black</shadowcolor>
                <label>$INFO[Player.SeekOffset]</label>
                <visible>!Window.IsVisible(2903)</visible>
                <visible>Window.IsActive(VideoOSD) + Player.ShowInfo</visible>
            </control>
            <control type="label">
                <description>rewind 2x</description>
                <posx>0</posx>
                <posy>-6.25</posy>
                <width>1280</width>
                <height>56</height>
                <aligny>center</aligny>
                <align>center</align>
                <font>Heading-M-Caps</font>
                <label>$LOCALIZE[31040]</label>
                <textcolor>white</textcolor>
                <shadowcolor>black</shadowcolor>
                <visible>Player.Rewinding2x</visible>
                <visible>!Window.IsVisible(2903)</visible>
                <visible>Window.IsActive(VideoOSD) + Player.ShowInfo</visible>
            </control>
            <control type="label">
                <description>forward 2x</description>
                <posx>0</posx>
                <posy>-6.25</posy>
                <width>1280</width>
                <height>56</height>
                <aligny>center</aligny>
                <align>center</align>
                <font>Heading-M-Caps</font>
                <label>$LOCALIZE[31041]</label>
                <textcolor>white</textcolor>
                <shadowcolor>black</shadowcolor>
                <visible>Player.Forwarding2x</visible>
                <visible>!Window.IsVisible(2903)</visible>
                <visible>Window.IsActive(VideoOSD) + Player.ShowInfo</visible>
            </control>
            <control type="label">
                <description>rewind 4x</description>
                <posx>0</posx>
                <posy>-6.25</posy>
                <width>1280</width>
                <height>56</height>
                <aligny>center</aligny>
                <align>center</align>
                <font>Heading-M-Caps</font>
                <label>$LOCALIZE[31042]</label>
                <textcolor>white</textcolor>
                <shadowcolor>black</shadowcolor>
                <visible>Player.Rewinding4x</visible>
                <visible>!Window.IsVisible(2903)</visible>
                <visible>Window.IsActive(VideoOSD) + Player.ShowInfo</visible>
            </control>
            <control type="label">
                <description>forward 4x</description>
                <posx>0</posx>
                <posy>-6.25</posy>
                <width>1280</width>
                <height>56</height>
                <aligny>center</aligny>
                <align>center</align>
                <font>Heading-M-Caps</font>
                <label>$LOCALIZE[31043]</label>
                <textcolor>white</textcolor>
                <shadowcolor>black</shadowcolor>
                <visible>Player.Forwarding4x</visible>
                <visible>!Window.IsVisible(2903)</visible>
                <visible>Window.IsActive(VideoOSD) + Player.ShowInfo</visible>
            </control>
            <control type="label">
                <description>rewind 8x</description>
                <posx>0</posx>
                <posy>-6.25</posy>
                <width>1280</width>
                <height>56</height>
                <aligny>center</aligny>
                <align>center</align>
                <font>Heading-M-Caps</font>
                <label>$LOCALIZE[31044]</label>
                <textcolor>white</textcolor>
                <shadowcolor>black</shadowcolor>
                <visible>Player.Rewinding8x</visible>
                <visible>!Window.IsVisible(2903)</visible>
                <visible>Window.IsActive(VideoOSD) + Player.ShowInfo</visible>
            </control>
            <control type="label">
                <description>forward 8x</description>
                <posx>0</posx>
                <posy>-6.25</posy>
                <width>1280</width>
                <height>56</height>
                <aligny>center</aligny>
                <align>center</align>
                <font>Heading-M-Caps</font>
                <label>$LOCALIZE[31045]</label>
                <textcolor>white</textcolor>
                <shadowcolor>black</shadowcolor>
                <visible>Player.Forwarding8x</visible>
                <visible>!Window.IsVisible(2903)</visible>
                <visible>Window.IsActive(VideoOSD) + Player.ShowInfo</visible>
            </control>
            <control type="label">
                <description>rewind 16x</description>
                <posx>0</posx>
                <posy>-6.25</posy>
                <width>1280</width>
                <height>56</height>
                <aligny>center</aligny>
                <align>center</align>
                <font>Heading-M-Caps</font>
                <label>$LOCALIZE[31046]</label>
                <textcolor>white</textcolor>
                <shadowcolor>black</shadowcolor>
                <visible>Player.Rewinding16x</visible>
                <visible>!Window.IsVisible(2903)</visible>
                <visible>Window.IsActive(VideoOSD) + Player.ShowInfo</visible>
            </control>
            <control type="label">
                <description>forward 16x</description>
                <posx>0</posx>
                <posy>-6.25</posy>
                <width>1280</width>
                <height>56</height>
                <aligny>center</aligny>
                <align>center</align>
                <font>Heading-M-Caps</font>
                <label>$LOCALIZE[31047]</label>
                <textcolor>white</textcolor>
                <shadowcolor>black</shadowcolor>
                <visible>Player.Forwarding16x</visible>
                <visible>!Window.IsVisible(2903)</visible>
                <visible>Window.IsActive(VideoOSD) + Player.ShowInfo</visible>
            </control>
            <control type="label">
                <description>rewind 32x</description>
                <posx>0</posx>
                <posy>-6.25</posy>
                <width>1280</width>
                <height>56</height>
                <aligny>center</aligny>
                <align>center</align>
                <font>Heading-M-Caps</font>
                <label>$LOCALIZE[31048]</label>
                <textcolor>white</textcolor>
                <shadowcolor>black</shadowcolor>
                <visible>Player.Rewinding32x</visible>
                <visible>!Window.IsVisible(2903)</visible>
                <visible>Window.IsActive(VideoOSD) + Player.ShowInfo</visible>
            </control>
            <control type="label">
                <description>forward 32x</description>
                <posx>0</posx>
                <posy>-6.25</posy>
                <width>1280</width>
                <height>56</height>
                <aligny>center</aligny>
                <align>center</align>
                <font>Heading-M-Caps</font>
                <label>$LOCALIZE[31049]</label>
                <textcolor>white</textcolor>
                <shadowcolor>black</shadowcolor>
                <visible>Player.Forwarding32x</visible>
                <visible>!Window.IsVisible(2903)</visible>
                <visible>Window.IsActive(VideoOSD) + Player.ShowInfo</visible>
            </control>
        </control>
        <control type="group" id="1">
            <visible>!Player.ShowInfo + !Window.IsActive(VideoOSD)</visible>
            <visible>Skin.HasSetting(NoTimeLabelsOSD)</visible>
            <control type="image" id="1">
                <description>Seekbar Background Image</description>
                <posx>0</posx>
                <posy>-6.25</posy>
                <width>1280</width>
                <height>52</height>
                <visible>!Window.IsVisible(2903)</visible>
                <texture>black.png</texture>
            </control>
            <control type="label">
                <description>playing</description>
                <posx>0</posx>
                <posy>-6.25</posy>
                <width>1280</width>
                <height>56</height>
                <aligny>center</aligny>
                <align>center</align>
                <font>Heading-M-Caps</font>
                <label>$LOCALIZE[31038]</label>
                <textcolor>white</textcolor>
                <shadowcolor>black</shadowcolor>
                <visible>Player.HasMedia + !Window.IsActive(PlayerControls) + Window.IsActive(FullscreenVideo)</visible>
                <visible>![Player.Paused | Player.Rewinding | Player.Forwarding]</visible>
                <visible>!Window.IsVisible(2903)</visible>
            </control>
            <control type="label">
                <description>paused</description>
                <posx>0</posx>
                <posy>-6.25</posy>
                <width>1280</width>
                <height>56</height>
                <aligny>center</aligny>
                <align>center</align>
                <font>Heading-M-Caps</font>
                <label>$LOCALIZE[31039]</label>
                <textcolor>white</textcolor>
                <shadowcolor>black</shadowcolor>
                <visible>Player.Paused</visible>
                <visible>!Window.IsVisible(2903)</visible>
            </control>
            <control type="label">
                <visible>![player.forwarding | player.rewinding]</visible>
                <visible>Player.DisplayAfterSeek</visible>
                <posx>1250</posx>
                <posy>-6.25</posy>
                <width>100</width>
                <height>56</height>
                <aligny>center</aligny>
                <align>right</align>
                <font>Heading-M-Caps</font>
                <textcolor>white</textcolor>
                <shadowcolor>black</shadowcolor>
                <label>$INFO[Player.SeekOffset]</label>
                <visible>!Window.IsVisible(2903)</visible>
            </control>
            <control type="label">
                <description>rewind 2x</description>
                <posx>0</posx>
                <posy>-6.25</posy>
                <width>1280</width>
                <height>56</height>
                <aligny>center</aligny>
                <align>center</align>
                <font>Heading-M-Caps</font>
                <label>$LOCALIZE[31040]</label>
                <textcolor>white</textcolor>
                <shadowcolor>black</shadowcolor>
                <visible>Player.Rewinding2x</visible>
                <visible>!Window.IsVisible(2903)</visible>
            </control>
            <control type="label">
                <description>forward 2x</description>
                <posx>0</posx>
                <posy>-6.25</posy>
                <width>1280</width>
                <height>56</height>
                <aligny>center</aligny>
                <align>center</align>
                <font>Heading-M-Caps</font>
                <label>$LOCALIZE[31041]</label>
                <textcolor>white</textcolor>
                <shadowcolor>black</shadowcolor>
                <visible>Player.Forwarding2x</visible>
                <visible>!Window.IsVisible(2903)</visible>
            </control>
            <control type="label">
                <description>rewind 4x</description>
                <posx>0</posx>
                <posy>-6.25</posy>
                <width>1280</width>
                <height>56</height>
                <aligny>center</aligny>
                <align>center</align>
                <font>Heading-M-Caps</font>
                <label>$LOCALIZE[31042]</label>
                <textcolor>white</textcolor>
                <shadowcolor>black</shadowcolor>
                <visible>Player.Rewinding4x</visible>
                <visible>!Window.IsVisible(2903)</visible>
            </control>
            <control type="label">
                <description>forward 4x</description>
                <posx>0</posx>
                <posy>-6.25</posy>
                <width>1280</width>
                <height>56</height>
                <aligny>center</aligny>
                <align>center</align>
                <font>Heading-M-Caps</font>
                <label>$LOCALIZE[31043]</label>
                <textcolor>white</textcolor>
                <shadowcolor>black</shadowcolor>
                <visible>Player.Forwarding4x</visible>
                <visible>!Window.IsVisible(2903)</visible>
            </control>
            <control type="label">
                <description>rewind 8x</description>
                <posx>0</posx>
                <posy>-6.25</posy>
                <width>1280</width>
                <height>56</height>
                <aligny>center</aligny>
                <align>center</align>
                <font>Heading-M-Caps</font>
                <label>$LOCALIZE[31044]</label>
                <textcolor>white</textcolor>
                <shadowcolor>black</shadowcolor>
                <visible>Player.Rewinding8x</visible>
                <visible>!Window.IsVisible(2903)</visible>
            </control>
            <control type="label">
                <description>forward 8x</description>
                <posx>0</posx>
                <posy>-6.25</posy>
                <width>1280</width>
                <height>56</height>
                <aligny>center</aligny>
                <align>center</align>
                <font>Heading-M-Caps</font>
                <label>$LOCALIZE[31045]</label>
                <textcolor>white</textcolor>
                <shadowcolor>black</shadowcolor>
                <visible>Player.Forwarding8x</visible>
                <visible>!Window.IsVisible(2903)</visible>
            </control>
            <control type="label">
                <description>rewind 16x</description>
                <posx>0</posx>
                <posy>-6.25</posy>
                <width>1280</width>
                <height>56</height>
                <aligny>center</aligny>
                <align>center</align>
                <font>Heading-M-Caps</font>
                <label>$LOCALIZE[31046]</label>
                <textcolor>white</textcolor>
                <shadowcolor>black</shadowcolor>
                <visible>Player.Rewinding16x</visible>
                <visible>!Window.IsVisible(2903)</visible>
            </control>
            <control type="label">
                <description>forward 16x</description>
                <posx>0</posx>
                <posy>-6.25</posy>
                <width>1280</width>
                <height>56</height>
                <aligny>center</aligny>
                <align>center</align>
                <font>Heading-M-Caps</font>
                <label>$LOCALIZE[31047]</label>
                <textcolor>white</textcolor>
                <shadowcolor>black</shadowcolor>
                <visible>Player.Forwarding16x</visible>
                <visible>!Window.IsVisible(2903)</visible>
            </control>
            <control type="label">
                <description>rewind 32x</description>
                <posx>0</posx>
                <posy>-6.25</posy>
                <width>1280</width>
                <height>56</height>
                <aligny>center</aligny>
                <align>center</align>
                <font>Heading-M-Caps</font>
                <label>$LOCALIZE[31048]</label>
                <textcolor>white</textcolor>
                <shadowcolor>black</shadowcolor>
                <visible>Player.Rewinding32x</visible>
                <visible>!Window.IsVisible(2903)</visible>
            </control>
            <control type="label">
                <description>forward 32x</description>
                <posx>0</posx>
                <posy>-6.25</posy>
                <width>1280</width>
                <height>56</height>
                <aligny>center</aligny>
                <align>center</align>
                <font>Heading-M-Caps</font>
                <label>$LOCALIZE[31049]</label>
                <textcolor>white</textcolor>
                <shadowcolor>black</shadowcolor>
                <visible>Player.Forwarding32x</visible>
                <visible>!Window.IsVisible(2903)</visible>
            </control>
            <!-- progressbar dialog -->
            <control type="image">
                <posx>1075</posx>
                <posy>598.75</posy>
                <width>204</width>
                <height>107</height>
                <texture background="true">$INFO[Player.FolderPath]../clearart.png</texture>
                <visible>VideoPlayer.Content(episodes)</visible>
                <visible>Skin.HasSetting(clearart)</visible>
                <visible>!Player.ShowInfo</visible>
                <visible>!Window.IsActive(VideoOSD)</visible>
            </control>
            <control type="image">
                <posx>1075</posx>
                <posy>598.75</posy>
                <width>204</width>
                <height>107</height>
                <texture background="true">$INFO[Player.FolderPath]clearart.png</texture>
                <visible>VideoPlayer.Content(episodes)</visible>
                <visible>Skin.HasSetting(clearart)</visible>
                <visible>!Player.ShowInfo</visible>
                <visible>!Window.IsActive(VideoOSD)</visible>
            </control>
        </control>
    </controls>
</window>