<?xml version="1.0" encoding="utf-8"?>
<window id="10140">
    <defaultcontrol always="true">9</defaultcontrol>
    <coordinates>
        <system>1</system>
        <posx>0</posx>
        <posy>0</posy>
    </coordinates>
    <controls>
        <control type="group">
            <animation effect="slide" time="600" start="1150.50,0" end="0,0" condition="!Skin.HasSetting(animated)">WindowOpen</animation>
            <animation effect="slide" time="600" start="0,0" end="1292.10,0" condition="!Skin.HasSetting(animated)">WindowClose</animation>
            <control type="image">
                <description>background</description>
                <posx>-4</posx>
                <posy>-5</posy>
                <width>1288</width>
                <height>730</height>
                <texture>blackgloss.png</texture>
                <aspectratio>stretch</aspectratio>
            </control>
            <control type="image" id="1">
                <description>Profile Background</description>
                <posx>26.55</posx>
                <posy>93.75</posy>
                <width>1221.30</width>
                <height>528.75</height>
                <texture>background2.png</texture>
                <bordertexture>white.png</bordertexture>
                <bordersize>1.25,1.77,2.5,3.54</bordersize>
                <aspectratio>stretch</aspectratio>
            </control>
            <control type="label" id="20">                
                <description>header label</description>
                <posx>35.40</posx>
                <posy>100</posy>
                <width>1203.60</width>
                <height>37.50</height>
                <font>special16</font>
                <align>center</align>
                <aligny>center</aligny>
                <textcolor>white</textcolor>
                <shadowcolor>black</shadowcolor>
            </control>
            <control type="grouplist" id="9">
                <description>button area</description>
                <posx>35.40</posx>
                <posy>150</posy>
                <width>230.10</width>
                <height>400</height>
                <itemgap>6.25</itemgap>
                <onleft>2</onleft>
                <onright>2</onright>
                <onup>9001</onup>
                <ondown>9</ondown>
            </control>
            <control type="grouplist" id="2">
                <description>control area</description>
                <posx>276.12</posx>
                <posy>150</posy>
                <width>922.88</width>
                <height>395</height>
                <itemgap>6.25</itemgap>
                <pagecontrol>90</pagecontrol>
                <onup>9001</onup>
                <ondown>9001</ondown>
                <onleft>9</onleft>
                <onright>9</onright>
            </control>
            <control type="button" id="13">
                <texturenofocus />
                <description>Default Category Button</description>
                <width>221.25</width>
                <height>43.75</height>
                <align>center</align>
                <font>font13</font>
                <textcolor>grey</textcolor>
                <focusedcolor>white</focusedcolor>
                <texturefocus>button1.png</texturefocus>
                <colordiffuse>99ffffff</colordiffuse>
            </control>
            <control type="button" id="3">
                <texturenofocus />
                <description>Default Button</description>
                <height>43.75</height>
                <width>902.88</width>
                <font>font13</font>
                <textoffsetx>26.55</textoffsetx>
                <textcolor>grey</textcolor>
                <focusedcolor>white</focusedcolor>
                <texturefocus>input-focus.png</texturefocus>
            </control>
            <control type="radiobutton" id="4">
                <description>Default RadioButton</description>
                <posx>0</posx>
                <posy>0</posy>
                <height>43.75</height>
                <font>font13</font>
                <textcolor>grey</textcolor>
                <shadowcolor>black</shadowcolor>
                <focusedcolor>white</focusedcolor>
                <texturefocus>input-focus.png</texturefocus>
                <texturenofocus>-</texturenofocus>
                <textoffsetx>26.55</textoffsetx>
                <radioposx>870.35</radioposx>
            </control>
            <control type="spincontrolex" id="5">
                <texturenofocus />
                <description>Default spincontrolex</description>
                <width>962.88</width>
                <height>43.75</height>
                <textoffsetx>26.55</textoffsetx>
                <textcolor>grey</textcolor>
                <focusedcolor>white</focusedcolor>
                <texturefocus>input-focus.png</texturefocus>
                <font>font13</font>
                <aligny>center</aligny>
                <reverse>yes</reverse>
            </control>
            <control type="label" id="7">
                <width>962.88</width>
                <height>43.75</height>
                <font>font13</font>
                <label>-</label>
                <textoffsetx>26.55</textoffsetx>
                <textcolor>white</textcolor>
                <shadowcolor>black</shadowcolor>
                <align>left</align>
                <aligny>center</aligny>
            </control>
            <control type="image" id="6">
                <description>Default Seperator</description>
                <width>927.48</width>
                <height>9.37</height>
                <align>center</align>
                <texture>separator.png</texture>
                <colordiffuse>BBffffff</colordiffuse>
            </control>
            <control type="sliderex" id="8">
                <texturenofocus />
                <description>Default Slider</description>
                <width>962.88</width>
                <height>43.75</height>
                <textoffsetx>26.55</textoffsetx>
                <font>font13</font>
                <textcolor>grey</textcolor>
                <focusedcolor>white</focusedcolor>
                <texturefocus>input-focus.png</texturefocus>
                <texturesliderbar>osd_slider_bg.png</texturesliderbar>
                <textureslidernib>osd_slider_nibNF.png</textureslidernib>
                <textureslidernibfocus>osd_slider_nibFO.png</textureslidernibfocus>
            </control>
            <control type="group" id="9001">
                <posy>168.75</posy>
                <control type="button" id="10">
                    <description>OK Button</description>
                    <posx>35</posx>
                    <posy>400.00</posy>
                    <width>395.33</width>
                    <height>43.75</height>
                    <align>center</align>
                    <label>186</label>
                    <texturenofocus>button-nofocus.png</texturenofocus>
                    <texturefocus>button-focus.png</texturefocus>
                    <onleft>12</onleft>
                    <onright>11</onright>
                    <onup>2</onup>
                    <ondown>2</ondown>
                </control>
                <control type="button" id="11">
                    <description>Cancel Button</description>
                    <posx>438.33</posx>
                    <posy>400.00</posy>
                    <width>395.33</width>
                    <height>43.75</height>
                    <align>center</align>
                    <label>222</label>
                    <texturenofocus>button-nofocus.png</texturenofocus>
                    <texturefocus>button-focus.png</texturefocus>
                    <onleft>10</onleft>
                    <onright>12</onright>
                    <onup>2</onup>
                    <ondown>2</ondown>
                </control>
                <control type="button" id="12">
                    <description>Defaults Button</description>
                    <posx>842.66</posx>
                    <posy>400.00</posy>
                    <width>395.33</width>
                    <height>43.75</height>
                    <align>center</align>
                    <label>409</label>
                    <texturenofocus>button-nofocus.png</texturenofocus>
                    <texturefocus>button-focus.png</texturefocus>
                    <onleft>11</onleft>
                    <onright>10</onright>
                    <onup>2</onup>
                    <ondown>2</ondown>
                </control>
            </control>
        </control>
    </controls>
</window>