<?xml version="1.0" encoding="utf-8"?>
<window id="110">
    <defaultcontrol>0</defaultcontrol>
    <include>dialog-effect</include>
    <controls>
        <control type="image">
            <posx>340</posx>
            <posy>255</posy>
            <width>255</width>
            <height>210</height>
            <texture>dialog-popup1.png</texture>
        </control>
        <control type="label" id="1">
            <description>dialog Heading</description>
            <posx>347</posx>
            <posy>280</posy>
            <label>12325</label>
            <width>280</width>
            <height>40</height>
            <font>special16</font>
            <align>center</align>
            <aligny>center</aligny>
            <textcolor>lightblue</textcolor>
            <shadowcolor>black</shadowcolor>
        </control>
        <control type="label" id="2">
            <description>dialog line 1</description>
            <posx>347</posx>
            <posy>332</posy>
            <label>12330</label>
            <width>332</width>
            <height>25</height>
            <align>center</align>
            <aligny>center</aligny>
            <textcolor>white</textcolor>
            <shadowcolor>black</shadowcolor>
            <font>font12</font>
        </control>
        <control type="label" id="3">
            <description>dialog line 2</description>
            <posx>347</posx>
            <posy>358</posy>
            <label>12331</label>
            <width>358</width>
            <height>25</height>
            <align>center</align>
            <aligny>center</aligny>
            <textcolor>white</textcolor>
            <shadowcolor>black</shadowcolor>
            <font>font12</font>
        </control>
        <control type="label" id="4">
            <description>dialog line 3</description>
            <posx>347</posx>
            <posy>382</posy>
            <label>12323</label>
            <width>382</width>
            <height>25</height>
            <align>center</align>
            <aligny>center</aligny>
            <textcolor>white</textcolor>
            <shadowcolor>black</shadowcolor>
            <font>font12</font>
        </control>
    </controls>
</window>