<?xml version="1.0" encoding="utf-8"?>
<window id="101">
    <defaultcontrol always="true">10</defaultcontrol>
    <animation effect="fade" time="400">WindowOpen</animation>
    <animation effect="fade" time="400">WindowClose</animation>
    <controls>
        <coordinates>
            <system>1</system>
        </coordinates>
        <control type="group">
            <posx>9</posx>
            <control type="image">
                <description>Scan Dialog Background</description>
                <posx>0</posx>
                <posy>6</posy>
                <width>517</width>
                <height>121.87</height>
                <texture diffuse="mask wide.png">background2.png</texture>
                <colordiffuse>BBffffff</colordiffuse>
            </control>
            <control type="image">
                <description>Scan Dialog Background</description>
                <posx>0</posx>
                <posy>6</posy>
                <width>517</width>
                <height>121.87</height>
                <texture diffuse="mask wide.png">Glass3.png</texture>
                <colordiffuse>AAFFFFFF</colordiffuse>
            </control>
            <control type="image">
                <description>Scan Dialog Background</description>
                <posx>0</posx>
                <posy>6</posy>
                <width>517</width>
                <height>121.87</height>
                <texture>mask wide frame.png</texture>
            </control>
            <control type="label" id="1">
                <description>fake heading label</description>
                <posx>0</posx>
                <posy>0</posy>
                <width>0</width>
                <height>0</height>
                <font>-</font>
                <visible>false</visible>
            </control>
            <control type="label">
                <description>dialog Heading</description>
                <posx>18</posx>
                <posy>12</posy>
                <label>-</label>
                <font>font12-caps</font>
                <width>480</width>
                <height>19</height>
                <textcolor>lightblue</textcolor>
                <label>$INFO[Control.GetLabel(1)] $INFO[System.Progressbar,- ,%]</label>
                <aligny>center</aligny>
                <align>center</align>
            </control>
            <control type="label" id="2">
                <description>Caption Label</description>
                <posx>18</posx>
                <posy>38</posy>
                <font>font10</font>
                <align>left</align>
                <width>480</width>
                <height>19</height>
                <aligny>center</aligny>
                <label>0</label>
                <textcolor>DDced8da</textcolor>
            </control>
            <control type="label" id="3">
                <description>Caption Label</description>
                <posx>18</posx>
                <posy>62</posy>
                <font>font10</font>
                <align>left</align>
                <width>480</width>
                <height>19</height>
                <aligny>center</aligny>
                <label>0</label>
                <textcolor>DDced8da</textcolor>
            </control>
            <control type="label" id="4">
                <description>dialog line 3</description>
                <posx>18</posx>
                <posy>88</posy>
                <width>480</width>
                <height>19</height>
                <aligny>center</aligny>
                <haspath>yes</haspath>
                <label>-</label>
                <font>font10</font>
                <textcolor>DDced8da</textcolor>
            </control>
            <control type="progress">
                <description>Progressbar</description>
                <posx>12</posx>
                <posy>108</posy>
                <width>491</width>
                <height>16</height>
                <info>System.Progressbar</info>
                <colordiffuse>DDFFFFFF</colordiffuse>
            </control>
            <control type="button" id="10">
                <texturefocus />
                <texturenofocus />
                <font />
                <textcolor />
                <description>Cancel button</description>
                <posx>0</posx>
                <posy>0</posy>
                <width>0</width>
                <height>0</height>
                <focusedcolor />
                <align>center</align>
                <onleft>10</onleft>
                <onright>10</onright>
                <onup>10</onup>
                <ondown>10</ondown>
            </control>
        </control>
    </controls>
</window>