<?xml version="1.0" encoding="utf-8"?>
<window id="107">
    <coordinates>
        <posx>915</posx>
        <posy>5</posy>
    </coordinates>
    <controls>
        <control type="group">
            <animation effect="slide" time="600" start="1280,0" end="0,0">WindowOpen</animation>
            <animation effect="fade" time="600" start="100" end="0">WindowClose</animation>
            <control type="image">
                <description>background image</description>
                <posx>0</posx>
                <posy>0</posy>
                <width>370</width>
                <height>72</height>
                <texture diffuse="Mask1.png">List background4.png</texture>
                <colordiffuse>BBFFFFFF</colordiffuse>
            </control>
            <control type="image">
                <description>background image</description>
                <posx>2</posx>
                <posy>2</posy>
                <width>366</width>
                <height>68</height>
                <texture diffuse="Mask1.png">background2.png</texture>
                <colordiffuse>BBFFFFFF</colordiffuse>
                <animation effect="fade" time="210">WindowClose</animation>
            </control>
            <control type="image" id="400">
                <description>avatar</description>
                <posx>15</posx>
                <posy>10</posy>
                <width>50</width>
                <height>50</height>
                <aspectratio>keep</aspectratio>
                <texture>IconOverlay.png</texture>
            </control>
            <control type="fadelabel" id="401">
                <description>Line 1 Label</description>
                <posx>75</posx>
                <posy>10</posy>
                <width>280</width>
                <height>25</height>
                <font>fontKB</font>
                <textcolor>lightblue</textcolor>
                <align>left</align>
                <aligny>center</aligny>
                <scrollout>false</scrollout>
                <pauseatend>2000</pauseatend>
            </control>
            <control type="fadelabel" id="402">
                <description>Line 2 Label</description>
                <posx>75</posx>
                <posy>35</posy>
                <width>280</width>
                <height>25</height>
                <font>fontKB</font>
                <textcolor>white</textcolor>
                <shadowcolor>black</shadowcolor>
                <align>left</align>
                <aligny>center</aligny>
                <scrollout>false</scrollout>
                <pauseatend>2000</pauseatend>
            </control>
            <control type="image" id="403">
                <description>avatar</description>
                <posx>15</posx>
                <posy>10</posy>
                <width>50</width>
                <height>50</height>
                <aspectratio>keep</aspectratio>
                <visible>false</visible>
                <texture>DefaultIconInfo.png</texture>
            </control>
            <control type="image" id="404">
                <description>avatar</description>
                <posx>15</posx>
                <posy>10</posy>
                <width>50</width>
                <height>50</height>
                <aspectratio>keep</aspectratio>
                <visible>false</visible>
                <texture>DefaultIconWarning.png</texture>
            </control>
            <control type="image" id="405">
                <description>avatar</description>
                <posx>15</posx>
                <posy>10</posy>
                <width>50</width>
                <height>50</height>
                <aspectratio>keep</aspectratio>
                <visible>false</visible>
                <texture>DefaultIconError.png</texture>
            </control>
        </control>
    </controls>
</window>