<?xml version="1.0" encoding="utf-8"?>
<window id="2003">
    <defaultcontrol>450</defaultcontrol>
    <allowoverlay>no</allowoverlay>
    <include>dialog-effect</include>
    <controls>
        <control type="image">
            <description>Black Panel</description>
            <posx>0</posx>
            <posy>250</posy>
            <width>1280</width>
            <height>288</height>
            <texture>nothing.png</texture>
        </control>
        <control type="image">
            <posx>-1280</posx>
            <posy>238</posy>
            <width>1280</width>
            <height>288</height>
            <texture>sub-background2.png</texture>
            <animation effect="slide" end="1280,0" delay="50" time="400">WindowOpen</animation>
        </control>
        <control type="wraplist" id="450">
            <viewtype label="535">list</viewtype>
            <posx>2560</posx>
            <posy>294</posy>
            <animation effect="slide" end="-2560,0" delay="50" time="400">WindowOpen</animation>
            <width>1280</width>
            <height>256</height>
            <scrolltime tween="sine" easing="inout">250</scrolltime>
            <focusposition>4</focusposition>
            <orientation>horizontal</orientation>
            <onleft>450</onleft>
            <onright>450</onright>
            <onup>450</onup>
            <ondown>450</ondown>
            <itemlayout height="60" width="124">
                <control type="image">
                    <posx>21</posx>
                    <posy>62</posy>
                    <width>80</width>
                    <height>75</height>
                    <texture>button-cd-nofocus.png</texture>
                </control>
            </itemlayout>
            <focusedlayout height="160" width="284">
                <control type="image">
                    <posx>44</posx>
                    <posy>-25</posy>
                    <width>213</width>
                    <height>200</height>
                    <texture>button-cd-focus.png</texture>
                </control>
                <control type="label">
                    <posx>151</posx>
                    <posy>156</posy>
                    <width>711</width>
                    <height>28</height>
                    <font>special14</font>
                    <include>selectedcolor</include>
                    <align>center</align>
                    <info>ListItem.Label</info>
                </control>
            </focusedlayout>
        </control>
    </controls>
</window>