<?xml version="1.0" encoding="utf-8"?>
<window id="123">
    <defaultcontrol>5</defaultcontrol>
    <controls>
        <control type="group">
            <animation effect="slide" time="600" start="1155,0" end="0,0" condition="!Skin.HasSetting(animated)">WindowOpen</animation>
            <animation effect="slide" time="600" start="0,0" end="1297,0" condition="!Skin.HasSetting(animated)">WindowClose</animation>
            <control type="image">
                <description>background</description>
                <posx>-4</posx>
                <posy>0</posy>
                <width>1291</width>
                <height>722</height>
                <texture>blackgloss.png</texture>
                <aspectratio>stretch</aspectratio>
            </control>
            <control type="image">
                <description>Profile Background</description>
                <posx>27</posx>
                <posy>94</posy>
                <width>1227</width>
                <height>529</height>
                <texture>background2.png</texture>
                <bordertexture>white.png</bordertexture>
                <bordersize>1.25,1.77,2.5,3.54</bordersize>
                <aspectratio>stretch</aspectratio>
            </control>
            <control type="label" id="1">
                <description>header label</description>
                <posx>36</posx>
                <posy>100</posy>
                <width>1244</width>
                <height>38</height>
                <font>special16</font>
                <label>$LOCALIZE[5]</label>
                <align>left</align>
                <aligny>center</aligny>
                <textcolor>white</textcolor>
                <shadowcolor>black</shadowcolor>
            </control>
            <control type="label" id="3">
                <description>No Settings Label</description>
                <posx>20</posx>
                <posy>180</posy>
                <width>640</width>
                <align>center</align>
                <label>35004</label>
                <font>font13-caps</font>
                <textcolor>lightblue</textcolor>
                <shadowcolor>black</shadowcolor>
            </control>
            <control type="grouplist" id="5">
                <animation effect="slide" start="0,0" end="5,0" time="0" condition="!Control.IsVisible(60)">Conditional</animation>
                <description>control area</description>
                <posx>36</posx>
                <posy>150</posy>
                <width>640</width>
                <height>412</height>
                <itemgap>5</itemgap>
                <pagecontrol>60</pagecontrol>
                <onleft>28</onleft>
                <onright>60</onright>
                <onup>28</onup>
                <ondown>28</ondown>
            </control>
            <control type="scrollbar" id="60">
                <posx>686</posx>
                <posy>150</posy>
                <width>18</width>
                <height>412</height>
                <texturesliderbackground border="0,17.70,0,17.70">scrollbar-back.png</texturesliderbackground>
                <texturesliderbar border="0,17.70,0,17.70">scrollbar-front-nofocus.png</texturesliderbar>
                <texturesliderbarfocus border="0,17.70,0,17.70">scrollbar-front-focus.png</texturesliderbarfocus>
                <onleft>3</onleft>
                <onright>3</onright>
                <ondown>60</ondown>
                <onup>60</onup>
                <showonepage>false</showonepage>
                <orientation>vertical</orientation>
                <visible>Control.IsVisible(5)</visible>
                <animation effect="fade" time="200">WindowClose</animation>
            </control>
            <control type="button" id="7">
                <description>Default Button</description>
                <posx>0</posx>
                <posy>0</posy>
                <height>40</height>
                <font>font13</font>
                <textcolor>grey</textcolor>
                <focusedcolor>white</focusedcolor>
                <texturefocus border="5">button-focus2.png</texturefocus>
            </control>
            <control type="radiobutton" id="8">
                <description>Default RadioButton</description>
                <posx>0</posx>
                <posy>0</posy>
                <height>40</height>
                <font>font13</font>
                <textcolor>grey</textcolor>
                <focusedcolor>white</focusedcolor>
                <texturefocus border="5">button-focus2.png</texturefocus>
            </control>
            <control type="spincontrolex" id="9">
                <description>Default SpinControlex</description>
                <posx>0</posx>
                <posy>0</posy>
                <height>40</height>
                <font>font13</font>
                <textcolor>grey</textcolor>
                <focusedcolor>white</focusedcolor>
                <texturefocus border="5">button-focus2.png</texturefocus>
                <texturenofocus border="5">button-nofocus.png</texturenofocus>
                <aligny>center</aligny>
                <reverse>yes</reverse>
            </control>
            <control type="sliderex" id="10">
                <description>Default Slider</description>
                <height>40</height>
                <texturenofocus border="5">button-nofocus.png</texturenofocus>
                <texturefocus border="5">button-focus2.png</texturefocus>
                <font>font13</font>
                <textcolor>grey</textcolor>
                <focusedcolor>white</focusedcolor>
            </control>
            <control type="image" id="11">
                <description>separator image</description>
                <height>2</height>
                <texture>separator.png</texture>
                <colordiffuse>80ffffff</colordiffuse>
            </control>
            <control type="group" id="9000">
                <posx>36</posx>
                <posy>575</posy>
                <control type="button" id="29">
                    <description>Cancel Button</description>
                    <posy>0</posy>
                    <posx>0</posx>
                    <width>200</width>
                    <height>40</height>
                    <align>center</align>
                    <aligny>center</aligny>
                    <textcolor>white</textcolor>
                    <shadowcolor>black</shadowcolor>
                    <font>font14</font>
                    <label>222</label>
                    <onleft>50</onleft>
                    <onright>28</onright>
                    <onup>5</onup>
                    <ondown>5</ondown>
                </control>
                <control type="button" id="28">
                    <description>OK Button</description>
                    <posy>0</posy>
                    <posx>210</posx>
                    <width>200</width>
                    <height>40</height>
                    <align>center</align>
                    <aligny>center</aligny>
                    <textcolor>white</textcolor>
                    <shadowcolor>black</shadowcolor>
                    <font>font14</font>
                    <label>186</label>
                    <onleft>29</onleft>
                    <onright>50</onright>
                    <onup>5</onup>
                    <ondown>5</ondown>
                </control>
                <control type="button" id="50">
                    <description>Defaults Button</description>
                    <posy>0</posy>
                    <posx>420</posx>
                    <width>200</width>
                    <height>40</height>
                    <align>center</align>
                    <aligny>center</aligny>
                    <textcolor>white</textcolor>
                    <shadowcolor>black</shadowcolor>
                    <font>font14</font>
                    <label>409</label>
                    <onleft>28</onleft>
                    <onright>29</onright>
                    <onup>5</onup>
                    <ondown>5</ondown>
                </control>
            </control>
        </control>
    </controls>
</window>