<?xml version="1.0" encoding="utf-8"?>
<window id="128">
    <defaultcontrol>10</defaultcontrol>
    <coordinates>
        <system>1</system>
        <posx>267</posx>
        <posy>188</posy>
    </coordinates>
    <animation effect="fade" time="400">WindowOpen</animation>
    <animation effect="fade" time="400">WindowClose</animation>
    <controls>
        <control type="image">
            <description>background image</description>
            <posx>0</posx>
            <posy>31</posy>
            <width>747</width>
            <height>331</height>
            <texture>osd_menu_bg.png</texture>
        </control>
        <control type="image">
            <description>background image</description>
            <posx>0</posx>
            <posy>-6</posy>
            <width>747</width>
            <height>39</height>
            <texture>osd_settings_header.png</texture>
        </control>
        <control type="label" id="2">
            <description>Settings Label</description>
            <posx>0</posx>
            <posy>2</posy>
            <width>747</width>
            <align>center</align>
            <font>font12</font>
            <label>1007</label>
        </control>
        <control type="spincontrolex" id="10">
            <description>Protocol SpinControl</description>
            <posx>18</posx>
            <posy>44</posy>
            <height>39</height>
            <width>711</width>
            <texturefocus>list-focus.png</texturefocus>
            <texturenofocus>-</texturenofocus>
            <textureup>scroll-up.png</textureup>
            <texturedown>scroll-down.png</texturedown>
            <textureupfocus>scroll-up-focus.png</textureupfocus>
            <texturedownfocus>scroll-down-focus.png</texturedownfocus>
            <font>font12</font>
            <include>textcolorwhite</include>
            <disabledcolor>60d0d0d0</disabledcolor>
            <textoffsetx>21</textoffsetx>
            <aligny>center</aligny>
            <reverse>yes</reverse>
            <label>1008</label>
            <onup>18</onup>
            <ondown>11</ondown>
            <onleft>10</onleft>
            <onright>10</onright>
        </control>
        <control type="button" id="11">
            <description>Server Address Button</description>
            <posx>18</posx>
            <posy>88</posy>
            <width>640</width>
            <height>39</height>
            <font>font12</font>
            <textcolor>lightgrey</textcolor>
            <textoffsetx>21</textoffsetx>
            <aligny>center</aligny>
            <texturefocus>list-focus.png</texturefocus>
            <texturenofocus>-</texturenofocus>
            <label>-</label>
            <onup>10</onup>
            <onleft>12</onleft>
            <onright>12</onright>
            <ondown>16</ondown>
        </control>
        <control type="button" id="12">
            <description>Server Browse Button</description>
            <posx>676</posx>
            <posy>88</posy>
            <width>53</width>
            <height>39</height>
            <font>font12</font>
            <textcolor>lightgrey</textcolor>
            <textoffsetx>21</textoffsetx>
            <label>...</label>
            <align>center</align>
            <aligny>center</aligny>
            <texturefocus>button-focus.png</texturefocus>
            <texturenofocus>button-nofocus.png</texturenofocus>
            <onup>10</onup>
            <onleft>11</onleft>
            <onright>11</onright>
            <ondown>16</ondown>
        </control>
        <control type="button" id="16">
            <description>Remote path Button</description>
            <posx>18</posx>
            <posy>131</posy>
            <width>711</width>
            <height>39</height>
            <font>font12</font>
            <textcolor>lightgrey</textcolor>
            <textoffsetx>21</textoffsetx>
            <aligny>center</aligny>
            <texturefocus>list-focus.png</texturefocus>
            <texturenofocus>-</texturenofocus>
            <label>-</label>
            <onup>11</onup>
            <onleft>16</onleft>
            <onright>16</onright>
            <ondown>13</ondown>
        </control>
        <control type="button" id="13">
            <description>Port Button</description>
            <posx>18</posx>
            <posy>175</posy>
            <width>711</width>
            <height>39</height>
            <font>font12</font>
            <textcolor>lightgrey</textcolor>
            <textoffsetx>21</textoffsetx>
            <aligny>center</aligny>
            <texturefocus>list-focus.png</texturefocus>
            <texturenofocus>-</texturenofocus>
            <label>1013</label>
            <onup>16</onup>
            <onleft>13</onleft>
            <onright>13</onright>
            <ondown>14</ondown>
        </control>
        <control type="button" id="14">
            <description>Username Button</description>
            <posx>18</posx>
            <posy>219</posy>
            <width>711</width>
            <height>39</height>
            <font>font12</font>
            <textcolor>lightgrey</textcolor>
            <textoffsetx>21</textoffsetx>
            <aligny>center</aligny>
            <texturefocus>list-focus.png</texturefocus>
            <texturenofocus>-</texturenofocus>
            <label>1014</label>
            <onup>13</onup>
            <onleft>14</onleft>
            <onright>14</onright>
            <ondown>15</ondown>
        </control>
        <control type="button" id="15">
            <description>Password Button</description>
            <posx>18</posx>
            <posy>262</posy>
            <width>711</width>
            <height>39</height>
            <font>font12</font>
            <textcolor>lightgrey</textcolor>
            <textoffsetx>21</textoffsetx>
            <aligny>center</aligny>
            <texturefocus>list-focus.png</texturefocus>
            <texturenofocus>-</texturenofocus>
            <label>15052</label>
            <onup>14</onup>
            <onleft>15</onleft>
            <onright>15</onright>
            <ondown>18</ondown>
        </control>
        <control type="button" id="18">
            <description>Ok Button</description>
            <posx>498</posx>
            <posy>306</posy>
            <width>107</width>
            <height>39</height>
            <font>font12</font>
            <textcolor>lightgrey</textcolor>
            <textoffsetx>21</textoffsetx>
            <align>center</align>
            <aligny>center</aligny>
            <texturefocus>button-focus.png</texturefocus>
            <texturenofocus>button-nofocus.png</texturenofocus>
            <label>186</label>
            <onup>15</onup>
            <onleft>19</onleft>
            <onright>19</onright>
            <ondown>10</ondown>
        </control>
        <control type="button" id="19">
            <description>Cancel Button</description>
            <posx>622</posx>
            <posy>306</posy>
            <width>107</width>
            <height>39</height>
            <font>font12</font>
            <textcolor>lightgrey</textcolor>
            <textoffsetx>21</textoffsetx>
            <align>center</align>
            <aligny>center</aligny>
            <texturefocus>button-focus.png</texturefocus>
            <texturenofocus>button-nofocus.png</texturenofocus>
            <label>222</label>
            <onup>15</onup>
            <onleft>18</onleft>
            <onright>18</onright>
            <ondown>10</ondown>
        </control>
    </controls>
</window>