<?xml version="1.0" encoding="utf-8"?>
<window id="151">
    <defaultcontrol>-</defaultcontrol>
    <coordinates>
        <system>1</system>
        <posx>0</posx>
    </coordinates>
    <animation effect="fade" time="400">WindowOpen</animation>
    <animation effect="fade" time="400">WindowClose</animation>
    <controls>
        <control type="group">
            <visible>!Window.IsActive(2006) + !VideoPlayer.IsFullscreen</visible>
            <control type="image" id="1">
                <description>Scan Dialog Background</description>
                <posx>10</posx>
                <posy>5</posy>
                <width>497</width>
                <height>67</height>
                <texture diffuse="mask wide.png">background2.png</texture>
                <colordiffuse>BBffffff</colordiffuse>
            </control>
            <control type="image" id="1">
                <description>Scan Dialog Background</description>
                <posx>10</posx>
                <posy>5</posy>
                <width>497</width>
                <height>67</height>
                <texture diffuse="mask wide.png">Glass3.png</texture>
                <colordiffuse>AAFFFFFF</colordiffuse>
            </control>
            <control type="image" id="1">
                <description>Scan Dialog Background</description>
                <posx>10</posx>
                <posy>5</posy>
                <width>497</width>
                <height>67</height>
                <texture>mask wide frame.png</texture>
            </control>
            <control type="label" id="30">
                <description>Caption Label</description>
                <posx>18</posx>
                <posy>10</posy>
                <font>font10</font>
                <align>left</align>
                <width>481</width>
                <height>15</height>
                <textcolor>lightblue</textcolor>
            </control>
            <control type="label" id="31">
                <description>Current Title Label</description>
                <posx>18</posx>
                <posy>32</posy>
                <width>481</width>
                <haspath>yes</haspath>
                <font>font10</font>
                <height>15</height>
                <textcolor>white</textcolor>
            </control>
            <control type="progress" id="32">
                <description>progress control</description>
                <posx>12</posx>
                <posy>52</posy>
                <width>491</width>
                <height>15</height>
                <colordiffuse>DDFFFFFF</colordiffuse>
            </control>
        </control>
    </controls>
</window>