<?xml version="1.0" encoding="utf-8"?>
<window>
    <defaultcontrol always="true">11</defaultcontrol>
    <coordinates>
        <system>1</system>
        <posx>780</posx>
        <posy>30</posy>
    </coordinates>
    <controls>
        <control type="group">
            <control type="image">
                <description>background image</description>
                <posx>0</posx>
                <posy>0</posy>
                <width>480</width>
                <height>660</height>
                <texture border="40">context.png</texture>
            </control>
            <control type="label">
                <description>header label</description>
                <posx>40</posx>
                <posy>16</posy>
                <width>430</width>
                <height>40</height>
                <font>Home-Heading-S</font>
                <label>$LOCALIZE[19023] - $INFO[VideoPlayer.ChannelGroup]</label>
                <align>center</align>
                <aligny>center</aligny>
                <textcolor>blue</textcolor>
                <shadowcolor>black</shadowcolor>
                <visible>!pvr.IsPlayingRadio</visible>
            </control>
            <control type="label">
                <description>header label</description>
                <posx>40</posx>
                <posy>16</posy>
                <width>430</width>
                <height>40</height>
                <font>Home-Heading-S</font>
                <label>$LOCALIZE[19024] - $INFO[MusicPlayer.ChannelGroup]</label>
                <align>center</align>
                <aligny>center</aligny>
                <textcolor>blue</textcolor>
                <shadowcolor>black</shadowcolor>
                <visible>pvr.IsPlayingRadio</visible>
            </control>
            <control type="label">
                <description>header label</description>
                <posx>40</posx>
                <posy>-2</posy>
                <width>430</width>
                <height>120</height>
                <font>font64</font>
                <label>$INFO[System.Date(DDD)], $INFO[System.Date(d)] $INFO[System.Date(mmm)] $INFO[System.Date(yyyy)] • $INFO[System.Time]</label>
                <align>center</align>
                <aligny>center</aligny>
                <textcolor>grey</textcolor>
                <shadowcolor>black</shadowcolor>
            </control>
            <control type="list" id="11">
                <posx>30</posx>
                <posy>85</posy>
                <width>410</width>
                <height>490</height>
                <onleft>61</onleft>
                <onright>61</onright>
                <onup>11</onup>
                <ondown>11</ondown>
                <viewtype label="535">list</viewtype>
                <pagecontrol>61</pagecontrol>
                <scrolltime>200</scrolltime>
                <itemlayout height="70" width="410">
                    <control type="image">
                        <posx>-5</posx>
                        <posy>0</posy>
                        <width>420</width>
                        <height>65</height>
                        <texture>button-nofocus.png</texture>
                    </control>
                    <control type="label">
                        <posx>5</posx>
                        <posy>0</posy>
                        <width>40</width>
                        <height>30</height>
                        <font>font64</font>
                        <align>left</align>
                        <aligny>center</aligny>
                        <textcolor>grey</textcolor>
                        <selectedcolor>grey</selectedcolor>
                        <info>ListItem.ChannelNumber</info>
                    </control>
                    <control type="image">
                        <posx>5</posx>
                        <posy>35</posy>
                        <width>20</width>
                        <height>20</height>
                        <aspectratio>Stretch</aspectratio>
                        <texture>OSDRecord2.png</texture>
                        <visible>ListItem.IsRecording</visible>
                    </control>
                    <control type="label">
                        <posx>50</posx>
                        <posy>0</posy>
                        <width>350</width>
                        <height>25</height>
                        <font>font64</font>
                        <textcolor>lightgrey</textcolor>
                        <selectedcolor>blue</selectedcolor>
                        <align>left</align>
                        <aligny>center</aligny>
                        <label>$INFO[ListItem.Label]</label>
                    </control>
                    <control type="label">
                        <posx>50</posx>
                        <posy>25</posy>
                        <width>350</width>
                        <height>20</height>
                        <font>font10</font>
                        <textcolor>grey</textcolor>
                        <selectedcolor>white</selectedcolor>
                        <align>left</align>
                        <aligny>center</aligny>
                        <label>$INFO[ListItem.Title]</label>
                        <visible>IsEmpty(Listitem.Icon)</visible>
                    </control>
                    <control type="label">
                        <posx>50</posx>
                        <posy>25</posy>
                        <width>300</width>
                        <height>20</height>
                        <font>font10</font>
                        <textcolor>grey</textcolor>
                        <selectedcolor>white</selectedcolor>
                        <align>left</align>
                        <aligny>center</aligny>
                        <label>$INFO[ListItem.Title]</label>
                        <visible>!IsEmpty(Listitem.Icon)</visible>
                    </control>
                    <control type="label">
                        <posx>50</posx>
                        <posy>49</posy>
                        <width>60</width>
                        <height>15</height>
                        <font>font10</font>
                        <textcolor>lightgrey</textcolor>
                        <selectedcolor>blue</selectedcolor>
                        <aligny>center</aligny>
                        <label>$INFO[ListItem.StartTime]</label>
                        <visible>ListItem.HasEpg</visible>
                    </control>
                    <control type="progress">
                        <description>Progressbar</description>
                        <posx>110</posx>
                        <posy>53</posy>
                        <width>220</width>
                        <height>6</height>
                        <colordiffuse>88FFFFFF</colordiffuse>
                        <info>ListItem.Progress</info>
                        <visible>ListItem.HasEpg</visible>
                    </control>
                    <control type="label">
                        <posx>345</posx>
                        <posy>49</posy>
                        <width>60</width>
                        <height>15</height>
                        <font>font10</font>
                        <textcolor>lightgrey</textcolor>
                        <selectedcolor>blue</selectedcolor>
                        <aligny>center</aligny>
                        <label>$INFO[ListItem.EndTime]</label>
                        <visible>ListItem.HasEpg</visible>
                    </control>
                    <control type="image">
                        <posx>360</posx>
                        <posy>4</posy>
                        <width>40</width>
                        <height>40</height>
                        <texture>$INFO[ListItem.Icon]</texture>
                    </control>
                </itemlayout>
                <focusedlayout height="70" width="410">
                    <control type="image">
                        <posx>-5</posx>
                        <posy>0</posy>
                        <width>420</width>
                        <height>65</height>
                        <texture>button-nofocus.png</texture>
                        <visible>!Control.HasFocus(11)</visible>
                    </control>
                    <control type="image">
                        <posx>-5</posx>
                        <posy>0</posy>
                        <width>420</width>
                        <height>65</height>
                        <texture>button-focus2.png</texture>
                        <visible>Control.HasFocus(11)</visible>
                    </control>
                    <control type="label">
                        <posx>5</posx>
                        <posy>0</posy>
                        <width>40</width>
                        <height>30</height>
                        <font>font64</font>
                        <align>left</align>
                        <aligny>center</aligny>
                        <textcolor>grey</textcolor>
                        <selectedcolor>grey</selectedcolor>
                        <info>ListItem.ChannelNumber</info>
                    </control>
                    <control type="image">
                        <posx>5</posx>
                        <posy>35</posy>
                        <width>20</width>
                        <height>20</height>
                        <aspectratio>Stretch</aspectratio>
                        <texture>OSDRecord2.png</texture>
                        <visible>ListItem.IsRecording</visible>
                    </control>
                    <control type="label">
                        <posx>50</posx>
                        <posy>0</posy>
                        <width>350</width>
                        <height>25</height>
                        <font>font64</font>
                        <textcolor>white</textcolor>
                        <selectedcolor>blue</selectedcolor>
                        <align>left</align>
                        <aligny>center</aligny>
                        <label>$INFO[ListItem.Label]</label>
                    </control>
                    <control type="label">
                        <posx>50</posx>
                        <posy>25</posy>
                        <width>350</width>
                        <height>20</height>
                        <font>font64</font>
                        <textcolor>white</textcolor>
                        <selectedcolor>white</selectedcolor>
                        <align>left</align>
                        <aligny>center</aligny>
                        <label>$INFO[ListItem.Title]</label>
                        <visible>IsEmpty(Listitem.Icon)</visible>
                    </control>
                    <control type="label">
                        <posx>50</posx>
                        <posy>25</posy>
                        <width>300</width>
                        <height>20</height>
                        <font>font10</font>
                        <textcolor>grey</textcolor>
                        <selectedcolor>white</selectedcolor>
                        <align>left</align>
                        <aligny>center</aligny>
                        <label>$INFO[ListItem.Title]</label>
                        <visible>!IsEmpty(Listitem.Icon)</visible>
                    </control>
                    <control type="label">
                        <posx>50</posx>
                        <posy>49</posy>
                        <width>60</width>
                        <height>15</height>
                        <font>font10</font>
                        <textcolor>white</textcolor>
                        <selectedcolor>blue</selectedcolor>
                        <aligny>center</aligny>
                        <label>$INFO[ListItem.StartTime]</label>
                        <visible>ListItem.HasEpg</visible>
                    </control>
                    <control type="progress">
                        <description>Progressbar</description>
                        <posx>110</posx>
                        <posy>53</posy>
                        <width>220</width>
                        <height>6</height>
                        <colordiffuse>88FFFFFF</colordiffuse>
                        <info>ListItem.Progress</info>
                        <visible>ListItem.HasEpg</visible>
                    </control>
                    <control type="label">
                        <posx>345</posx>
                        <posy>49</posy>
                        <width>60</width>
                        <height>15</height>
                        <font>font10</font>
                        <textcolor>white</textcolor>
                        <selectedcolor>blue</selectedcolor>
                        <aligny>center</aligny>
                        <label>$INFO[ListItem.EndTime]</label>
                        <visible>ListItem.HasEpg</visible>
                    </control>
                    <control type="image">
                        <posx>360</posx>
                        <posy>4</posy>
                        <width>40</width>
                        <height>40</height>
                        <texture>$INFO[ListItem.Icon]</texture>
                    </control>
                </focusedlayout>
            </control>
            <control type="scrollbar" id="61">
                <posx>450</posx>
                <posy>90</posy>
                <width>11</width>
                <height>480</height>
                <texturesliderbackground border="0,17.70,0,17.70">scrollbar-back.png</texturesliderbackground>
                <texturesliderbar border="0,17.70,0,17.70">scrollbar-front-nofocus.png</texturesliderbar>
                <texturesliderbarfocus border="0,17.70,0,17.70">scrollbar-front-focus.png</texturesliderbarfocus>
                <onleft>11</onleft>
                <onright>11</onright>
                <ondown>61</ondown>
                <onup>61</onup>
                <showonepage>false</showonepage>
                <orientation>vertical</orientation>
            </control>
            <control type="label">
                <description>Page Count Label</description>
                <posx>30</posx>
                <posy>610</posy>
                <width>410</width>
                <height>20</height>
                <font>font12</font>
                <textcolor>grey</textcolor>
                <scroll>false</scroll>
                <align>center</align>
                <aligny>center</aligny>
                <label>([COLOR=blue]$INFO[Container(11).NumItems][/COLOR]) $LOCALIZE[19019] - $LOCALIZE[31160] ([COLOR=blue]$INFO[Container(11).CurrentPage]/$INFO[Container(11).NumPages][/COLOR])</label>
            </control>
        </control>
    </controls>
</window>