<?xml version="1.0" encoding="utf-8"?>
<window id="10140">
    <defaultcontrol always="true">20</defaultcontrol>
    <allowoverlay>yes</allowoverlay>
    <include>dialog-effect</include>
    <controls>
        <control type="group">
            <visible>!Window.IsVisible(PeripheralSettings)</visible>
            <animation effect="slide" time="600" start="1155,0" end="0,0" condition="!Skin.HasSetting(animated)">WindowOpen</animation>
            <animation effect="slide" time="600" start="0,0" end="1297,0" condition="!Skin.HasSetting(animated)">WindowClose</animation>
            <control type="image">
                <description>background</description>
                <posx>-4</posx>
                <posy>0</posy>
                <width>1291</width>
                <height>722</height>
                <texture>blackgloss.png</texture>
                <aspectratio>stretch</aspectratio>
            </control>
            <control type="image">
                <description>Profile Background</description>
                <posx>27</posx>
                <posy>94</posy>
                <width>1227</width>
                <height>529</height>
                <texture>background2.png</texture>
                <bordertexture>white.png</bordertexture>
                <bordersize>1.25,1.77,2.5,3.54</bordersize>
                <aspectratio>stretch</aspectratio>
            </control>
            <control type="label" id="1">
                <description>header label</description>
                <posx>36</posx>
                <posy>100</posy>
                <width>1244</width>
                <height>38</height>
                <font>special16</font>
                <label>$LOCALIZE[35000]</label>
                <align>left</align>
                <aligny>center</aligny>
                <textcolor>white</textcolor>
                <shadowcolor>black</shadowcolor>
            </control>
            <control type="list" id="20">
                <posx>36</posx>
                <posy>150</posy>
                <width>640</width>
                <height>412</height>
                <onleft>10</onleft>
                <onright>61</onright>
                <onup>20</onup>
                <ondown>20</ondown>
                <pagecontrol>61</pagecontrol>
                <scrolltime tween="sine" easing="inout">200</scrolltime>
                <itemlayout height="82" width="550">
                    <control type="label">
                        <description>Name</description>
                        <posx>10</posx>
                        <posy>5</posy>
                        <width>520</width>
                        <height>20</height>
                        <label>$INFO[ListItem.Label]</label>
                        <align>left</align>
                        <aligny>center</aligny>
                        <font>font13</font>
                        <textcolor>white</textcolor>
                    </control>
                    <control type="label">
                        <description>Product ID Vendor ID</description>
                        <posx>10</posx>
                        <posy>30</posy>
                        <width>520</width>
                        <height>20</height>
                        <label>$LOCALIZE[35504]:  [COLOR=grey2]$INFO[ListItem.Property(Product)][/COLOR]    $LOCALIZE[35503]:  [COLOR=grey2]$INFO[ListItem.Property(Vendor)][/COLOR]</label>
                        <align>left</align>
                        <aligny>center</aligny>
                        <font>font15</font>
                        <textcolor>lightblue</textcolor>
                    </control>
                    <control type="label">
                        <description>class</description>
                        <posx>10</posx>
                        <posy>50</posy>
                        <width>520</width>
                        <height>20</height>
                        <label>$LOCALIZE[35501]:  [COLOR=grey2]$INFO[ListItem.Property(Class)][/COLOR]</label>
                        <align>left</align>
                        <aligny>center</aligny>
                        <font>font15</font>
                        <textcolor>lightblue</textcolor>
                    </control>
                </itemlayout>
                <focusedlayout height="82" width="550">
                    <control type="image">
                        <posx>0</posx>
                        <posy>0</posy>
                        <width>550</width>
                        <height>80</height>
                        <texture diffuse="mask wide.png">panel background.png</texture>
                        <colordiffuse>55ffffff</colordiffuse>
                        <visible>Control.HasFocus(20)</visible>
                    </control>
                    <control type="label">
                        <description>Name</description>
                        <posx>10</posx>
                        <posy>5</posy>
                        <width>520</width>
                        <height>20</height>
                        <label>$INFO[ListItem.Label]</label>
                        <align>left</align>
                        <aligny>center</aligny>
                        <font>font13</font>
                        <textcolor>white</textcolor>
                    </control>
                    <control type="label">
                        <description>Product ID Vendor ID</description>
                        <posx>10</posx>
                        <posy>30</posy>
                        <width>520</width>
                        <height>20</height>
                        <label>$LOCALIZE[35504]:  [COLOR=grey2]$INFO[ListItem.Property(Product)][/COLOR]    $LOCALIZE[35503]:  [COLOR=grey2]$INFO[ListItem.Property(Vendor)][/COLOR]</label>
                        <align>left</align>
                        <aligny>center</aligny>
                        <font>font15</font>
                        <textcolor>lightblue</textcolor>
                    </control>
                    <control type="label">
                        <description>class</description>
                        <posx>10</posx>
                        <posy>50</posy>
                        <width>520</width>
                        <height>20</height>
                        <label>$LOCALIZE[35501]:  [COLOR=grey2]$INFO[ListItem.Property(Class)][/COLOR]</label>
                        <align>left</align>
                        <aligny>center</aligny>
                        <font>font15</font>
                        <textcolor>lightblue</textcolor>
                    </control>
                </focusedlayout>
            </control>
            <control type="scrollbar" id="61">
                <posx>686</posx>
                <posy>150</posy>
                <width>18</width>
                <height>412</height>
                <texturesliderbackground border="0,17.70,0,17.70">scrollbar-back.png</texturesliderbackground>
                <texturesliderbar border="0,17.70,0,17.70">scrollbar-front-nofocus.png</texturesliderbar>
                <texturesliderbarfocus border="0,17.70,0,17.70">scrollbar-front-focus.png</texturesliderbarfocus>
                <onleft>20</onleft>
                <onright>10</onright>
                <ondown>61</ondown>
                <onup>61</onup>
                <showonepage>false</showonepage>
                <orientation>vertical</orientation>
                <visible>Control.IsVisible(20)</visible>
                <animation effect="fade" time="200">WindowClose</animation>
            </control>
            <control type="label">
                <description>number of files/pages in list text label</description>
                <posx>1236</posx>
                <posy>594</posy>
                <height>25</height>
                <width>478</width>
                <align>right</align>
                <font>Music</font>
                <scroll>true</scroll>
                <textcolor>white</textcolor>
                <label>[COLOR=lightblue]($INFO[Container(20).NumItems])[/COLOR] $LOCALIZE[31167] - $LOCALIZE[31160] [COLOR=lightblue]($INFO[Container(20).CurrentPage]/$INFO[Container(20).NumPages])[/COLOR]</label>
            </control>
            <control type="button" id="10">
                <description>OK button</description>
                <posx>36</posx>
                <posy>575</posy>
                <height>38</height>
                <width>178</width>
                <align>center</align>
                <texturefocus>button-focus.png</texturefocus>
                <texturenofocus>button-nofocus.png</texturenofocus>
                <textcolor>white</textcolor>
                <shadowcolor>black</shadowcolor>
                <label>186</label>
                <font>font14</font>
                <onleft>61</onleft>
                <onright>20</onright>
                <onup>20</onup>
                <ondown>20</ondown>
            </control>
        </control>
    </controls>
</window>