<?xml version="1.0" encoding="utf-8"?>
<window id="138">
    <animation effect="fade" time="100">WindowOpen</animation>
    <animation effect="fade" time="200">WindowClose</animation>
    <coordinates>
        <system>1</system>
        <posx>0</posx>
        <posy>0</posy>
    </coordinates>
    <controls>
        <control type="group">
            <posx>1080</posx>
            <posy>638</posy>
            <control type="image">
                <description>background image</description>
                <posx>0</posx>
                <posy>0</posy>
                <width>180</width>
                <height>62</height>
                <texture diffuse="Mask1.png">List background4.png</texture>
                <colordiffuse>BBFFFFFF</colordiffuse>
            </control>
            <control type="image">
                <description>background image</description>
                <posx>2</posx>
                <posy>2</posy>
                <width>176</width>
                <height>58</height>
                <texture diffuse="Mask1.png">background2.png</texture>
                <animation effect="fade" time="210">WindowClose</animation>
                <colordiffuse>BBFFFFFF</colordiffuse>
            </control>
            <control type="multiimage">
                <description>Busy animation</description>
                <posx>15</posx>
                <posy>10</posy>
                <width>42</width>
                <height>42</height>
                <imagepath>special://skin/images/busy</imagepath>
                <timeperimage>85</timeperimage>
                <fadetime>0</fadetime>
            </control>
            <control type="label">
                <description>Busy label</description>
                <posx>65</posx>
                <posy>10</posy>
                <width>110</width>
                <height>42</height>
                <align>left</align>
                <aligny>center</aligny>
                <label>$LOCALIZE[31243]</label>
                <textcolor>white</textcolor>
                <font>Time</font>
            </control>
        </control>
    </controls>
</window>