<?xml version="1.0" encoding="utf-8"?>
<window type="dialog" id="134">
    <defaultcontrol always="true">450</defaultcontrol>
    <coordinates>
        <system>1</system>
        <posx>0</posx>
        <posy>0</posy>
    </coordinates>
    <controls>
        <control type="group">
            <control type="image">
                <posx>-373.17</posx>
                <posy>0</posy>
                <width>373.17</width>
                <height>720</height>
                <texture>Left Curtain Panel.png</texture>
                <visible>!Skin.HasSetting(Wallpaper)</visible>
                <visible>!Skin.HasSetting(Default Wallpaper)</visible>
            </control>
			<control type="image">
                <posx>-373.17</posx>
                <posy>0</posy>
                <width>373.17</width>
                <height>720</height>
                <texture>black.png</texture>
                <visible>!Skin.HasSetting(Wallpaper)</visible>
                <visible>!Skin.HasSetting(Default Wallpaper)</visible>
            </control>
            <control type="image">
                <posx>-373.17</posx>
                <posy>0</posy>
                <width>373.17</width>
                <height>720</height>
                <texture>Background2.png</texture>
				<colordiffuse>E1FFFFFF</colordiffuse>
				<visible>Skin.HasSetting(Wallpaper) |Skin.HasSetting(Default Wallpaper)</visible>
            </control>
            <control type="list" id="450">
                <posx>-373.17</posx>
                <posy>43.75</posy>
                <width>373.17</width>
                <height>562.50</height>
                <onleft>450</onleft>
                <onright>450</onright>
                <onup>450</onup>
                <ondown>450</ondown>
                <itemlayout height="37.50" width="373.17">
                    <control type="label">
                        <posx>186.58</posx>
                        <posy>6.25</posy>
                        <width>355.40</width>
                        <height>25.00</height>
                        <font>fontKB</font>
                        <align>center</align>
                        <aligny>center</aligny>
                        <info>ListItem.Label</info>
                        <scroll>true</scroll>
                        <textcolor>white</textcolor>
                        <shadowcolor>black</shadowcolor>
                    </control>
                </itemlayout>
                <focusedlayout height="37.50" width="373.17">
                    <control type="image">
                        <posx>0</posx>
                        <posy>0</posy>
                        <width>373.17</width>
                        <height>37.50</height>
                        <align>center</align>
                        <aligny>center</aligny>
                        <texture>button3.png</texture>
                        <colordiffuse>66ffffff</colordiffuse>
                    </control>
                    <control type="label">
                        <posx>186.58</posx>
                        <posy>6.25</posy>
                        <width>355.40</width>
                        <height>25.00</height>
                        <font>fontKB</font>
                        <align>center</align>
                        <aligny>center</aligny>
                        <textcolor>white</textcolor>
                        <shadowcolor>black</shadowcolor>
                        <scroll>true</scroll>
                        <info>ListItem.Label</info>
                    </control>
                </focusedlayout>
            </control>
            <control type="image">
                <description>Time</description>
                <posx>-373.17</posx>
                <posy>606.25</posy>
                <width>373.17</width>
                <height>50.00</height>
                <texture>homebutton-horizontal-nofocus.png</texture>
                <align>center</align>
            </control>
            <control type="label">
                <description>Time</description>
                <posx>-373.17</posx>
                <posy>606.25</posy>
                <width>373.17</width>
                <height>50.00</height>
                <label>552</label>
                <info>System.Time</info>
                <align>center</align>
                <aligny>center</aligny>
                <font>special16</font>
                <textcolor>white</textcolor>
                <shadowcolor>black</shadowcolor>
            </control>
            <control type="image">
                <posx>-2.66</posx>
                <posy>0</posy>
                <width>2.66</width>
                <height>720</height>
                <texture>background2.png</texture>
                <colordiffuse>AAFFFFFF</colordiffuse>
            </control>
            <animation effect="slide" end="373.17,0" delay="50" tween="cubic" time="400">WindowOpen</animation>
            <animation effect="slide" start="373.17,0" end="-373.17,0" delay="50" tween="cubic" time="600">WindowClose</animation>
        </control>
    </controls>
</window>