<?xml version="1.0" encoding="utf-8"?>
<window>
    <defaultcontrol>29</defaultcontrol>
    <coordinates>
        <system>1</system>
        <posx>275</posx>
        <posy>30</posy>
    </coordinates>
    <controls>
        <control type="image">
            <description>background image</description>
            <posx>0</posx>
            <posy>0</posy>
            <width>730</width>
            <height>660</height>
            <texture border="40">context.png</texture>
        </control>
        <control type="image">
            <description>background image</description>
            <posx>0</posx>
            <posy>0</posy>
            <width>730</width>
            <height>660</height>
            <texture border="40">context.png</texture>
        </control>
        <control type="image">
            <description>Dialog Header image</description>
            <posx>40</posx>
            <posy>16</posy>
            <width>650</width>
            <height>40</height>
            <texture>list-focus.png</texture>
            <colordiffuse>99ffffff</colordiffuse>
        </control>
        <control type="label" id="2">
            <description>header label</description>
            <posx>40</posx>
            <posy>20</posy>
            <width>650</width>
            <height>30</height>
            <font>Home-Heading-S</font>
            <label>-</label>
            <align>center</align>
            <aligny>center</aligny>
            <textcolor>white</textcolor>
            <shadowcolor>black</shadowcolor>
        </control>
        <control type="grouplist" id="5">
            <description>control area</description>
            <posx>30</posx>
            <posy>70</posy>
            <width>670</width>
            <height>510</height>
            <itemgap>5</itemgap>
            <onup>9001</onup>
            <ondown>9001</ondown>
            <onleft>9001</onleft>
            <onright>9001</onright>
        </control>
        <control type="group" id="9001">
            <posx>160</posx>
            <posy>590</posy>
            <control type="button" id="28">
                <description>OK Button</description>
                <posx>0</posx>
                <posy>0</posy>
                <width>200</width>
                <height>40</height>
                <align>center</align>
                <aligny>center</aligny>
                <font>font12</font>
                <label>186</label>
                <onleft>29</onleft>
                <onright>29</onright>
                <onup>5</onup>
                <ondown>5</ondown>
            </control>
            <control type="button" id="29">
                <description>Cancel Button</description>
                <posx>210</posx>
                <posy>0</posy>
                <width>200</width>
                <height>40</height>
                <align>center</align>
                <aligny>center</aligny>
                <font>font12</font>
                <label>222</label>
                <onleft>28</onleft>
                <onright>28</onright>
                <onup>5</onup>
                <ondown>5</ondown>
            </control>
        </control>
        <control type="button" id="7">
            <description>Default Button</description>
            <height>40</height>
            <font>font13</font>
            <colordiffuse>ddffffff</colordiffuse>
            <textoffsetx>15</textoffsetx>
            <textcolor>grey</textcolor>
            <focusedcolor>white</focusedcolor>
            <texturefocus>button-focus2.png</texturefocus>
            <texturenofocus>button-nofocus.png</texturenofocus>
        </control>
        <control type="radiobutton" id="8">
            <description>Default RadioButton</description>
            <height>40</height>
            <font>font13</font>
            <textcolor>grey</textcolor>
            <focusedcolor>white</focusedcolor>
            <colordiffuse>ddffffff</colordiffuse>
            <textoffsetx>15</textoffsetx>
            <texturefocus>button-focus2.png</texturefocus>
            <texturenofocus>button-nofocus.png</texturenofocus>
        </control>
        <control type="spincontrolex" id="9">
            <description>Default spincontrolex</description>
            <height>40</height>
            <textcolor>grey</textcolor>
            <focusedcolor>white</focusedcolor>
            <colordiffuse>ddffffff</colordiffuse>
            <textoffsetx>15</textoffsetx>
            <texturefocus>button-focus2.png</texturefocus>
            <texturenofocus>button-nofocus.png</texturenofocus>
            <font>font13</font>
            <aligny>center</aligny>
            <reverse>yes</reverse>
        </control>
        <control type="sliderex" id="10">
            <description>Default Slider</description>
            <height>40</height>
            <texturefocus>button-focus2.png</texturefocus>
            <texturenofocus>button-nofocus.png</texturenofocus>
            <textoffsetx>15</textoffsetx>
            <font>font13</font>
            <colordiffuse>ddffffff</colordiffuse>
            <textcolor>grey</textcolor>
            <focusedcolor>white</focusedcolor>
        </control>
        <control type="image" id="11">
            <description>Default Seperator</description>
            <height>2</height>
            <texture>separator.png</texture>
        </control>
        <control type="edit" id="12">
            <description>Default Edit</description>
            <height>40</height>
            <font>font13</font>
            <colordiffuse>ddffffff</colordiffuse>
            <textcolor>grey</textcolor>
            <focusedcolor>white</focusedcolor>
            <texturefocus>button-focus2.png</texturefocus>
            <texturenofocus>button-nofocus.png</texturenofocus>
        </control>
    </controls>
</window>