<?xml version="1.0" encoding="utf-8"?>
<window id="2002">
    <defaultcontrol always="true">10</defaultcontrol>
    <coordinates>
        <system>1</system>
        <posx>0</posx>
        <posy>0</posy>
    </coordinates>
    <controls>
        <control type="group">
            <control type="image">
                <description>bg focus black</description>
                <posx>0</posx>
                <posy>0</posy>
                <width>1280</width>
                <height>720</height>
                <texture>color-black.png</texture>
                <include>black-effect</include>
            </control>
            <control type="image">
                <posx>340</posx>
                <posy>255</posy>
                <width>601</width>
                <height>210</height>
                <texture>dialog-popup1.png</texture>
            </control>
            <control type="label" id="1">
                <description>dialog Heading</description>
                <posx>347</posx>
                <posy>280</posy>
                <label>13406</label>
                <width>587</width>
                <height>40</height>
                <font>special16</font>
                <align>center</align>
                <aligny>center</aligny>
                <textcolor>lightblue</textcolor>
                <shadowcolor>black</shadowcolor>
            </control>
            <control type="label" id="2">
                <description>dialog line 1</description>
                <posx>347</posx>
                <posy>322</posy>
                <label>-</label>
                <width>587</width>
                <height>25</height>
                <align>center</align>
                <aligny>center</aligny>
                <textcolor>white</textcolor>
                <shadowcolor>black</shadowcolor>
                <font>font12</font>
            </control>
            <control type="label" id="3">
                <description>dialog line 2</description>
                <posx>347</posx>
                <posy>348</posy>
                <label>-</label>
                <width>587</width>
                <height>25</height>
                <align>center</align>
                <aligny>center</aligny>
                <textcolor>white</textcolor>
                <shadowcolor>black</shadowcolor>
                <font>font12</font>
            </control>
            <control type="label" id="4">
                <description>dialog line 3</description>
                <posx>347</posx>
                <posy>372</posy>
                <label>-</label>
                <width>587</width>
                <height>25</height>
                <align>center</align>
                <aligny>center</aligny>
                <textcolor>white</textcolor>
                <shadowcolor>black</shadowcolor>
                <font>font12</font>
            </control>
            <control type="button" id="10">
                <description>OK button</description>
                <posx>560</posx>
                <posy>401</posy>
                <width>160</width>
                <height>40</height>
                <label>107</label>
                <texturefocus>button-focus.png</texturefocus>
                <texturenofocus>button-nofocus.png</texturenofocus>
                <colordiffuse>ccffffff</colordiffuse>
                <font>fontKB</font>
                <align>center</align>
                <aligny>center</aligny>
                <textcolor>white</textcolor>
                <shadowcolor>black</shadowcolor>
                <onleft>10</onleft>
                <onright>10</onright>
                <onup>10</onup>
                <ondown>10</ondown>
            </control>
        </control>
    </controls>
</window>