<?xml version="1.0" encoding="utf-8"?>
<window id="106">
    <defaultcontrol>1000</defaultcontrol>
    <coordinates>
        <system>1</system>
        <origin x="445" y="170">true</origin>
        <posx>0</posx>
        <posy>0</posy>
    </coordinates>
    <controls>
        <control type="image">
            <description>Profile Background</description>
            <posx>-445</posx>
            <posy>-170</posy>
            <width>1280</width>
            <height>720</height>
            <texture>background2.png</texture>
            <colordiffuse>66ffffff</colordiffuse>
        </control>
        <control type="image" id="997">
            <description>background top image</description>
            <posx>0</posx>
            <posy>-70</posy>
            <width>380</width>
            <height>70</height>
            <texture border="48,30,48,0">context top.png</texture>
        </control>
        <control type="label">
            <description>header label</description>
            <posx>35</posx>
            <posy>-40</posy>
            <width>310</width>
            <height>30</height>
            <font>special14-caps</font>
            <label>[B][UPPERCASE]$LOCALIZE[33061][/UPPERCASE][/B]</label>
            <align>center</align>
            <aligny>center</aligny>
            <textcolor>lightblue</textcolor>
            <shadowcolor>black</shadowcolor>
        </control>
        <control type="image" id="999">
            <description>background center image</description>
            <posx>0</posx>
            <posy>0</posy>
            <width>380</width>
            <texture border="30,0,30,0">context center.png</texture>
        </control>
        <control type="image" id="998">
            <description>background bottom image</description>
            <posx>0</posx>
            <width>380</width>
            <height>48</height>
            <texture border="48,0,48,30">context bottom.png</texture>
        </control>
        <control type="button" id="1000">
            <description>button template</description>
            <posx>28</posx>
            <posy>-30</posy>
            <width>324</width>
            <height>35</height>
            <font>font13</font>
            <align>center</align>
            <textcolor>lightgrey</textcolor>
            <focusedcolor>white</focusedcolor>
            <shadowcolor>black</shadowcolor>
            <texturefocus diffuse="mask wide.png">panel background.png</texturefocus>
            <texturenofocus diffuse="mask wide.png">grey.png</texturenofocus>
            <colordiffuse>77ffffff</colordiffuse>
        </control>
    </controls>
</window>