<?xml version="1.0" encoding="utf-8"?>
<window id="139">
    <defaultcontrol>5</defaultcontrol>
    <coordinates>
        <system>1</system>
        <posx>222</posx>
        <posy>134</posy>
    </coordinates>
    <controls>
        <control type="image" id="0">
            <description>background image</description>
            <posx>0</posx>
            <posy>0</posy>
            <width>836</width>
            <height>531</height>
            <texture diffuse="mask menu.png">background2.png</texture>
            <colordiffuse>ccffffff</colordiffuse>
            <animation effect="fade" start="70" end="70" time="0" condition="Window.IsVisible(slideshow)">Conditional</animation>
        </control>
        <control type="label" id="1">
            <description>heading label</description>
            <posx>-222</posx>
            <posy>12</posy>
            <width>1280</width>
            <align>center</align>
            <font>Heading-M</font>
            <label>$LOCALIZE[13406]</label>
            <textcolor>white</textcolor>
            <shadowcolor>black</shadowcolor>
        </control>
        <control type="list" id="5">
            <posx>16</posx>
            <posy>75</posy>
            <width>805</width>
            <height>426</height>
            <onleft>90</onleft>
            <onright>90</onright>
            <onup>5</onup>
            <ondown>5</ondown>
            <pagecontrol>90</pagecontrol>
            <scrolltime tween="sine" easing="inout">200</scrolltime>
            <itemlayout height="39">
                <control type="label">
                    <posx>9</posx>
                    <posy>0</posy>
                    <width>788</width>
                    <height>36</height>
                    <font>font13</font>
                    <aligny>center</aligny>
                    <align>left</align>
                    <info>ListItem.Label</info>
                </control>
                <control type="label">
                    <posx>364</posx>
                    <posy>0</posy>
                    <width>432</width>
                    <height>36</height>
                    <font>font13</font>
                    <aligny>center</aligny>
                    <align>left</align>
                    <info>ListItem.Label2</info>
                </control>
            </itemlayout>
            <focusedlayout height="39">
                <control type="image">
                    <posx>0</posx>
                    <posy>0</posy>
                    <width>805</width>
                    <height>36</height>
                    <texture>input-nofocus.png</texture>
                    <visible>!Control.hasfocus(5)</visible>
                </control>
                <control type="image">
                    <posx>0</posx>
                    <posy>0</posy>
                    <width>805</width>
                    <height>36</height>
                    <texture>input-focus.png</texture>
                    <visible>Control.hasfocus(5)</visible>
                </control>
                <control type="label">
                    <posx>9</posx>
                    <posy>0</posy>
                    <width>788</width>
                    <height>36</height>
                    <font>font13</font>
                    <aligny>center</aligny>
                    <align>left</align>
                    <info>ListItem.Label</info>
                </control>
                <control type="label">
                    <posx>364</posx>
                    <posy>0</posy>
                    <width>432</width>
                    <height>36</height>
                    <font>font13</font>
                    <aligny>center</aligny>
                    <align>left</align>
                    <info>ListItem.Label2</info>
                </control>
            </focusedlayout>
        </control>
    </controls>
</window>