<?xml version="1.0" encoding="utf-8"?>
<window id="104">
    <defaultcontrol>1</defaultcontrol>
    <include>dialog-effect</include>
    <coordinates>
        <system>1</system>
        <posx>992</posx>
        <posy>106</posy>
    </coordinates>
    <controls>
        <control type="group">
            <visible>!player.passthrough</visible>
            <control type="image">
                <description>Popup Volume Dialog Background</description>
                <posx>0</posx>
                <posy>0</posy>
                <width>284</width>
                <height>62</height>
                <texture diffuse="Mask1.png">background2.png</texture>
                <colordiffuse>99FFFFFF</colordiffuse>
            </control>
            <control type="progress" id="1">
                <description>progress control</description>
                <posx>71</posx>
                <posy>17</posy>
                <width>204</width>
                <height>28</height>
                <info>Player.Volume</info>
            </control>
            <control type="image">
                <description>volume icon</description>
                <posx>0</posx>
                <posy>3.12</posy>
                <width>80</width>
                <height>56</height>
                <texture>icon-unmute.png</texture>
                <align>center</align>
                <aligny>center</aligny>
                <aspectratio>keep</aspectratio>
                <colordiffuse>AAFFFFFF</colordiffuse>
                <visible>!Window.IsActive(mutebug)</visible>
            </control>
            <control type="image">
                <description>volume icon</description>
                <posx>0</posx>
                <posy>3.12</posy>
                <width>80</width>
                <height>56</height>
                <texture>icon-mute.png</texture>
                <align>center</align>
                <aligny>center</aligny>
                <aspectratio>keep</aspectratio>
                <colordiffuse>AAFFFFFF</colordiffuse>
                <visible>Window.IsActive(mutebug)</visible>
            </control>
        </control>
        <control type="group">
            <visible>player.passthrough</visible>
            <control type="image">
                <description>Popup Volume Dialog Background</description>
                <posx>0</posx>
                <posy>0</posy>
                <width>284</width>
                <height>62</height>
                <texture diffuse="Mask1.png">background2.png</texture>
                <colordiffuse>99FFFFFF</colordiffuse>
            </control>
            <control type="image">
                <description>volume icon</description>
                <posx>0</posx>
                <posy>3.12</posy>
                <width>80</width>
                <height>56</height>
                <texture>icon-unmute.png</texture>
                <align>center</align>
                <aligny>center</aligny>
                <aspectratio>keep</aspectratio>
                <visible>!Window.IsActive(mutebug)</visible>
                <colordiffuse>AAFFFFFF</colordiffuse>
            </control>
            <control type="image">
                <description>volume icon</description>
                <posx>0</posx>
                <posy>3.12</posy>
                <width>80</width>
                <height>56</height>
                <texture>icon-mute.png</texture>
                <align>center</align>
                <aligny>center</aligny>
                <aspectratio>keep</aspectratio>
                <colordiffuse>AAFFFFFF</colordiffuse>
                <visible>Window.IsActive(mutebug)</visible>
            </control>
            <control type="label">
                <description>Passthrough Label</description>
                <posx>71</posx>
                <posy>12</posy>
                <width>204</width>
                <height>38</height>
                <label>$LOCALIZE[29802]</label>
                <font>fontKB</font>
                <textcolor>white</textcolor>
                <shadowcolor>black</shadowcolor>
                <align>center</align>
                <aligny>center</aligny>
                <scroll>true</scroll>
            </control>
        </control>
    </controls>
</window>