<?xml version="1.0" encoding="utf-8"?>
<window id="151">
    <defaultcontrol always="true">5</defaultcontrol>
    <coordinates>
        <system>1</system>
        <posx>240</posx>
        <posy>100</posy>
    </coordinates>
    <controls>
        <control type="image">
            <description>Button Background</description>
            <posx>-240</posx>
            <posy>-100</posy>
            <width>1280</width>
            <height>720</height>
            <texture>background2.png</texture>
            <colordiffuse>66ffffff</colordiffuse>
        </control>
        <control type="image">
            <description>background image</description>
            <posx>0</posx>
            <posy>0</posy>
            <width>800</width>
            <height>500</height>
            <texture>context.png</texture>
        </control>
        <control type="image">
            <description>background image</description>
            <posx>0</posx>
            <posy>0</posy>
            <width>800</width>
            <height>500</height>
            <texture>context.png</texture>
        </control>
        <control type="label" id="2">
            <description>header label</description>
            <posx>0</posx>
            <posy>20</posy>
            <width>800</width>
            <height>30</height>
            <font>special14</font>
            <label>587</label>
            <align>center</align>
            <aligny>center</aligny>
            <textcolor>lightblue</textcolor>
            <shadowcolor>black</shadowcolor>
        </control>
        <control type="grouplist" id="5">
            <description>control area</description>
            <posx>50</posx>
            <posy>70</posy>
            <width>710</width>
            <height>350</height>
            <itemgap>4</itemgap>
            <pagecontrol>6</pagecontrol>
            <onup>9001</onup>
            <ondown>9001</ondown>
            <onleft>6</onleft>
            <onright>9001</onright>
        </control>
        <control type="scrollbar" id="6">
            <posx>26</posx>
            <posy>75</posy>
            <width>16</width>
            <height>340</height>
            <texturesliderbackground border="0,17.70,0,17.70">scrollbar-back.png</texturesliderbackground>
            <texturesliderbar border="0,17.70,0,17.70">scrollbar-front-nofocus.png</texturesliderbar>
            <texturesliderbarfocus border="0,17.70,0,17.70">scrollbar-front-focus.png</texturesliderbarfocus>
            <onleft>9001</onleft>
            <onright>5</onright>
            <showonepage>false</showonepage>
            <orientation>vertical</orientation>
        </control>
        <control type="button" id="7">
            <description>Default Button</description>
            <posx>0</posx>
            <posy>0</posy>
            <height>40</height>
            <font>font13</font>
            <textoffsetx>15</textoffsetx>
            <textcolor>lightgrey</textcolor>
            <focusedcolor>white</focusedcolor>
            <shadowcolor>black</shadowcolor>
            <texturefocus diffuse="mask wide.png">panel background.png</texturefocus>
            <texturenofocus diffuse="mask wide.png">grey.png</texturenofocus>
            <colordiffuse>AAffffff</colordiffuse>
        </control>
        <control type="radiobutton" id="8">
            <description>Default RadioButton</description>
            <posx>0</posx>
            <posy>0</posy>
            <height>40</height>
            <font>font13</font>
            <textoffsetx>15</textoffsetx>
            <textcolor>lightgrey</textcolor>
            <focusedcolor>white</focusedcolor>
            <shadowcolor>black</shadowcolor>
            <texturefocus diffuse="mask wide.png">panel background.png</texturefocus>
            <texturenofocus diffuse="mask wide.png">grey.png</texturenofocus>
            <colordiffuse>AAffffff</colordiffuse>
        </control>
        <control type="spincontrolex" id="9">
            <description>Default SpinControlex</description>
            <posx>0</posx>
            <posy>0</posy>
            <height>40</height>
            <font>font13</font>
            <textoffsetx>15</textoffsetx>
            <textcolor>lightgrey</textcolor>
            <focusedcolor>white</focusedcolor>
            <shadowcolor>black</shadowcolor>
            <texturefocus diffuse="mask wide.png">panel background.png</texturefocus>
            <texturenofocus diffuse="mask wide.png">grey.png</texturenofocus>
            <colordiffuse>AAffffff</colordiffuse>
            <aligny>center</aligny>
            <reverse>yes</reverse>
        </control>
        <control type="sliderex" id="10">
            <description>Default Slider</description>
            <posx>0</posx>
            <posy>0</posy>
            <height>40</height>
            <font>font13</font>
            <textoffsetx>15</textoffsetx>
            <textcolor>lightgrey</textcolor>
            <focusedcolor>white</focusedcolor>
            <shadowcolor>black</shadowcolor>
            <texturefocus diffuse="mask wide.png">panel background.png</texturefocus>
            <texturenofocus diffuse="mask wide.png">grey.png</texturenofocus>
            <colordiffuse>AAffffff</colordiffuse>
            <aligny>center</aligny>
        </control>
        <control type="edit" id="12">
            <description>Default Edit</description>
            <posx>0</posx>
            <posy>0</posy>
            <height>40</height>
            <font>font13</font>
            <textoffsetx>15</textoffsetx>
            <aligny>center</aligny>
            <textcolor>lightgrey</textcolor>
            <focusedcolor>white</focusedcolor>
            <shadowcolor>black</shadowcolor>
            <texturefocus diffuse="mask wide.png">panel background.png</texturefocus>
            <texturenofocus diffuse="mask wide.png">grey.png</texturenofocus>
            <colordiffuse>AAffffff</colordiffuse>
        </control>
        <control type="group" id="9001">
            <posx>190</posx>
            <posy>435</posy>
            <control type="button" id="28">
                <description>Ok Button</description>
                <posx>0</posx>
                <posy>0</posy>
                <width>200</width>
                <height>40</height>
                <align>center</align>
                <aligny>center</aligny>
                <shadowcolor>black</shadowcolor>
                <texturefocus>button-focus.png</texturefocus>
                <texturenofocus>button-nofocus.png</texturenofocus>
                <colordiffuse>ccffffff</colordiffuse>
                <label>186</label>
                <font>fontKB</font>
                <onup>5</onup>
                <onleft>27</onleft>
                <onright>27</onright>
                <ondown>5</ondown>
            </control>
            <control type="button" id="27">
                <description>Clear Button</description>
                <posx>210</posx>
                <posy>0</posy>
                <width>200</width>
                <height>40</height>
                <align>center</align>
                <aligny>center</aligny>
                <shadowcolor>black</shadowcolor>
                <texturefocus>button-focus.png</texturefocus>
                <texturenofocus>button-nofocus.png</texturenofocus>
                <colordiffuse>ccffffff</colordiffuse>
                <label>192</label>
                <font>fontKB</font>
                <onup>5</onup>
                <onleft>28</onleft>
                <onright>28</onright>
                <ondown>5</ondown>
            </control>
        </control>
    </controls>
</window>