<?xml version="1.0" encoding="utf-8"?>
<window id="132">
    <defaultcontrol>3</defaultcontrol>
    <controls>
        <control type="group">
            <animation effect="slide" time="600" start="1155,0" end="0,0">WindowOpen</animation>
            <animation effect="slide" time="600" start="0,0" end="1297,0">WindowClose</animation>
            <control type="image">
                <description>backgorund</description>
                <posx>0</posx>
                <posy>0</posy>
                <width>1280</width>
                <height>720</height>
                <texture>BlackGloss.png</texture>
                <aspectratio>stretch</aspectratio>
            </control>
            <control type="image" id="1">
                <description>Profile Background</description>
                <posx>27</posx>
                <posy>94</posy>
                <width>1227</width>
                <height>529</height>
                <texture>background2.png</texture>
                <bordertexture>white.png</bordertexture>
                <bordersize>1.25,1.77,2.5,3.54</bordersize>
                <aspectratio>stretch</aspectratio>
            </control>
            <control type="label" id="20">
                <description>header label</description>
                <posx>36</posx>
                <posy>100</posy>
                <width>1209</width>
                <height>38</height>
                <font>special16</font>
                <label>$LOCALIZE[20333]</label>
                <align>left</align>
                <aligny>center</aligny>
                <textcolor>white</textcolor>
                <shadowcolor>black</shadowcolor>
            </control>
            <control type="image">
                <description>scraper image</description>
                <posx>924</posx>
                <posy>156</posy>
                <width>302</width>
                <height>212</height>
                <aspectratio align="right">keep</aspectratio>
                <texture>$INFO[ListItem.Icon]</texture>
            </control>
            <control type="group">
                <system>1</system>
                <posx>27</posx>
                <posy>169</posy>
                <control type="label" id="1000">
                    <description>directory contains label</description>
                    <posx>9</posx>
                    <posy>-12</posy>
                    <width>338</width>
                    <height>38</height>
                    <align>left</align>
                    <aligny>center</aligny>
                    <font>special13</font>
                    <textcolor>white</textcolor>
                    <label>$LOCALIZE[ 20344 ] $INFO[Control.GetLabel(3)]</label>
                </control>
                <control type="spincontrolex" id="3">
                    <texturefocus />
                    <texturenofocus />
                    <description>Content Picker</description>
                    <posx>245</posx>
                    <posy>-12</posy>
                    <width>231</width>
                    <height>38</height>
                    <aligny>center</aligny>
                    <font>-</font>
                    <label>-</label>
                    <reverse>yes</reverse>
                    <onup>28</onup>
                    <ondown>4</ondown>
                    <onleft>5</onleft>
                    <onright>5</onright>
                </control>
                <control type="list" id="4">
                    <posx>9</posx>
                    <posy>50</posy>
                    <width>444</width>
                    <height>175</height>
                    <onup>3</onup>
                    <ondown>30</ondown>
                    <onleft>3</onleft>
                    <onright>30</onright>
                    <scrolltime>200</scrolltime>
                    <itemlayout height="43.75">
                        <control type="image">
                            <posx>5</posx>
                            <posy>4</posy>
                            <width>41</width>
                            <height>29</height>
                            <info>ListItem.Icon</info>
                        </control>
                        <control type="label">
                            <posx>57</posx>
                            <posy>6</posy>
                            <width>373</width>
                            <height>29</height>
                            <font>font13</font>
                            <include>listselectedcolor</include>
                            <align>left</align>
                            <info>ListItem.Label</info>
                        </control>
                    </itemlayout>
                    <focusedlayout height="43.75">
                        <control type="image">
                            <posx>0</posx>
                            <posy>0</posy>
                            <width>444</width>
                            <height>36</height>
                            <texture>input-focus.png</texture>
                            <visible>Control.HasFocus(4)</visible>
                        </control>
                        <control type="image">
                            <posx>5</posx>
                            <posy>4</posy>
                            <width>41</width>
                            <height>29</height>
                            <info>ListItem.Icon</info>
                        </control>
                        <control type="label">
                            <posx>57</posx>
                            <posy>6</posy>
                            <width>373</width>
                            <height>29</height>
                            <font>font13</font>
                            <include>listselectedcolor</include>
                            <align>left</align>
                            <info>ListItem.Label</info>
                        </control>
                    </focusedlayout>
                </control>
                <control type="grouplist" id="5">
                    <description>control area</description>
                    <posx>9</posx>
                    <posy>225</posy>
                    <width>1209</width>
                    <height>150</height>
                    <itemgap>2</itemgap>
                    <onup>4</onup>
                    <ondown>6</ondown>
                    <onleft>6</onleft>
                    <onright>29</onright>
                </control>
                <control type="button" id="7">
                    <texturefocus />
                    <texturenofocus />
                    <description>Default Button</description>
                    <height>38</height>
                    <font>font12</font>
                    <textoffsetx>0</textoffsetx>
                    <textcolor>grey</textcolor>
                    <focusedcolor>white</focusedcolor>
                    <aligny>center</aligny>
                    <colordiffuse>99ffffff</colordiffuse>
                </control>
                <control type="radiobutton" id="8">
                    <description>Default RadioButton</description>
                    <posx>0</posx>
                    <posy>0</posy>
                    <height>38</height>
                    <font>font12</font>
                    <textcolor>grey</textcolor>
                    <shadowcolor>black</shadowcolor>
                    <focusedcolor>white</focusedcolor>
                    <texturefocus>input-focus.png</texturefocus>
                    <texturenofocus>-</texturenofocus>
                    <textoffsetx>10</textoffsetx>
                    <colordiffuse>99ffffff</colordiffuse>
                    <aligny>center</aligny>
                </control>
                <control type="image" id="11">
                    <description>separator image</description>
                    <width>1209</width>
                    <height>6</height>
                    <texture>separatorOSD.png</texture>
                </control>
            </control>
            <control type="group">
                <posy>169</posy>
                <control type="button" id="6">
                    <description>Settings button</description>
                    <posx>36</posx>
                    <posy>400</posy>
                    <width>396</width>
                    <height>44</height>
                    <font>font12</font>
                    <align>center</align>
                    <aligny>center</aligny>
                    <textcolor>lightgrey</textcolor>
                    <label>5</label>
                    <texturenofocus>button-nofocus.png</texturenofocus>
                    <texturefocus>button-focus.png</texturefocus>
                    <onleft>29</onleft>
                    <onright>28</onright>
                    <onup>30</onup>
                    <ondown>3</ondown>
                </control>
                <control type="button" id="28">
                    <description>OK button</description>
                    <posx>442</posx>
                    <posy>400</posy>
                    <width>396</width>
                    <height>44</height>
                    <font>font12</font>
                    <align>center</align>
                    <aligny>center</aligny>
                    <label>186</label>
                    <textcolor>lightgrey</textcolor>
                    <texturenofocus>button-nofocus.png</texturenofocus>
                    <texturefocus>button-focus.png</texturefocus>
                    <onleft>6</onleft>
                    <onright>29</onright>
                    <onup>30</onup>
                    <ondown>3</ondown>
                </control>
                <control type="button" id="29">
                    <description>Cancel button</description>
                    <posx>848</posx>
                    <posy>400</posy>
                    <width>396</width>
                    <height>44</height>
                    <font>font12</font>
                    <align>center</align>
                    <aligny>center</aligny>
                    <label>222</label>
                    <textcolor>lightgrey</textcolor>
                    <texturenofocus>button-nofocus.png</texturenofocus>
                    <texturefocus>button-focus.png</texturefocus>
                    <onleft>28</onleft>
                    <onright>6</onright>
                    <onup>30</onup>
                    <ondown>3</ondown>
                </control>
            </control>
        </control>
    </controls>
</window>