<?xml version="1.0" encoding="utf-8"?>
<window>
    <defaultcontrol always="true">11</defaultcontrol>
    <coordinates>
        <system>1</system>
        <posx>780</posx>
        <posy>30</posy>
    </coordinates>
    <controls>
        <control type="group">
            <control type="image">
                <description>background image</description>
                <posx>0</posx>
                <posy>0</posy>
                <width>480</width>
                <height>660</height>
                <texture border="40">context.png</texture>
            </control>
            <control type="label">
                <description>header label</description>
                <posx>40</posx>
                <posy>16</posy>
                <width>430</width>
                <height>40</height>
                <font>Home-Heading-S</font>
                <label>$LOCALIZE[19222] - $INFO[VideoPlayer.ChannelName]</label>
                <align>center</align>
                <aligny>center</aligny>
                <textcolor>blue</textcolor>
                <shadowcolor>black</shadowcolor>
            </control>
            <control type="label">
                <description>Selected item's date</description>
                <posx>40</posx>
                <posy>60</posy>
                <width>430</width>
                <height>30</height>
                <font>font64</font>
                <textcolor>grey</textcolor>
                <label>$INFO[Container(11).ListItem.StartDate]</label>
                <align>center</align>
                <aligny>center</aligny>
            </control>
            <control type="list" id="11">
                <posx>30</posx>
                <posy>100</posy>
                <width>410</width>
                <height>490</height>
                <onleft>60</onleft>
                <onright>60</onright>
                <onup>11</onup>
                <ondown>11</ondown>
                <viewtype label="535">list</viewtype>
                <pagecontrol>60</pagecontrol>
                <scrolltime>200</scrolltime>
                <itemlayout height="35" width="410">
                    <control type="image">
                        <posx>-5</posx>
                        <posy>0</posy>
                        <width>420</width>
                        <height>30</height>
                        <texture>button-nofocus.png</texture>
                    </control>
                    <control type="label">
                        <posx>10</posx>
                        <posy>0</posy>
                        <width>100</width>
                        <height>30</height>
                        <font>font10</font>
                        <textcolor>grey</textcolor>
                        <selectedcolor>blue</selectedcolor>
                        <align>left</align>
                        <aligny>center</aligny>
                        <label>$INFO[ListItem.StartTime]</label>
                    </control>
                    <control type="image">
                        <posx>120</posx>
                        <posy>5</posy>
                        <width>20</width>
                        <height>20</height>
                        <aspectratio>Stretch</aspectratio>
                        <texture>OSDRecord2.png</texture>
                        <visible>ListItem.IsRecording</visible>
                    </control>
                    <control type="image">
                        <posx>120</posx>
                        <posy>5</posy>
                        <width>20</width>
                        <height>20</height>
                        <aspectratio>Stretch</aspectratio>
                        <texture>OSDRecordFO.png</texture>
                        <visible>ListItem.HasTimer + !ListItem.IsRecording</visible>
                    </control>
                    <control type="label">
                        <posx>400</posx>
                        <posy>0</posy>
                        <width>300</width>
                        <height>30</height>
                        <font>font64</font>
                        <textcolor>grey</textcolor>
                        <selectedcolor>blue</selectedcolor>
                        <align>right</align>
                        <aligny>center</aligny>
                        <label>$INFO[ListItem.Label]</label>
                        <visible>![ListItem.IsRecording | ListItem.HasTimer]</visible>
                    </control>
                    <control type="label">
                        <posx>400</posx>
                        <posy>0</posy>
                        <width>250</width>
                        <height>30</height>
                        <font>font64</font>
                        <textcolor>grey</textcolor>
                        <selectedcolor>blue</selectedcolor>
                        <align>right</align>
                        <aligny>center</aligny>
                        <label>$INFO[ListItem.Label]</label>
                        <visible>ListItem.IsRecording | ListItem.HasTimer</visible>
                    </control>
                </itemlayout>
                <focusedlayout height="35" width="410">
                    <control type="image">
                        <posx>-5</posx>
                        <posy>0</posy>
                        <width>420</width>
                        <height>30</height>
                        <texture>button-nofocus.png</texture>
                        <visible>!Control.HasFocus(11)</visible>
                    </control>
                    <control type="image">
                        <posx>-5</posx>
                        <posy>0</posy>
                        <width>420</width>
                        <height>30</height>
                        <texture>button-focus2.png</texture>
                        <visible>Control.HasFocus(11)</visible>
                    </control>
                    <control type="label">
                        <posx>10</posx>
                        <posy>0</posy>
                        <width>100</width>
                        <height>30</height>
                        <font>font10</font>
                        <textcolor>lightgrey</textcolor>
                        <selectedcolor>blue</selectedcolor>
                        <align>left</align>
                        <aligny>center</aligny>
                        <label>$INFO[ListItem.StartTime]</label>
                    </control>
                    <control type="image">
                        <posx>120</posx>
                        <posy>5</posy>
                        <width>20</width>
                        <height>20</height>
                        <aspectratio>Stretch</aspectratio>
                        <texture>OSDRecord2.png</texture>
                        <visible>ListItem.IsRecording</visible>
                    </control>
                    <control type="image">
                        <posx>120</posx>
                        <posy>5</posy>
                        <width>20</width>
                        <height>20</height>
                        <aspectratio>Stretch</aspectratio>
                        <texture>OSDRecordFO.png</texture>
                        <visible>ListItem.HasTimer + !ListItem.IsRecording</visible>
                    </control>
                    <control type="label">
                        <posx>400</posx>
                        <posy>0</posy>
                        <width>300</width>
                        <height>30</height>
                        <font>font64</font>
                        <textcolor>lightgrey</textcolor>
                        <selectedcolor>blue</selectedcolor>
                        <align>right</align>
                        <aligny>center</aligny>
                        <label>$INFO[ListItem.Label]</label>
                        <visible>![ListItem.IsRecording | ListItem.HasTimer]</visible>
                    </control>
                    <control type="label">
                        <posx>400</posx>
                        <posy>0</posy>
                        <width>250</width>
                        <height>30</height>
                        <font>font64</font>
                        <textcolor>lightgrey</textcolor>
                        <selectedcolor>blue</selectedcolor>
                        <align>right</align>
                        <aligny>center</aligny>
                        <label>$INFO[ListItem.Label]</label>
                        <visible>ListItem.IsRecording | ListItem.HasTimer</visible>
                    </control>
                </focusedlayout>
            </control>
            <control type="scrollbar" id="60">
                <posx>450</posx>
                <posy>100</posy>
                <width>11</width>
                <height>490</height>
                <texturesliderbackground border="0,17.70,0,17.70">scrollbar-back.png</texturesliderbackground>
                <texturesliderbar border="0,17.70,0,17.70">scrollbar-front-nofocus.png</texturesliderbar>
                <texturesliderbarfocus border="0,17.70,0,17.70">scrollbar-front-focus.png</texturesliderbarfocus>
                <onleft>11</onleft>
                <onright>11</onright>
                <ondown>60</ondown>
                <onup>60</onup>
                <showonepage>false</showonepage>
                <orientation>vertical</orientation>
            </control>
            <control type="label">
                <description>Page Count Label</description>
                <posx>450</posx>
                <posy>610</posy>
                <width>400</width>
                <height>20</height>
                <font>font12</font>
                <textcolor>grey</textcolor>
                <scroll>false</scroll>
                <align>right</align>
                <aligny>center</aligny>
                <label>([COLOR=blue]$INFO[Container(11).NumItems][/COLOR]) $LOCALIZE[31025] - $LOCALIZE[31160] ([COLOR=blue]$INFO[Container(11).CurrentPage]/$INFO[Container(11).NumPages][/COLOR])</label>
            </control>
        </control>
    </controls>
</window>