<?xml version="1.0" encoding="utf-8"?>
<window id="145">
    <defaultcontrol>11</defaultcontrol>
    <animation effect="slide" start="0,-80" end="0,0" time="100">WindowOpen</animation>
    <coordinates>
        <system>1</system>
        <posx>405</posx>
        <posy>5</posy>
    </coordinates>
    <controls>
        <control type="image">
            <description>background image</description>
            <posx>2</posx>
            <posy>0</posy>
            <width>456</width>
            <height>72</height>
            <texture diffuse="mask wide.png">background2.png</texture>
            <colordiffuse>99FFFFFF</colordiffuse>
        </control>
        <control type="image">
            <description>background image</description>
            <posx>2</posx>
            <posy>0</posy>
            <width>456</width>
            <height>72</height>
            <texture>mask wide frame.png</texture>
            <colordiffuse>99FFFFFF</colordiffuse>
        </control>
        <control type="label" id="10">
            <description>Dialog header</description>
            <posx>20</posx>
            <posy>8</posy>
            <width>230</width>
            <height>18</height>
            <align>left</align>
            <aligny>center</aligny>
            <font>font12</font>
            <textcolor>lightblue</textcolor>
            <shadowcolor>black</shadowcolor>
        </control>
        <control type="label" id="12">
            <description>Slider Value</description>
            <posx>440</posx>
            <posy>8</posy>
            <width>220</width>
            <height>18</height>
            <align>right</align>
            <aligny>center</aligny>
            <font>font12</font>
            <textcolor>white</textcolor>
            <shadowcolor>black</shadowcolor>
        </control>
        <control type="slider" id="11">
            <description>Slider</description>
            <posx>20</posx>
            <posy>38</posy>
            <width>420</width>
            <height>20</height>
            <aligny>center</aligny>
            <texturefocus>-</texturefocus>
            <texturenofocus>-</texturenofocus>
            <texturesliderbar>osd_slider_bg1.png</texturesliderbar>
            <textureslidernib>osd_slider_nibnf1.png</textureslidernib>
            <textureslidernibfocus>osd_slider_nibfo1.png</textureslidernibfocus>
            <onup>11</onup>
            <ondown>11</ondown>
            <onleft>11</onleft>
            <onright>11</onright>
        </control>
    </controls>
</window>