<?xml version="1.0" encoding="utf-8"?>
<window id="2001">
    <defaultcontrol always="true">5</defaultcontrol>
    <allowoverlay>no</allowoverlay>
    <controls>
        <animation effect="fade" time="800">WindowClose</animation>
        <control type="group">
            <control type="image">
                <posx>0</posx>
                <posy>0</posy>
                <width>1280</width>
                <height>720</height>
                <aspectratio>scale</aspectratio>
                <texture background="true">$INFO[ListItem.Property(Fanart_Image)]</texture>
                <visible>!IsEmpty(ListItem.Property(Fanart_Image))</visible>
                <animation effect="fade" time="400">WindowOpen</animation>
                <animation effect="fade" time="200">WindowClose</animation>
            </control>
        </control>
        <control type="group">
            <animation effect="slide" time="600" start="1155,0" end="0,0" condition="!Skin.HasSetting(animated)">WindowOpen</animation>
            <animation effect="slide" time="600" start="0,0" end="1298,0" condition="!Skin.HasSetting(animated)">WindowClose</animation>
            <visible>Container.Content(Albums)</visible>
            <control type="image">
                <description>background</description>
                <posx>-44</posx>
                <posy>0</posy>
                <width>1291</width>
                <height>722</height>
                <texture>blackgloss.png</texture>
                <aspectratio>stretch</aspectratio>
                <visible>!IsEmpty(ListItem.Property(Fanart_Image))</visible>
                <colordiffuse>E8FFFFFF</colordiffuse>
            </control>
            <control type="image">
                <description>background</description>
                <posx>-44</posx>
                <posy>0</posy>
                <width>1291</width>
                <height>722</height>
                <texture>blackgloss.png</texture>
                <aspectratio>stretch</aspectratio>
                <visible>IsEmpty(ListItem.Property(Fanart_Image))</visible>
            </control>
            <posx>44</posx>
            <control type="image" id="32016">
                <posx>539</posx>
                <posy>100</posy>
                <width>350</width>
                <height>90</height>
                <texture>$INFO[ListItem.path]logo.png</texture>
                <aligny>center</aligny>
                <aspectratio align="right">keep</aspectratio>
                <include>dialog-effect</include>
            </control>
            <control type="image">
                <description>Album Cover image</description>
                <posx>889</posx>
                <posy>100</posy>
                <width>302</width>
                <height>212</height>
                <aspectratio align="right" aligny="bottom">keep</aspectratio>
                <info>ListItem.Icon</info>
                <include>dialog-effect</include>
            </control>
            <control type="image">
                <texture flipy="true" diffuse="Thumb_Mask.png" />
                <description>Cover reflection</description>
                <posx>889</posx>
                <posy>312</posy>
                <width>302</width>
                <height>212</height>
                <aspectratio align="right" aligny="top">keep</aspectratio>
                <info>ListItem.Icon</info>
                <include>dialog-effect</include>
            </control>
            <control type="label" id="21">
                <description>Artist value</description>
                <posx>0</posx>
                <posy>100</posy>
                <height>31</height>
                <width>738</width>
                <align>left</align>
                <aligny>center</aligny>
                <label>-</label>
                <font>special14</font>
                <textcolor>white</textcolor>
                <scroll>true</scroll>
                <info>ListItem.Artist</info>
                <include>dialog-effect</include>
            </control>
            <control type="label" id="20">
                <description>Album value</description>
                <posx>0</posx>
                <posy>131</posy>
                <height>31</height>
                <width>738</width>
                <align>left</align>
                <aligny>center</aligny>
                <label>-</label>
                <font>special13</font>
                <textcolor>lightblue</textcolor>
                <scroll>true</scroll>
                <info>ListItem.Album</info>
                <include>dialog-effect</include>
            </control>
            <control type="label" id="1">
                <description>Year</description>
                <posx>0</posx>
                <posy>175</posy>
                <label>$LOCALIZE[562]:</label>
                <font>font12</font>
                <include>dialog-effect</include>
            </control>
            <control type="label">
                <description>Rating</description>
                <posx>0</posx>
                <posy>206</posy>
                <label>$LOCALIZE[563]:</label>
                <font>font12</font>
                <include>dialog-effect</include>
            </control>
            <control type="label" id="1">
                <description>Genre</description>
                <posx>0</posx>
                <posy>238</posy>
                <label>$LOCALIZE[515]:</label>
                <font>font12</font>
                <include>dialog-effect</include>
            </control>
            <control type="label" id="1">
                <description>Moods</description>
                <posx>0</posx>
                <posy>269</posy>
                <label>$LOCALIZE[175]:</label>
                <font>font12</font>
                <include>dialog-effect</include>
            </control>
            <control type="label" id="1">
                <description>Styles</description>
                <posx>0</posx>
                <posy>300</posy>
                <label>$LOCALIZE[176]:</label>
                <font>font12</font>
                <include>dialog-effect</include>
            </control>
            <control type="label" id="22">
                <description>year value</description>
                <width>738</width>
                <posx>142</posx>
                <posy>175</posy>
                <label>-</label>
                <font>font12</font>
                <scroll>true</scroll>
                <info>ListItem.year</info>
                <include>dialog-effect</include>
            </control>
            <control type="label" id="23">
                <description>Rating value</description>
                <width>738</width>
                <posx>142</posx>
                <posy>206</posy>
                <label>-</label>
                <font>font12</font>
                <scroll>true</scroll>
                <include>dialog-effect</include>
                <info>ListItem.rating</info>
            </control>
            <control type="label" id="24">
                <description>Genre value</description>
                <width>738</width>
                <posx>142</posx>
                <posy>238</posy>
                <label>-</label>
                <font>font12</font>
                <scroll>true</scroll>
                <include>dialog-effect</include>
                <info>ListItem.genre</info>
            </control>
            <control type="label" id="25">
                <description>Tones value</description>
                <posx>142</posx>
                <posy>269</posy>
                <width>738</width>
                <label>-</label>
                <font>font12</font>
                <scroll>true</scroll>
                <info>ListItem.Property(Album_Mood)</info>
                <include>dialog-effect</include>
            </control>
            <control type="label" id="26">
                <description>Styles value</description>
                <width>738</width>
                <posx>142</posx>
                <posy>300</posy>
                <label>-</label>
                <font>font12</font>
                <scroll>true</scroll>
                <info>ListItem.Property(Album_Style)</info>
                <include>dialog-effect</include>
            </control>
            <control type="textbox" id="4">
                <description>Description</description>
                <posx>0</posx>
                <posy>373.12</posy>
                <width>1191</width>
                <height>208.12</height>
                <align>justify</align>
                <pagecontrol>61</pagecontrol>
                <autoscroll time="3000" delay="14000" repeat="15000">!Control.HasFocus(61)</autoscroll>
                <include>dialog-effect</include>
                <visible>!Control.IsVisible(50)</visible>
                <visible>Container.Content(Albums)</visible>
            </control>
            <control type="button" id="5">
                <description>Tracks/Review</description>
                <posx>0</posx>
                <posy>588</posy>
                <width>294</width>
                <height>44</height>
                <label>182</label>
                <onleft>61</onleft>
                <onright>35</onright>
                <onup>50</onup>
                <ondown>50</ondown>
                <font>font13</font>
                <align>center</align>
                <texturenofocus>button-nofocus.png</texturenofocus>
                <texturefocus>button-focus.png</texturefocus>
            </control>
            <control type="button" id="35">
                <description>play button</description>
                <posx>299</posx>
                <posy>588</posy>
                <width>294</width>
                <height>44</height>
                <label>208</label>
                <onleft>5</onleft>
                <onright>6</onright>
                <onup>50</onup>
                <ondown>50</ondown>
                <font>font13</font>
                <align>center</align>
                <texturenofocus>button-nofocus.png</texturenofocus>
                <texturefocus>button-focus.png</texturefocus>
                <onclick>RunScript(script.playalbum,artist=$ESCINFO[ListItem.Artist]&amp;album=$ESCINFO[ListItem.Album])</onclick>
            </control>
            <control type="button" id="6">
                <description>Refresh</description>
                <posx>598</posx>
                <posy>588</posy>
                <width>294</width>
                <height>44</height>
                <label>184</label>
                <font>font13</font>
                <onleft>35</onleft>
                <onright>10</onright>
                <onup>50</onup>
                <ondown>50</ondown>
                <align>center</align>
                <texturenofocus>button-nofocus.png</texturenofocus>
                <texturefocus>button-focus.png</texturefocus>
            </control>
            <control type="button" id="10">
                <description>Get Thumb</description>
                <posx>897</posx>
                <posy>588</posy>
                <width>294</width>
                <height>44</height>
                <label>13405</label>
                <font>font13</font>
                <onleft>6</onleft>
                <onright>61</onright>
                <onup>50</onup>
                <ondown>50</ondown>
                <align>center</align>
                <texturenofocus>button-nofocus.png</texturenofocus>
                <texturefocus>button-focus.png</texturefocus>
            </control>
            <control type="panel" id="50">
                <visible>Container.Content(Albums)</visible>
                <posx>0</posx>
                <posy>394</posy>
                <width>1529</width>
                <height>188</height>
                <onleft>61</onleft>
                <onright>61</onright>
                <onup>50</onup>
                <ondown>50</ondown>
                <viewtype label="">list</viewtype>
                <pagecontrol>61</pagecontrol>
                <scrolltime tween="sine" easing="inout">200</scrolltime>
                <orientation>vertical</orientation>
                <itemlayout width="1191" height="36.25">
                    <control type="label">
                        <posx>9</posx>
                        <posy>4</posy>
                        <width>1013</width>
                        <height>28</height>
                        <font>font13</font>
                        <aligny>center</aligny>
                        <selectedcolor>White</selectedcolor>
                        <align>left</align>
                        <label>$INFO[ListItem.TrackNumber] - $INFO[ListItem.Label]</label>
                    </control>
                    <control type="label">
                        <posx>1182</posx>
                        <posy>4</posy>
                        <width>169</width>
                        <height>28</height>
                        <font>font13</font>
                        <aligny>center</aligny>
                        <selectedcolor>White</selectedcolor>
                        <align>right</align>
                        <label>$INFO[ListItem.Duration]</label>
                    </control>
                </itemlayout>
                <focusedlayout width="1191" height="36.25">
                    <control type="image">
                        <width>1191</width>
                        <height>36</height>
                        <posx>0</posx>
                        <posy>0</posy>
                        <visible>Control.HasFocus(50)</visible>
                        <texture>input-focus.png</texture>
                    </control>
                    <control type="label">
                        <posx>9</posx>
                        <posy>4</posy>
                        <width>1013</width>
                        <height>28</height>
                        <font>font13</font>
                        <aligny>center</aligny>
                        <selectedcolor>White</selectedcolor>
                        <align>left</align>
                        <label>$INFO[ListItem.TrackNumber] - $INFO[ListItem.Label]</label>
                    </control>
                    <control type="label">
                        <posx>1182</posx>
                        <posy>4</posy>
                        <width>169</width>
                        <height>28</height>
                        <font>font13</font>
                        <aligny>center</aligny>
                        <selectedcolor>White</selectedcolor>
                        <align>right</align>
                        <label>$INFO[ListItem.Duration]</label>
                    </control>
                </focusedlayout>
            </control>
            <control type="image">
                <posx>240</posx>
                <posy>325</posy>
                <width>64</width>
                <height>48</height>
                <aspectratio>keep</aspectratio>
                <align>center</align>
                <aligny>center</aligny>
                <texture>special://skin/images/record labels/$INFO[ListItem.Property(Album_Label),,.png]</texture>
                <visible>Container.Content(Albums) + !stringcompare(ListItem.Label,..)</visible>
            </control>
            <control type="label">
                <posx>142</posx>
                <posy>331</posy>
                <width>267</width>
                <height>31</height>
                <font>font12</font>
                <textcolor>white</textcolor>
                <shadowcolor>black</shadowcolor>
                <scroll>true</scroll>
                <align>left</align>
                <aligny>center</aligny>
                <label>[COLOR=grey]$LOCALIZE[31160][/COLOR]$INFO[Container(4).CurrentPage, ( ]$INFO[Container(4).NumPages,/, )]</label>
                <visible>Control.IsVisible(4) + Container.Content(Albums)</visible>
            </control>
            <control type="label">
                <posx>142</posx>
                <posy>331</posy>
                <width>267</width>
                <height>31</height>
                <font>font12</font>
                <textcolor>white</textcolor>
                <shadowcolor>black</shadowcolor>
                <scroll>true</scroll>
                <align>left</align>
                <aligny>center</aligny>
                <label>[COLOR=grey]$LOCALIZE[31160][/COLOR]$INFO[Container(50).CurrentPage, ( ]$INFO[Container(50).NumPages,/, )]</label>
                <visible>Control.IsVisible(50) + Container.Content(Albums)</visible>
            </control>
            <control type="spincontrol" id="61">
                <description>Next page button</description>
                <posx>5</posx>
                <posy>331</posy>
                <height>31</height>
                <width>36</width>
                <subtype>page</subtype>
                <font>-</font>
                <onleft>10</onleft>
                <onright>5</onright>
                <ondown>50</ondown>
                <onup>5</onup>
                <textcolor>-</textcolor>
                <align>left</align>
                <aligny>center</aligny>
                <showonepage>true</showonepage>
            </control>
        </control>
        <control type="group">
            <animation effect="slide" time="600" start="1155,0" end="0,0" condition="!Skin.HasSetting(animated)">WindowOpen</animation>
            <animation effect="slide" time="600" start="0,0" end="1297,0" condition="!Skin.HasSetting(animated)">WindowClose</animation>
            <visible>Container.Content(Artists)</visible>
            <control type="image">
                <description>background</description>
                <posx>-44</posx>
                <posy>0</posy>
                <width>1291</width>
                <height>722</height>
                <texture>blackgloss.png</texture>
                <aspectratio>stretch</aspectratio>
                <visible>!IsEmpty(ListItem.Property(Fanart_Image))</visible>
                <colordiffuse>E8FFFFFF</colordiffuse>
            </control>
            <control type="image">
                <description>background</description>
                <posx>-44</posx>
                <posy>0</posy>
                <width>1291</width>
                <height>722</height>
                <texture>blackgloss.png</texture>
                <aspectratio>stretch</aspectratio>
                <visible>IsEmpty(ListItem.Property(Fanart_Image))</visible>
            </control>
            <posx>44</posx>
            <control type="image">
                <description>Artist image</description>
                <posx>889</posx>
                <posy>100</posy>
                <width>302</width>
                <height>212</height>
                <aspectratio align="right" aligny="bottom">keep</aspectratio>
                <info>ListItem.Icon</info>
                <include>dialog-effect</include>
            </control>
            <control type="image">
                <texture flipy="true" diffuse="Thumb_Mask.png" />
                <description>Artist Image reflection</description>
                <posx>889</posx>
                <posy>312</posy>
                <width>302</width>
                <height>212</height>
                <aspectratio align="right" aligny="top">keep</aspectratio>
                <info>ListItem.Icon</info>
                <include>dialog-effect</include>
            </control>
            <control type="label" id="21">
                <description>Artist value</description>
                <posx>0</posx>
                <posy>100</posy>
                <width>533</width>
                <label>-</label>
                <font>special14</font>
                <scroll>true</scroll>
                <info>ListItem.Artist</info>
                <include>dialog-effect</include>
            </control>
            <control type="group">
                <control type="list" id="49">
                    <posx>0</posx>
                    <posy>144</posy>
                    <width>1067</width>
                    <height>156</height>
                    <onleft>9000</onleft>
                    <onright>50</onright>
                    <onup>49</onup>
                    <ondown>49</ondown>
                    <pagecontrol>-</pagecontrol>
                    <scrolltime tween="sine" easing="inout">200</scrolltime>
                    <itemlayout height="31.25">
                        <control type="label">
                            <posx>0</posx>
                            <posy>0</posy>
                            <width>133</width>
                            <height>31</height>
                            <font>font12</font>
                            <align>left</align>
                            <aligny>center</aligny>
                            <textcolor>white</textcolor>
                            <shadowcolor>black</shadowcolor>
                            <selectedcolor>white</selectedcolor>
                            <info>ListItem.Label</info>
                        </control>
                        <control type="label">
                            <posx>142</posx>
                            <posy>0</posy>
                            <width>738</width>
                            <height>31</height>
                            <font>font12</font>
                            <align>left</align>
                            <aligny>center</aligny>
                            <textcolor>white</textcolor>
                            <shadowcolor>black</shadowcolor>
                            <selectedcolor>white</selectedcolor>
                            <info>ListItem.Label2</info>
                            <scroll>true</scroll>
                        </control>
                    </itemlayout>
                    <focusedlayout height="31.25">
                        <control type="label">
                            <posx>0</posx>
                            <posy>0</posy>
                            <width>133</width>
                            <height>31</height>
                            <font>font12</font>
                            <align>left</align>
                            <aligny>center</aligny>
                            <textcolor>white</textcolor>
                            <shadowcolor>black</shadowcolor>
                            <selectedcolor>white</selectedcolor>
                            <info>ListItem.Label</info>
                        </control>
                        <control type="label">
                            <posx>142</posx>
                            <posy>0</posy>
                            <width>738</width>
                            <height>31</height>
                            <font>font12</font>
                            <align>left</align>
                            <aligny>center</aligny>
                            <textcolor>white</textcolor>
                            <shadowcolor>black</shadowcolor>
                            <selectedcolor>white</selectedcolor>
                            <info>ListItem.Label2</info>
                            <scroll>true</scroll>
                        </control>
                    </focusedlayout>
                    <content>
                        <item>
                            <label>$LOCALIZE[21893]:</label>
                            <label2>$INFO[ListItem.Property(Artist_Born)]</label2>
                            <onclick>noop</onclick>
                            <visible>!IsEmpty(ListItem.Property(Artist_Born))</visible>
                        </item>
                        <item>
                            <label>$LOCALIZE[21894]:</label>
                            <label2>$INFO[ListItem.Property(Artist_Formed)]</label2>
                            <onclick>noop</onclick>
                            <visible>!IsEmpty(ListItem.Property(Artist_Formed))</visible>
                        </item>
                        <item>
                            <label>$LOCALIZE[515]:</label>
                            <label2>$INFO[ListItem.Genre]</label2>
                            <onclick>noop</onclick>
                            <visible>!IsEmpty(ListItem.Genre)</visible>
                        </item>
                        <item>
                            <label>$LOCALIZE[175]:</label>
                            <label2>$INFO[ListItem.Property(Artist_Mood)]</label2>
                            <onclick>noop</onclick>
                            <visible>!IsEmpty(ListItem.Property(Artist_Mood))</visible>
                        </item>
                        <item>
                            <label>$LOCALIZE[176]:</label>
                            <label2>$INFO[ListItem.Property(Artist_Style)]</label2>
                            <onclick>noop</onclick>
                            <visible>!IsEmpty(ListItem.Property(Artist_Style))</visible>
                        </item>
                        <item>
                            <label>$LOCALIZE[21892]:</label>
                            <label2>$INFO[ListItem.Property(Artist_Instrument)]</label2>
                            <onclick>noop</onclick>
                            <visible>!IsEmpty(ListItem.Property(Artist_Instrument))</visible>
                        </item>
                        <item>
                            <label>$LOCALIZE[21897]:</label>
                            <label2>$INFO[ListItem.Property(Artist_Died)]</label2>
                            <onclick>noop</onclick>
                            <visible>!IsEmpty(ListItem.Property(Artist_Died))</visible>
                        </item>
                        <item>
                            <label>$LOCALIZE[21896]:</label>
                            <label2>$INFO[ListItem.Artist_Disbanded]</label2>
                            <onclick>noop</onclick>
                            <visible>!IsEmpty(ListItem.Artist_Disbanded)</visible>
                        </item>
                        <item>
                            <label>$LOCALIZE[21898]:</label>
                            <label2>$INFO[ListItem.Artist_YearsActive]</label2>
                            <onclick>noop</onclick>
                            <visible>!IsEmpty(ListItem.Artist_YearsActive)</visible>
                        </item>
                    </content>
                </control>
            </control>
            <control type="textbox" id="4">
                <description>Description</description>
                <posx>0</posx>
                <posy>373.12</posy>
                <width>1191</width>
                <height>208.12</height>
                <align>justify</align>
                <pagecontrol>61</pagecontrol>
                <autoscroll time="3000" delay="14000" repeat="15000">!Control.HasFocus(61)</autoscroll>
                <include>dialog-effect</include>
                <visible>!Control.IsVisible(50)</visible>
                <visible>Container.Content(Artists)</visible>
            </control>
            <control type="image">
                <description>background</description>
                <posx>-48</posx>
                <posy>0</posy>
                <width>1291</width>
                <height>722</height>
                <texture>BlackGloss.png</texture>
                <aspectratio>stretch</aspectratio>
                <visible>Control.HasFocus(12)</visible>
                <visible>Container.Content(Artists)</visible>
            </control>
            <control type="image">
                <posx>0</posx>
                <posy>80</posy>
                <width>1191</width>
                <height>501</height>
                <aspectratio aligny="top">scale</aspectratio>
                <texture background="true" fallback="defaultepisode.png">$INFO[ListItem.Property(Fanart_Image)]</texture>
                <bordertexture>grey.png</bordertexture>
                <bordersize>3</bordersize>
                <visible>Control.HasFocus(12)</visible>
                <visible>Container.Content(Artists)</visible>
                <animation effect="fade" time="400">WindowOpen</animation>
                <animation effect="fade" time="200">WindowClose</animation>
            </control>
            <control type="button" id="5">
                <description>Tracks/Review</description>
                <posx>0</posx>
                <posy>588</posy>
                <width>291.10</width>
                <height>44</height>
                <label>182</label>
                <onleft>61</onleft>
                <onright>6</onright>
                <onup>50</onup>
                <ondown>50</ondown>
                <font>font13</font>
                <align>center</align>
                <texturenofocus>button-nofocus.png</texturenofocus>
                <texturefocus>button-focus.png</texturefocus>
            </control>
            <control type="button" id="6">
                <description>Refresh</description>
                <posx>300.10</posx>
                <posy>588</posy>
                <width>291.10</width>
                <height>44</height>
                <label>184</label>
                <font>font13</font>
                <onleft>5</onleft>
                <onright>10</onright>
                <onup>50</onup>
                <ondown>50</ondown>
                <align>center</align>
                <texturenofocus>button-nofocus.png</texturenofocus>
                <texturefocus>button-focus.png</texturefocus>
            </control>
            <control type="button" id="10">
                <description>Get Thumb</description>
                <posx>600.20</posx>
                <posy>588</posy>
                <width>291.10</width>
                <height>44</height>
                <label>13405</label>
                <font>font13</font>
                <onleft>6</onleft>
                <onright>12</onright>
                <onup>50</onup>
                <ondown>50</ondown>
                <align>center</align>
                <texturenofocus>button-nofocus.png</texturenofocus>
                <texturefocus>button-focus.png</texturefocus>
            </control>
            <control type="button" id="12">
                <description>Get Fanart</description>
                <posx>900.30</posx>
                <posy>588</posy>
                <width>291.10</width>
                <height>44</height>
                <label>20413</label>
                <font>font13</font>
                <onleft>10</onleft>
                <onright>61</onright>
                <onup>50</onup>
                <ondown>50</ondown>
                <align>center</align>
                <texturenofocus>button-nofocus.png</texturenofocus>
                <texturefocus>button-focus.png</texturefocus>
            </control>
            <control type="label">
                <posx>142</posx>
                <posy>331</posy>
                <width>267</width>
                <height>31</height>
                <font>font12</font>
                <textcolor>white</textcolor>
                <shadowcolor>black</shadowcolor>
                <scroll>true</scroll>
                <align>left</align>
                <aligny>center</aligny>
                <label>[COLOR=grey]$LOCALIZE[31160][/COLOR]$INFO[Container(4).CurrentPage, ( ]$INFO[Container(4).NumPages,/, )]</label>
                <visible>Control.IsVisible(4) + Container.Content(Artists)</visible>
                <visible>!Control.HasFocus(12)</visible>
            </control>
            <control type="label">
                <posx>142</posx>
                <posy>331</posy>
                <width>267</width>
                <height>31</height>
                <font>font12</font>
                <textcolor>white</textcolor>
                <shadowcolor>black</shadowcolor>
                <scroll>true</scroll>
                <align>left</align>
                <aligny>center</aligny>
                <label>[COLOR=grey]$LOCALIZE[31160][/COLOR]$INFO[Container(50).CurrentPage, ( ]$INFO[Container(50).NumPages,/, )]</label>
                <visible>Control.IsVisible(50) + Container.Content(Artists)</visible>
                <visible>!Control.HasFocus(12)</visible>
            </control>
            <control type="panel" id="50">
                <visible>Container.Content(Artists)</visible>
                <posx>0</posx>
                <posy>394</posy>
                <width>1529</width>
                <height>188</height>
                <onleft>61</onleft>
                <onright>61</onright>
                <onup>50</onup>
                <ondown>50</ondown>
                <viewtype label="">list</viewtype>
                <pagecontrol>61</pagecontrol>
                <scrolltime tween="sine" easing="inout">200</scrolltime>
                <orientation>vertical</orientation>
                <itemlayout width="1190.59" height="36.25">
                    <control type="label">
                        <posx>9</posx>
                        <posy>4</posy>
                        <width>1013</width>
                        <height>28</height>
                        <font>font13</font>
                        <align>left</align>
                        <aligny>center</aligny>
                        <selectedcolor>White</selectedcolor>
                        <info>ListItem.Label</info>
                    </control>
                </itemlayout>
                <focusedlayout width="1190.59" height="36.25">
                    <control type="image">
                        <width>1191</width>
                        <height>36</height>
                        <posx>0</posx>
                        <posy>0</posy>
                        <visible>Control.HasFocus(50)</visible>
                        <texture>input-focus.png</texture>
                    </control>
                    <control type="label">
                        <posx>9</posx>
                        <posy>4</posy>
                        <width>1013</width>
                        <height>28</height>
                        <font>font13</font>
                        <aligny>center</aligny>
                        <selectedcolor>White</selectedcolor>
                        <align>left</align>
                        <info>ListItem.Label</info>
                    </control>
                </focusedlayout>
            </control>
            <control type="spincontrol" id="61">
                <description>Next page button</description>
                <posx>5</posx>
                <posy>331</posy>
                <height>31</height>
                <width>36</width>
                <subtype>page</subtype>
                <font>-</font>
                <onleft>12</onleft>
                <onright>5</onright>
                <ondown>50</ondown>
                <onup>5</onup>
                <textcolor>-</textcolor>
                <align>left</align>
                <aligny>center</aligny>
                <showonepage>true</showonepage>
                <visible>!Control.HasFocus(12)</visible>
            </control>
        </control>
        <include>Music-Info</include>
    </controls>
</window>