<?xml version="1.0" encoding="utf-8"?>
<window id="146">
    <defaultcontrol always="true">9000</defaultcontrol>
    <controls>
        <control type="group">
            <animation effect="slide" time="600" start="1155.50,0" end="0,0" condition="!Skin.HasSetting(animated)">WindowOpen</animation>
            <animation effect="slide" time="600" start="0,0" end="1297.10,0" condition="!Skin.HasSetting(animated)">WindowClose</animation>
            <control type="image">
                <posx>0</posx>
                <posy>0</posy>
                <width>1280</width>
                <height>720</height>
                <texture>background2.png</texture>
                <animation effect="fade" time="200">WindowOpen</animation>
                <animation effect="fade" time="200">WindowClose</animation>
            </control>
            <control type="image">
                <description>background</description>
                <posx>-4</posx>
                <posy>-5</posy>
                <width>1288</width>
                <height>730</height>
                <texture>blackgloss.png</texture>
                <aspectratio>stretch</aspectratio>
                <colordiffuse>DDffffff</colordiffuse>
            </control>
            <control type="group">
                <visible>!Window.isVisible(AddonSettings)</visible>
                <control type="label">
                    <description>header label</description>
                    <posx>35.40</posx>
                    <posy>81.25</posy>
                    <width>1239</width>
                    <height>37.50</height>
                    <font>special14</font>
                    <label>24003</label>
                    <align>left</align>
                    <aligny>center</aligny>
                    <textcolor>white</textcolor>
                    <shadowcolor>black</shadowcolor>
                </control>
                <control type="image">
                    <posx>1005.92</posx>
                    <posy>118.75</posy>
                    <width>237.50</width>
                    <height>237.50</height>
                    <aspectratio align="right">stretch</aspectratio>
                    <texture diffuse="mask.png">background2.png</texture>
                </control>
                <control type="image">
                    <posx>1006.92</posx>
                    <posy>119.75</posy>
                    <width>235.50</width>
                    <height>235.50</height>
                    <aspectratio align="right">keep</aspectratio>
                    <texture diffuse="mask.png">$INFO[ListItem.Icon]</texture>
                </control>
                <control type="label">
                    <description>Addon Title value</description>
                    <posx>35.40</posx>
                    <posy>118.75</posy>
                    <width>1239</width>
                    <height>37.50</height>
                    <align>left</align>
                    <aligny>center</aligny>
                    <font>special15</font>
                    <label>[B]$INFO[ListItem.Property(Addon.Name)][/B]</label>
                    <textcolor>white</textcolor>
                    <shadowcolor>black</shadowcolor>
                    <scroll>true</scroll>
                </control>
                <control type="group">
                    <posy>162.50</posy>
                    <control type="label">
                        <description>Type txt</description>
                        <posx>35.40</posx>
                        <posy>12.50</posy>
                        <width>106.20</width>
                        <height>31.25</height>
                        <label>$LOCALIZE[146]</label>
                        <align>left</align>
                        <aligny>center</aligny>
                        <font>font13_title</font>
                        <textcolor>grey</textcolor>
                    </control>
                    <control type="label">
                        <description>Type Value</description>
                        <posx>159.30</posx>
                        <posy>12.50</posy>
                        <width>708</width>
                        <height>31.25</height>
                        <label fallback="416">$INFO[ListItem.Property(Addon.Type)]</label>
                        <align>left</align>
                        <aligny>center</aligny>
                        <font>font13</font>
                        <scroll>true</scroll>
                    </control>
                    <control type="label">
                        <description>Author txt</description>
                        <posx>35.40</posx>
                        <posy>50.00</posy>
                        <width>106.20</width>
                        <height>31.25</height>
                        <label>$LOCALIZE[21863]:</label>
                        <align>left</align>
                        <aligny>center</aligny>
                        <font>font13_title</font>
                        <textcolor>grey</textcolor>
                    </control>
                    <control type="label">
                        <description>Author Value</description>
                        <posx>159.30</posx>
                        <posy>50.00</posy>
                        <width>708.00</width>
                        <height>31.25</height>
                        <label fallback="416">$INFO[ListItem.Property(Addon.Creator)]</label>
                        <align>left</align>
                        <aligny>center</aligny>
                        <font>font13</font>
                        <scroll>true</scroll>
                    </control>
                    <control type="label">
                        <description>Version txt</description>
                        <posx>35.40</posx>
                        <posy>87.50</posy>
                        <width>106.20</width>
                        <height>31.25</height>
                        <label>$LOCALIZE[24051]</label>
                        <align>left</align>
                        <aligny>center</aligny>
                        <font>font13_title</font>
                        <textcolor>grey</textcolor>
                    </control>
                    <control type="label">
                        <description>Version Value</description>
                        <posx>159.30</posx>
                        <posy>87.50</posy>
                        <width>708.00</width>
                        <height>31.25</height>
                        <label fallback="416">$INFO[ListItem.Property(Addon.Version)]</label>
                        <align>left</align>
                        <aligny>center</aligny>
                        <font>font13</font>
                        <scroll>true</scroll>
                    </control>
                    <!-- control type="label">
						<description>Rating txt</description>
						<posx>35.40</posx>
						<posy>112.50</posy>
						<width>106.20</width>
						<height>31.25</height>
						<label>$LOCALIZE[563]:</label>
						<align>left</align>
						<aligny>center</aligny>
						<font>font13</font>
						<textcolor>grey</textcolor>
					</control>

					<control type="image">
						<description>Rating value</description>
						<posx>159.30</posx>
						<posy>112.50</posy>
						<width>283.20</width>
						<height>31.25</height>
						<texture>$INFO[ListItem.Property(Addon.Rating)]</texture>
					</control -->
                    <control type="label">
                        <description>Summary txt</description>
                        <posx>35.40</posx>
                        <posy>125.00</posy>
                        <width>106.20</width>
                        <height>31.25</height>
                        <label>$LOCALIZE[20037]:</label>
                        <align>left</align>
                        <aligny>center</aligny>
                        <font>font13</font>
                        <textcolor>grey</textcolor>
                    </control>
                    <control type="fadelabel">
                        <description>Summary Value</description>
                        <posx>159.30</posx>
                        <posy>125.00</posy>
                        <width>708.00</width>
                        <height>31.25</height>
                        <label fallback="416">$INFO[ListItem.Property(Addon.Summary)]</label>
                        <align>left</align>
                        <aligny>center</aligny>
                        <font>font13</font>
                        <scrollout>false</scrollout>
                        <pauseatend>2000</pauseatend>
                    </control>
                    <control type="label">
                        <description>Disclaimer txt</description>
                        <posx>35.40</posx>
                        <posy>162.50</posy>
                        <width>106.20</width>
                        <height>31.25</height>
                        <label>$LOCALIZE[24052]:</label>
                        <align>left</align>
                        <aligny>center</aligny>
                        <font>font13</font>
                        <textcolor>grey</textcolor>
                    </control>
                    <control type="fadelabel">
                        <description>Disclaimer</description>
                        <posx>159.30</posx>
                        <posy>162.50</posy>
                        <width>708.00</width>
                        <height>31.25</height>
                        <align>left</align>
                        <aligny>center</aligny>
                        <font>font13</font>
                        <textcolor>white</textcolor>
                        <shadowcolor>black</shadowcolor>
                        <label fallback="416">$INFO[ListItem.Property(Addon.Disclaimer)]</label>
                        <scrollout>false</scrollout>
                        <pauseatend>2000</pauseatend>
                    </control>
                    <control type="image">
                        <posx>30.97</posx>
                        <posy>206.25</posy>
                        <width>1212.45</width>
                        <height>5</height>
                        <texture>separator.png</texture>
                    </control>
                    <control type="group">
                        <control type="textbox" id="401">
                            <description>Description</description>
                            <posx>35.40</posx>
                            <posy>218.75</posy>
                            <width>1203.60</width>
                            <height>184</height>
                            <font>font12</font>
                            <align>justify</align>
                            <textcolor>white</textcolor>
                            <shadowcolor>black</shadowcolor>
                            <label>$INFO[ListItem.Property(Addon.Description)]</label>
                            <pagecontrol>90</pagecontrol>
                            <autoscroll time="6000" delay="21000" repeat="15000" />
                        </control>
                    </control>
                </control>
                <control type="grouplist" id="9000">
                    <posx>35.40</posx>
                    <posy>587.50</posy>
                    <width>1209.20</width>
                    <height>43.75</height>
                    <onleft>9000</onleft>
                    <onright>9000</onright>
                    <onup>50</onup>
                    <ondown>50</ondown>
                    <itemgap>5</itemgap>
                    <orientation>horizontal</orientation>
                    <control type="button" id="6">
                        <description>Install/UnInstall Addon button</description>
                        <width>196.53</width>
                        <height>43.75</height>
                        <label>24022</label>
                        <align>center</align>
                        <colordiffuse>ddffffff</colordiffuse>
                    </control>
                    <control type="button" id="7">
                        <description>Enable/Disable Addon button</description>
                        <width>196.53</width>
                        <height>43.75</height>
                        <label>24021</label>
                        <align>center</align>
                        <colordiffuse>ddffffff</colordiffuse>
                    </control>
                    <control type="button" id="9">
                        <description>Configure Addon</description>
                        <width>196.53</width>
                        <height>43.75</height>
                        <label>24020</label>
                        <align>center</align>
                        <colordiffuse>ddffffff</colordiffuse>
                    </control>
                    <control type="button" id="8">
                        <description>Update Addon button</description>
                        <width>196.53</width>
                        <height>43.75</height>
                        <label>24069</label>
                        <align>center</align>
                        <colordiffuse>ddffffff</colordiffuse>
                    </control>
                    <control type="button" id="11">
                        <description>Update Addon button</description>
                        <width>196.53</width>
                        <height>43.75</height>
                        <label>24048</label>
                        <align>center</align>
                        <colordiffuse>ddffffff</colordiffuse>
                    </control>
                    <control type="button" id="10">
                        <description>Changelog button</description>
                        <width>196.53</width>
                        <height>43.75</height>
                        <label>24036</label>
                        <align>center</align>
                        <colordiffuse>ddffffff</colordiffuse>
                    </control>
                </control>
            </control>
        </control>
    </controls>
</window>