<?xml version="1.0" encoding="utf-8"?>
<window id="126">
    <defaultcontrol always="true">450</defaultcontrol>
    <allowoverlay>no</allowoverlay>
    <coordinates>
        <system>1</system>
        <posx>0</posx>
        <posy>0</posy>
    </coordinates>
    <controls>
        <control type="group">
            <animation effect="slide" time="600" start="1155,0" end="0,0" condition="!Skin.HasSetting(animated)">WindowOpen</animation>
            <animation effect="slide" time="600" start="0,0" end="1297,0" condition="!Skin.HasSetting(animated)">WindowClose</animation>
            <control type="image">
                <description>background</description>
                <posx>-4</posx>
                <posy>0</posy>
                <width>1291</width>
                <height>722</height>
                <texture>blackgloss.png</texture>
                <aspectratio>stretch</aspectratio>
            </control>
            <control type="image" id="1">
                <description>background</description>
                <posx>27</posx>
                <posy>94</posy>
                <width>1227</width>
                <height>529</height>
                <texture>background2.png</texture>
                <bordertexture>white.png</bordertexture>
                <bordersize>1.25,1.77,2.5,3.54</bordersize>
                <aspectratio>stretch</aspectratio>
            </control>
            <control type="label" id="411">
                <description>heading label</description>
                <posx>36</posx>
                <posy>100</posy>
                <width>622</width>
                <align>left</align>
                <font>Heading-M</font>
                <textcolor>lightblue</textcolor>
            </control>
            <control type="label" id="412">
                <description>path label control</description>
                <posx>39</posx>
                <posy>131</posy>
                <width>622</width>
                <align>left</align>
                <font>font13</font>
                <haspath>true</haspath>
            </control>
            <control type="list" id="450">
                <posx>39</posx>
                <posy>161</posy>
                <width>532</width>
                <height>396</height>
                <onleft>413</onleft>
                <onright>59</onright>
                <onup>450</onup>
                <ondown>450</ondown>
                <pagecontrol>59</pagecontrol>
                <scrolltime tween="sine" easing="inout">200</scrolltime>
                <wraparound>yes</wraparound>
                <itemlayout height="44">
                    <control type="image">
                        <posx>8</posx>
                        <posy>4.5</posy>
                        <width>36</width>
                        <height>35</height>
                        <aspectratio>keep</aspectratio>
                        <info>ListItem.Icon</info>
                    </control>
                    <control type="label">
                        <posx>52</posx>
                        <posy>10</posy>
                        <width>472</width>
                        <height>31</height>
                        <font>font18</font>
                        <textcolor>white</textcolor>
                        <shadowcolor>black</shadowcolor>
                        <include>selectedcolor</include>
                        <info>ListItem.Label</info>
                    </control>
                </itemlayout>
                <focusedlayout height="44">
                    <control type="image">
                        <posx>0</posx>
                        <posy>0</posy>
                        <width>532</width>
                        <height>44</height>
                        <texture diffuse="mask wide.png">panel background.png</texture>
                        <visible>Control.HasFocus(450)</visible>
                        <colordiffuse>77FFFFFF</colordiffuse>
                        <include>List Scroll35</include>
                    </control>
                    <control type="image">
                        <posx>8</posx>
                        <posy>4.5</posy>
                        <width>36</width>
                        <height>35</height>
                        <aspectratio>keep</aspectratio>
                        <info>ListItem.Icon</info>
                    </control>
                    <control type="label">
                        <posx>52</posx>
                        <posy>10</posy>
                        <width>472</width>
                        <height>31</height>
                        <font>font18</font>
                        <textcolor>white</textcolor>
                        <shadowcolor>black</shadowcolor>
                        <include>selectedcolor</include>
                        <scroll>true</scroll>
                        <info>ListItem.Label</info>
                    </control>
                </focusedlayout>
            </control>
            <control type="image">
                <description>list item icon</description>
                <posx>663</posx>
                <posy>112</posy>
                <width>574</width>
                <height>488</height>
                <info>ListItem.Icon</info>
                <aspectratio align="right">keep</aspectratio>
                <visible>Control.IsVisible(450)</visible>
            </control>
            <control type="button" id="413">
                <posx>39</posx>
                <posy>569</posy>
                <width>178</width>
                <height>44</height>
                <align>center</align>
                <label>186</label>
                <font>font13</font>
                <aligny>center</aligny>
                <textcolor>lightgrey</textcolor>
                <shadowcolor>black</shadowcolor>
                <texturefocus>button-focus.png</texturefocus>
                <texturenofocus>button-nofocus.png</texturenofocus>
                <onleft>415</onleft>
                <onright>414</onright>
                <onup>450</onup>
                <ondown>450</ondown>
                <animation effect="fade" time="150">WindowOpen</animation>
                <animation effect="fade" time="50">WindowClose</animation>
            </control>
            <control type="button" id="414">
                <posx>226</posx>
                <posy>569</posy>
                <width>178</width>
                <height>44</height>
                <align>center</align>
                <label>222</label>
                <font>font13</font>
                <aligny>center</aligny>
                <textcolor>lightgrey</textcolor>
                <shadowcolor>black</shadowcolor>
                <texturefocus>button-focus.png</texturefocus>
                <texturenofocus>button-nofocus.png</texturenofocus>
                <onleft>413</onleft>
                <onright>415</onright>
                <onup>450</onup>
                <ondown>450</ondown>
                <animation effect="fade" time="150">WindowOpen</animation>
                <animation effect="fade" time="50">WindowClose</animation>
            </control>
            <control type="button" id="415">
                <description>Create folder button</description>
                <posx>413</posx>
                <posy>569</posy>
                <width>178</width>
                <height>44</height>
                <align>center</align>
                <label>119</label>
                <font>font13</font>
                <aligny>center</aligny>
                <textcolor>lightgrey</textcolor>
                <shadowcolor>black</shadowcolor>
                <texturefocus>button-focus.png</texturefocus>
                <texturenofocus>button-nofocus.png</texturenofocus>
                <onleft>414</onleft>
                <onright>413</onright>
                <onup>450</onup>
                <ondown>450</ondown>
                <animation effect="fade" time="150">WindowOpen</animation>
                <animation effect="fade" time="50">WindowClose</animation>
            </control>
            <control type="scrollbar" id="59">
                <posx>575</posx>
                <posy>162</posy>
                <width>16</width>
                <height>394</height>
                <texturesliderbackground border="0,17.77,0,17.77">scrollbar-back.png</texturesliderbackground>
                <texturesliderbar border="0,17.77,0,17.77">scrollbar-front-nofocus.png</texturesliderbar>
                <texturesliderbarfocus border="0,17.77,0,17.77">scrollbar-front-focus.png</texturesliderbarfocus>
                <onleft>450</onleft>
                <onright>415</onright>
                <onup>59</onup>
                <ondown>59</ondown>
                <showonepage>false</showonepage>
                <orientation>vertical</orientation>
            </control>
        </control>
    </controls>
</window>