<?xml version="1.0" encoding="utf-8"?>
<window id="3">
    <defaultcontrol>20</defaultcontrol>
    <allowoverlay>yes</allowoverlay>
    <controls>
        <control type="image">
            <description>Panel Image</description>
            <posx>0</posx>
            <posy>0</posy>
            <width>1280</width>
            <height>622</height>
            <texture background="true">background2.png</texture>
            <visible>!Skin.HasSetting(Background)</visible>
            <animation effect="fade" time="200">WindowClose</animation>
        </control>
        <control type="multiimage">
            <posx>0</posx>
            <posy>0</posy>
            <width>1280</width>
            <height>622</height>
            <imagepath>special://skin/images/Default Wallpaper</imagepath>
            <info>Skin.String(CustomMenu)</info>
            <timeperimage>5000</timeperimage>
            <fadetime>2000</fadetime>
            <randomize>true</randomize>
            <visible>!Skin.HasSetting(CustomMenu)</visible>
            <visible>Skin.HasSetting(Background)</visible>
            <animation effect="fade" time="200">WindowClose</animation>
            <animation effect="fade" time="200">Visible</animation>
            <animation effect="fade" delay="200" time="800">Hidden</animation>
        </control>
        <control type="multiimage">
            <posx>0</posx>
            <posy>0</posy>
            <width>1280</width>
            <height>622</height>
            <imagepath>-</imagepath>
            <info>Skin.String(CustomMenuFolder)</info>
            <timeperimage>5000</timeperimage>
            <fadetime>2000</fadetime>
            <randomize>true</randomize>
            <visible>!Skin.HasSetting(CustomMenuFolder)</visible>
            <visible>Skin.HasSetting(Background)</visible>
            <animation effect="fade" time="200">WindowClose</animation>
            <animation effect="fade" time="200">Visible</animation>
            <animation effect="fade" delay="200" time="800">Hidden</animation>
        </control>
        <control type="image">
            <description>Panel Image</description>
            <posx>0</posx>
            <posy>0</posy>
            <width>1280</width>
            <height>622</height>
            <texture background="true">Mask2.png</texture>
            <colordiffuse>66FFFFFF</colordiffuse>
            <animation effect="fade" time="200">WindowClose</animation>
            <visible>Skin.HasSetting(Background)</visible>
        </control>
        <control type="image">
            <description>Background</description>
            <posx>0</posx>
            <posy>0</posy>
            <width>1280</width>
            <height>622</height>
            <texture background="true">backgroundbr.jpg</texture>
            <animation effect="fade" time="200">WindowClose</animation>
            <visible>!Skin.HasSetting(Background)</visible>
        </control>
        <control type="image">
            <posx>0</posx>
            <posy>621</posy>
            <width>1280</width>
            <height>2</height>
            <texture>background2.png</texture>
            <animation effect="fade" time="200">WindowClose</animation>
        </control>
        <control type="image">
            <posx>0</posx>
            <posy>623</posy>
            <width>1280</width>
            <height>97</height>
            <texture>background2.png</texture>
            <animation effect="fade" time="200">WindowClose</animation>
            <aspectratio>stretch</aspectratio>
        </control>
        <control type="image">
            <posx>0</posx>
            <posy>623</posy>
            <width>1280</width>
            <height>97</height>
            <texture>panel background.png</texture>
            <colordiffuse>22ffffff</colordiffuse>
            <animation effect="fade" time="200">WindowClose</animation>
            <aspectratio>stretch</aspectratio>
        </control>
        <control type="group">
            <animation effect="slide" time="600" start="-1280,0" end="0,0" condition="!Skin.HasSetting(animated)">WindowOpen</animation>
            <animation effect="fade" time="200">WindowClose</animation>
            <posy>62</posy>
            <posx>-9</posx>
            <control type="image">
                <description>Background</description>
                <posx>0</posx>
                <posy>-38</posy>
                <width>1280</width>
                <height>638</height>
                <texture background="true">background-filemanager.png</texture>
                <visible>!Skin.HasSetting(Background)</visible>
            </control>
            <control type="image">
                <description>Background</description>
                <posx>0</posx>
                <posy>603</posy>
                <width>1280</width>
                <height>638</height>
                <texture flipy="true" diffuse="Thumb_Mask2.png" background="true">background-filemanager.png</texture>
                <visible>!Skin.HasSetting(Background)</visible>
                <colordiffuse>99FFFFFF</colordiffuse>
            </control>
            <control type="image">
                <description>Background</description>
                <posx>0</posx>
                <posy>-38</posy>
                <width>1280</width>
                <height>638</height>
                <texture background="true">background-filemanager.png</texture>
                <colordiffuse>CCFFFFFF</colordiffuse>
                <visible>Skin.HasSetting(Background)</visible>
            </control>
            <control type="image">
                <description>Background</description>
                <posx>0</posx>
                <posy>603</posy>
                <width>1280</width>
                <height>638</height>
                <texture flipy="true" diffuse="Thumb_Mask2.png" background="true">background-filemanager.png</texture>
                <visible>Skin.HasSetting(Background)</visible>
                <colordiffuse>99FFFFFF</colordiffuse>
            </control>
            <control type="label">
                <description>header label</description>
                <posx>151</posx>
                <posy>40.62</posy>
                <width>25</width>
                <height>25</height>
                <font>Heading-M-Caps</font>
                <label>A</label>
                <align>left</align>
                <aligny>center</aligny>
                <textcolor>lightblue</textcolor>
                <shadowcolor>black</shadowcolor>
            </control>
            <control type="fadelabel" id="101">
                <description>Current Directory Text Label Left</description>
                <align>left</align>
                <posx>181</posx>
                <posy>40.62</posy>
                <width>454.23</width>
                <height>25</height>
                <font>font13</font>
                <aligny>center</aligny>
                <scroll>true</scroll>
                <textcolor>white</textcolor>
                <shadowcolor>black</shadowcolor>
            </control>
            <control type="label">
                <description>header label</description>
                <posx>661.93</posx>
                <posy>40.62</posy>
                <width>25</width>
                <height>25</height>
                <font>Heading-M-Caps</font>
                <label>B</label>
                <align>left</align>
                <aligny>center</aligny>
                <textcolor>lightblue</textcolor>
                <shadowcolor>black</shadowcolor>
            </control>
            <control type="fadelabel" id="102">
                <description>Current Directory Text Label Right</description>
                <align>left</align>
                <posx>691.93</posx>
                <posy>40.62</posy>
                <width>454</width>
                <height>25</height>
                <font>font13</font>
                <aligny>center</aligny>
                <scroll>true</scroll>
                <textcolor>white</textcolor>
                <shadowcolor>black</shadowcolor>
            </control>
            <control type="image">
                <description>Background</description>
                <posx>0</posx>
                <posy>-38</posy>
                <width>1280</width>
                <height>638</height>
                <texture background="true">background-filemanager1.png</texture>
            </control>
            <control type="label" id="12">
                <description>Number of Files in Left List Text Label</description>
                <posx>160</posx>
                <posy>568</posy>
                <label>-</label>
                <font>font13</font>
                <textcolor>white</textcolor>
                <shadowcolor>black</shadowcolor>
                <visible effect="fade" time="100" start="hidden">Window.IsActive(3)</visible>
            </control>
            <control type="label" id="13">
                <description>Number of Files in Right List Text Label</description>
                <posx>668.17</posx>
                <posy>568</posy>
                <label>-</label>
                <font>font13</font>
                <textcolor>white</textcolor>
                <shadowcolor>black</shadowcolor>
                <visible effect="fade" time="200" start="hidden">Window.IsActive(3)</visible>
            </control>
            <control type="list" id="20">
                <scrolltime tween="sine" easing="inout">200</scrolltime>
                <viewtype label="535">list</viewtype>
                <visible effect="fade" time="100" start="hidden">Window.IsActive(3)</visible>
                <posx>160</posx>
                <posy>98</posy>
                <width>475</width>
                <height>435</height>
                <onleft>105</onleft>
                <onright>21</onright>
                <onup>20</onup>
                <ondown>20</ondown>
                <pagecontrol>105</pagecontrol>
                <preloaditems>4</preloaditems>
                <wraparound>yes</wraparound>
                <itemlayout height="36.25">
                    <control type="label">
                        <posx>9</posx>
                        <posy>0</posy>
                        <width>364</width>
                        <height>36</height>
                        <font>font15</font>
                        <align>left</align>
                        <aligny>center</aligny>
                        <textcolor>white</textcolor>
                        <shadowcolor>black</shadowcolor>
                        <include>selectedcolor</include>
                        <info>ListItem.Label</info>
                    </control>
                    <control type="label">
                        <posx>462</posx>
                        <posy>0</posy>
                        <width>80</width>
                        <height>36</height>
                        <font>font15</font>
                        <align>right</align>
                        <aligny>center</aligny>
                        <textcolor>white</textcolor>
                        <shadowcolor>black</shadowcolor>
                        <include>selectedcolor</include>
                        <info>ListItem.Label2</info>
                    </control>
                </itemlayout>
                <focusedlayout height="36.25">
                    <control type="image">
                        <posx>0</posx>
                        <posy>0</posy>
                        <width>471</width>
                        <height>36.25</height>
                        <texture>input-focus.png</texture>
                        <visible>Control.HasFocus(20)</visible>
                        <include>List Scroll29</include>
                    </control>
                    <control type="label">
                        <posx>9</posx>
                        <posy>0</posy>
                        <width>364</width>
                        <height>36</height>
                        <font>font15</font>
                        <align>left</align>
                        <aligny>center</aligny>
                        <textcolor>white</textcolor>
                        <shadowcolor>black</shadowcolor>
                        <include>selectedcolor</include>
                        <info>ListItem.Label</info>
                    </control>
                    <control type="label">
                        <posx>462</posx>
                        <posy>0</posy>
                        <width>80</width>
                        <height>36</height>
                        <font>font15</font>
                        <align>right</align>
                        <aligny>center</aligny>
                        <textcolor>white</textcolor>
                        <shadowcolor>black</shadowcolor>
                        <include>selectedcolor</include>
                        <info>ListItem.Label2</info>
                    </control>
                </focusedlayout>
            </control>
            <control type="scrollbar" id="105">
                <posx>142</posx>
                <posy>98</posy>
                <width>16</width>
                <height>435</height>
                <texturesliderbackground border="0,17.77,0,17.77">scrollbar-back.png</texturesliderbackground>
                <texturesliderbar border="0,17.77,0,17.77">scrollbar-front-nofocus.png</texturesliderbar>
                <texturesliderbarfocus border="0,17.77,0,17.77">scrollbar-front-focus.png</texturesliderbarfocus>
                <onleft>21</onleft>
                <onright>20</onright>
                <onup>20</onup>
                <ondown>20</ondown>
                <showonepage>false</showonepage>
                <orientation>vertical</orientation>
            </control>
            <control type="list" id="21">
                <viewtype label="535">list</viewtype>
                <scrolltime tween="sine" easing="inout">200</scrolltime>
                <visible effect="fade" time="100" start="hidden">Window.IsActive(3)</visible>
                <posx>672</posx>
                <posy>98</posy>
                <width>475</width>
                <height>435</height>
                <onleft>106</onleft>
                <onright>20</onright>
                <onup>21</onup>
                <ondown>21</ondown>
                <preloaditems>4</preloaditems>
                <wraparound>yes</wraparound>
                <pagecontrol>106</pagecontrol>
                <itemlayout height="36.25">
                    <control type="label">
                        <posx>9</posx>
                        <posy>0</posy>
                        <width>364</width>
                        <height>36</height>
                        <font>font15</font>
                        <align>left</align>
                        <aligny>center</aligny>
                        <textcolor>white</textcolor>
                        <shadowcolor>black</shadowcolor>
                        <include>selectedcolor</include>
                        <info>ListItem.Label</info>
                    </control>
                    <control type="label">
                        <posx>462</posx>
                        <posy>0</posy>
                        <width>80</width>
                        <height>36</height>
                        <font>font15</font>
                        <align>right</align>
                        <aligny>center</aligny>
                        <textcolor>white</textcolor>
                        <shadowcolor>black</shadowcolor>
                        <include>selectedcolor</include>
                        <info>ListItem.Label2</info>
                    </control>
                </itemlayout>
                <focusedlayout height="36.25">
                    <control type="image">
                        <posx>0</posx>
                        <posy>0</posy>
                        <width>471</width>
                        <height>36.25</height>
                        <texture>input-focus.png</texture>
                        <visible>Control.HasFocus(21)</visible>
                        <include>List Scroll29</include>
                    </control>
                    <control type="label">
                        <posx>9</posx>
                        <posy>0</posy>
                        <width>364</width>
                        <height>36</height>
                        <font>font15</font>
                        <align>left</align>
                        <aligny>center</aligny>
                        <textcolor>white</textcolor>
                        <shadowcolor>black</shadowcolor>
                        <include>selectedcolor</include>
                        <info>ListItem.Label</info>
                    </control>
                    <control type="label">
                        <posx>462</posx>
                        <posy>0</posy>
                        <width>80</width>
                        <height>36</height>
                        <font>font15</font>
                        <align>right</align>
                        <aligny>center</aligny>
                        <textcolor>white</textcolor>
                        <shadowcolor>black</shadowcolor>
                        <include>selectedcolor</include>
                        <info>ListItem.Label2</info>
                    </control>
                </focusedlayout>
            </control>
            <control type="scrollbar" id="106">
                <posx>654</posx>
                <posy>98</posy>
                <width>16</width>
                <height>435</height>
                <texturesliderbackground border="0,17.77,0,17.77">scrollbar-back.png</texturesliderbackground>
                <texturesliderbar border="0,17.77,0,17.77">scrollbar-front-nofocus.png</texturesliderbar>
                <texturesliderbarfocus border="0,17.77,0,17.77">scrollbar-front-focus.png</texturesliderbarfocus>
                <onleft>20</onleft>
                <onright>21</onright>
                <onup>21</onup>
                <ondown>21</ondown>
                <showonepage>false</showonepage>
                <orientation>vertical</orientation>
            </control>
        </control>
        <include>Music-Info</include>
        <include>Time3</include>
    </controls>
</window>