<?xml version="1.0" encoding="utf-8"?>
<fonts>
    <fontset id="Default" unicode="true">
        <font>
            <name>font18</name>
            <filename>FrancophilSans.ttf</filename>
            <size>20</size>
            <style>bold</style>
            <shadow>ff000000</shadow>
        </font>
        <font>
            <name>font18-caps</name>
            <filename>FrancophilSans-Caps.ttf</filename>
            <size>20</size>
            <style>bold</style>
            <shadow>ff000000</shadow>
        </font>
        <font>
            <name>font13</name>
            <filename>FrancophilSans.ttf</filename>
            <size>19</size>
            <shadow>ff000000</shadow>
        </font>
        <font>
            <name>font13-caps</name>
            <filename>FrancophilSans-Caps.ttf</filename>
            <size>19</size>
            <shadow>ff000000</shadow>
        </font>
        <font>
            <name>font14</name>
            <filename>FrancophilSans.ttf</filename>
            <size>19</size>
            <style>bold</style>
            <shadow>ff000000</shadow>
        </font>
        <font>
            <name>font14-caps</name>
            <filename>FrancophilSans-Caps.ttf</filename>
            <size>19</size>
            <style>bold</style>
            <shadow>ff000000</shadow>
        </font>
        <font>
            <name>Time</name>
            <filename>FrancophilSans.ttf</filename>
            <size>19</size>
            <style>bold</style>
            <shadow>ff000000</shadow>
        </font>
        <font>
            <name>Time-Caps</name>
            <filename>FrancophilSans-Caps.ttf</filename>
            <size>19</size>
            <style>bold</style>
            <shadow>ff000000</shadow>
        </font>
        <font>
            <name>Music</name>
            <filename>FrancophilSans.ttf</filename>
            <size>16</size>
            <style>bold</style>
            <shadow>ff000000</shadow>
        </font>
        <font>
            <name>font64</name>
            <filename>FrancophilSans.ttf</filename>
            <size>16</size>
            <style>bold</style>
            <shadow>ff000000</shadow>
        </font>
        <font>
            <name>font64-caps</name>
            <filename>FrancophilSans-Caps.ttf</filename>
            <size>16</size>
            <style>bold</style>
            <shadow>ff000000</shadow>
        </font>        
        <font>
            <name>font04</name>
            <filename>FrancophilSans.ttf</filename>
            <size>18</size>
            <style>bold</style>
            <shadow>ff000000</shadow>
        </font>
        <font>
            <name>font15</name>
            <filename>FrancophilSans.ttf</filename>
            <size>18</size>
            <style>bold</style>
            <shadow>ff000000</shadow>
        </font>
        <font>
            <name>font15-caps</name>
            <filename>FrancophilSans-Caps.ttf</filename>
            <size>18</size>
            <style>bold</style>
            <shadow>ff000000</shadow>
        </font>
        <font>
            <name>font10</name>
            <filename>FrancophilSans.ttf</filename>
            <size>14</size>
            <style>bold</style>
            <shadow>ff000000</shadow>
        </font>
        <font>
            <name>font10-caps</name>
            <filename>FrancophilSans-Caps.ttf</filename>
            <size>14</size>
            <style>bold</style>
            <shadow>ff000000</shadow>
        </font>
        <font>
            <name>font12</name>
            <filename>FrancophilSans.ttf</filename>
            <size>17.10</size>
            <style>bold</style>
            <shadow>ff000000</shadow>
        </font>
        <font>
            <name>font12-caps</name>
            <filename>FrancophilSans-Caps.ttf</filename>
            <size>17.10</size>
            <style>bold</style>
            <shadow>ff000000</shadow>
        </font>
        <font>
            <name>fontKB</name>
            <filename>FrancophilSans.ttf</filename>
            <shadow>ff000000</shadow>
            <style>bold</style>
            <size>18</size>
        </font>
        <font>
            <name>fontKB-caps</name>
            <filename>FrancophilSans-Caps.ttf</filename>
            <shadow>ff000000</shadow>
            <style>bold</style>
            <size>18</size>
        </font>        
        <font>
            <name>special12</name>
            <filename>FrancophilSans.ttf</filename>
            <shadow>ff000000</shadow>
            <size>19</size>
        </font>
        <font>
            <name>special13</name>
            <filename>FrancophilSans.ttf</filename>
            <shadow>ff000000</shadow>
            <size>21</size>
        </font>
        <font>
            <name>special14</name>
            <filename>FrancophilSans.ttf</filename>
            <style>bold</style>
            <shadow>ff000000</shadow>
            <size>23</size>
        </font>
        <font>
            <name>special14-caps</name>
            <filename>FrancophilSans-Caps.ttf</filename>
            <shadow>ff000000</shadow>
            <style>bold</style>
            <size>23</size>
        </font>
        <font>
            <name>special15</name>
            <filename>RockoFLF.ttf</filename>
            <shadow>ff000000</shadow>
            <size>26</size>
        </font>
        <font>
            <name>special16</name>
            <filename>FrancophilSans.ttf</filename>
            <shadow>ff000000</shadow>
            <style>bold</style>
            <size>34</size>
        </font>
        <font>
            <name>special16-caps</name>
            <filename>FrancophilSans-Caps.ttf</filename>
            <shadow>ff000000</shadow>
            <style>bold</style>
            <size>34</size>
        </font>
        <font>
            <name>special17</name>
            <filename>FrancophilSans.ttf</filename>
            <shadow>ff000000</shadow>
            <style>bold</style>
            <size>26</size>
        </font>
        <font>
            <name>special17-caps</name>
            <filename>FrancophilSans-Caps.ttf</filename>
            <shadow>ff000000</shadow>
            <style>bold</style>
            <size>26</size>
        </font>
        
        <font>
            <name>Heading-M</name>
            <filename>RockoFLF.ttf</filename>
            <size>24</size>
            <style>bold</style>
            <shadow>ff000000</shadow>
        </font>
        <font>
            <name>Heading-M-Caps</name>
            <filename>RockoFLF-Caps.ttf</filename>
            <size>24</size>
            <style>bold</style>
            <shadow>ff000000</shadow>
        </font>
        <font>
            <name>Heading-S</name>
            <filename>RockoFLF.ttf</filename>
            <size>18</size>
            <shadow>ff000000</shadow>
        </font>       
       
        <font>
            <name>Home-Heading-M</name>
            <filename>DejaVuSans-Bold-Caps.ttf</filename>
            <size>24</size>
            <style>bold</style>
            <shadow>ff000000</shadow>
        </font>
        <font>
            <name>Home-Heading-S</name>
            <filename>DejaVuSans-Bold-Caps.ttf</filename>
            <size>18</size>
            <shadow>ff000000</shadow>
        </font>
        <font>
            <name>Home-Heading-VS</name>
            <filename>DejaVuSans-Bold-Caps.ttf</filename>
            <size>13</size>
            <shadow>ff000000</shadow>
        </font>

		<font>
			<name>Home-Heading-L</name>
			<filename>DejaVuSans-Bold-Caps.ttf</filename>
			<size>34</size>
			<style>bold</style>
			<shadow>ff000000</shadow>
		</font>
      
    </fontset>
    <fontset id="Large" unicode="true">
        <font>
            <name>font18</name>
            <filename>FrancophilSans.ttf</filename>
            <size>25</size>
            <style>bold</style>
            <shadow>ff000000</shadow>
        </font>
        <font>
            <name>font18-caps</name>
            <filename>FrancophilSans-Caps.ttf</filename>
            <size>25</size>
            <style>bold</style>
            <shadow>ff000000</shadow>
        </font>
        <font>
            <name>font13</name>
            <filename>FrancophilSans.ttf</filename>
            <size>25</size>
            <shadow>ff000000</shadow>
        </font>
        <font>
            <name>font13-caps</name>
            <filename>FrancophilSans-Caps.ttf</filename>
            <size>25</size>
            <shadow>ff000000</shadow>
        </font>
        <font>
            <name>font14</name>
            <filename>FrancophilSans.ttf</filename>
            <size>25</size>
            <style>bold</style>
            <shadow>ff000000</shadow>
        </font>
        <font>
            <name>font14-caps</name>
            <filename>FrancophilSans-Caps.ttf</filename>
            <size>25</size>
            <style>bold</style>
            <shadow>ff000000</shadow>
        </font>
        <font>
            <name>Time</name>
            <filename>FrancophilSans.ttf</filename>
            <size>19</size>
            <style>bold</style>
            <shadow>ff000000</shadow>
        </font>
        <font>
            <name>Time-Caps</name>
            <filename>FrancophilSans-Caps.ttf</filename>
            <size>19</size>
            <style>bold</style>
            <shadow>ff000000</shadow>
        </font>
        <font>
            <name>Music</name>
            <filename>FrancophilSans.ttf</filename>
            <size>16</size>
            <style>bold</style>
            <shadow>ff000000</shadow>
        </font>
        <font>
            <name>font64</name>
            <filename>FrancophilSans.ttf</filename>
            <size>21</size>
            <style>bold</style>
            <shadow>ff000000</shadow>
        </font>
        <font>
            <name>font64-caps</name>
            <filename>FrancophilSans-Caps.ttf</filename>
            <size>21</size>
            <style>bold</style>
            <shadow>ff000000</shadow>
        </font>       
        <font>
            <name>font04</name>
            <filename>FrancophilSans.ttf</filename>
            <size>23</size>
            <style>bold</style>
            <shadow>ff000000</shadow>
        </font>
        <font>
            <name>font15</name>
            <filename>FrancophilSans.ttf</filename>
            <size>23</size>
            <style>bold</style>
            <shadow>ff000000</shadow>
        </font>
        <font>
            <name>font15-caps</name>
            <filename>FrancophilSans-Caps.ttf</filename>
            <size>23</size>
            <style>bold</style>
            <shadow>ff000000</shadow>
        </font>
        <font>
            <name>font10</name>
            <filename>FrancophilSans.ttf</filename>
            <size>19</size>
            <style>bold</style>
            <shadow>ff000000</shadow>
        </font>
        <font>
            <name>font10-caps</name>
            <filename>FrancophilSans-Caps.ttf</filename>
            <size>19</size>
            <style>bold</style>
            <shadow>ff000000</shadow>
        </font>
        <font>
            <name>font12</name>
            <filename>FrancophilSans.ttf</filename>
            <size>22.10</size>
            <style>bold</style>
            <shadow>ff000000</shadow>
        </font>
        <font>
            <name>font12-caps</name>
            <filename>FrancophilSans-Caps.ttf</filename>
            <size>22.10</size>
            <style>bold</style>
            <shadow>ff000000</shadow>
        </font>
        <font>
            <name>fontKB</name>
            <filename>FrancophilSans.ttf</filename>
            <shadow>ff000000</shadow>
            <style>bold</style>
            <size>23</size>
        </font>
        <font>
            <name>fontKB-caps</name>
            <filename>FrancophilSans.ttf</filename>
            <shadow>ff000000</shadow>
            <style>bold</style>
            <size>23</size>
        </font>        
        <font>
            <name>special12</name>
            <filename>FrancophilSans.ttf</filename>
            <shadow>ff000000</shadow>
            <size>24</size>
        </font>
        <font>
            <name>special13</name>
            <filename>FrancophilSans.ttf</filename>
            <shadow>ff000000</shadow>
            <size>26</size>
        </font>
        <font>
            <name>special14</name>
            <filename>FrancophilSans.ttf</filename>
            <style>bold</style>
            <shadow>ff000000</shadow>
            <size>28</size>
        </font>
        <font>
            <name>special14-caps</name>
            <filename>FrancophilSans-Caps.ttf</filename>
            <style>bold</style>
            <shadow>ff000000</shadow>
            <size>28</size>
        </font>
        <font>
            <name>special15</name>
            <filename>RockoFLF.ttf</filename>
            <shadow>ff000000</shadow>
            <size>26</size>
        </font>
        <font>
            <name>special16</name>
            <filename>FrancophilSans.ttf</filename>
            <shadow>ff000000</shadow>
            <style>bold</style>
            <size>34</size>
        </font>
        <font>
            <name>special16-caps</name>
            <filename>FrancophilSans-Caps.ttf</filename>
            <shadow>ff000000</shadow>
            <style>bold</style>
            <size>34</size>
        </font>
        <font>
            <name>special17</name>
            <filename>FrancophilSans.ttf</filename>
            <shadow>ff000000</shadow>
            <style>bold</style>
            <size>26</size>
        </font>
        <font>
            <name>special17-caps</name>
            <filename>FrancophilSans-Caps.ttf</filename>
            <shadow>ff000000</shadow>
            <style>bold</style>
            <size>26</size>
        </font>
       
        <font>
            <name>Heading-M</name>
            <filename>RockoFLF.ttf</filename>
            <size>24</size>
            <style>bold</style>
            <shadow>ff000000</shadow>
        </font>
        <font>
            <name>Heading-M-Caps</name>
            <filename>RockoFLF-Caps.ttf</filename>
            <size>24</size>
            <style>bold</style>
            <shadow>ff000000</shadow>
        </font>
        <font>
            <name>Heading-S</name>
            <filename>RockoFLF.ttf</filename>
            <size>18</size>
            <shadow>ff000000</shadow>
        </font>         
        
        <font>
            <name>Home-Heading-M</name>
            <filename>DejaVuSans-Bold-Caps.ttf</filename>
            <size>24</size>
            <style>bold</style>
            <shadow>ff000000</shadow>
        </font>
        <font>
            <name>Home-Heading-S</name>
            <filename>DejaVuSans-Bold-Caps.ttf</filename>
            <size>18</size>
            <shadow>ff000000</shadow>
        </font>
        <font>
            <name>Home-Heading-VS</name>
            <filename>DejaVuSans-Bold-Caps.ttf</filename>
            <size>13</size>
            <shadow>ff000000</shadow>
        </font>
        <font>
            <name>Home-Heading-L</name>
            <filename>DejaVuSans-Bold-Caps.ttf</filename>
            <size>34</size>
            <style>bold</style>
            <shadow>ff000000</shadow>
        </font>
    </fontset>
    <fontset id="Arial" unicode="true">
        <font>
            <name>font18</name>
            <filename>arial.ttf</filename>
            <size>20</size>
            <style>bold</style>
            <shadow>ff000000</shadow>
        </font>
        <font>
            <name>font13</name>
            <filename>arial.ttf</filename>
            <size>19</size>
            <shadow>ff000000</shadow>
        </font>
        <font>
            <name>font14</name>
            <filename>arial.ttf</filename>
            <size>19</size>
            <style>bold</style>
            <shadow>ff000000</shadow>
        </font>
        <font>
            <name>Time</name>
            <filename>arial.ttf</filename>
            <size>15</size>
            <style>bold</style>
            <shadow>ff000000</shadow>
        </font>
        <font>
            <name>Music</name>
            <filename>arial.ttf</filename>
            <size>16</size>
            <style>bold</style>
            <shadow>ff000000</shadow>
        </font>
        <font>
            <name>font64</name>
            <filename>arial.ttf</filename>
            <size>16</size>
            <style>bold</style>
            <shadow>ff000000</shadow>
        </font>        
        <font>
            <name>font04</name>
            <filename>arial.ttf</filename>
            <size>18</size>
            <style>bold</style>
            <shadow>ff000000</shadow>
        </font>
        <font>
            <name>font15</name>
            <filename>arial.ttf</filename>
            <size>18</size>
            <style>bold</style>
            <shadow>ff000000</shadow>
        </font>
        <font>
            <name>font10</name>
            <filename>arial.ttf</filename>
            <size>14</size>
            <style>bold</style>
            <shadow>ff000000</shadow>
        </font>
        <font>
            <name>font12</name>
            <filename>arial.ttf</filename>
            <size>17.10</size>
            <style>bold</style>
            <shadow>ff000000</shadow>
        </font>
        <font>
            <name>fontKB</name>
            <filename>arial.ttf</filename>
            <shadow>ff000000</shadow>
            <style>bold</style>
            <size>18</size>
        </font>       
        <font>
            <name>special12</name>
            <filename>arial.ttf</filename>
            <shadow>ff000000</shadow>
            <size>19</size>
        </font>
        <font>
            <name>special13</name>
            <filename>arial.ttf</filename>
            <shadow>ff000000</shadow>
            <size>21</size>
        </font>
        <font>
            <name>special14</name>
            <filename>arial.ttf</filename>
            <style>bold</style>
            <shadow>ff000000</shadow>
            <size>23</size>
        </font>
        <font>
            <name>special15</name>
            <filename>arial.ttf</filename>
            <shadow>ff000000</shadow>
            <size>26</size>
        </font>
        <font>
            <name>special16</name>
            <filename>arial.ttf</filename>
            <shadow>ff000000</shadow>
            <style>bold</style>
            <size>34</size>
        </font>
        <font>
            <name>special17</name>
            <filename>arial.ttf</filename>
            <shadow>ff000000</shadow>
            <style>bold</style>
            <size>26</size>
        </font>
        
        <font>
            <name>Heading-M</name>
            <filename>arial.ttf</filename>
            <size>24</size>
            <style>bold</style>
            <shadow>ff000000</shadow>
        </font>
        <font>
            <name>Heading-S</name>
            <filename>arial.ttf</filename>
            <size>18</size>
            <shadow>ff000000</shadow>
        </font>
       
        <font>
            <name>Home-Heading-M</name>
            <filename>arial.ttf</filename>
            <size>24</size>
            <style>bold</style>
            <shadow>ff000000</shadow>
        </font>
        <font>
            <name>Home-Heading-S</name>
            <filename>arial.ttf</filename>
            <size>18</size>
            <shadow>ff000000</shadow>
        </font>
        <font>
            <name>Home-Heading-VS</name>
            <filename>arial.ttf</filename>
            <size>13</size>
            <shadow>ff000000</shadow>
        </font>
        <font>
            <name>Home-Heading-L</name>
            <filename>arial.ttf</filename>
            <size>34</size>
            <style>bold</style>
            <shadow>ff000000</shadow>
        </font>
    </fontset>
</fonts>