<?xml version="1.0" encoding="utf-8"?>
<includes>
    <include name="NextAired5">
        <control type="group">
            <visible>Container.Content(tvshows) + !IsEmpty(ListItem.Title)</visible>
            <control type="label">
                <posx>0</posx>
                <posy>0</posy>
                <width>889</width>
                <height>25</height>
                <align>left</align>
                <aligny>center</aligny>
                <font>font64</font>
                <textcolor>99ffffff</textcolor>
                <label>$LOCALIZE[20416]: $INFO[ListItem.Year]</label>
                <visible>IsEmpty(Window(Home).Property(NextAired.NextDate)) + Container.Content(tvshows) + !SubString(ListItem.Icon,DefaultFolderBack.png,Left)</visible>
            </control>
            <control type="label">
                <posx>0</posx>
                <posy>0</posy>
                <width>889</width>
                <height>25</height>
                <align>left</align>
                <aligny>center</aligny>
                <font>font64</font>
                <textcolor>99ffffff</textcolor>
                <label>$LOCALIZE[31203] $INFO[Window(Home).Property(NextAired.NextDate)]</label>
                <visible>!IsEmpty(Window(Home).Property(NextAired.NextDate)) + Container.Content(tvshows) + !SubString(ListItem.Icon,DefaultFolderBack.png,Left)</visible>
            </control>
        </control>
    </include>
    <include name="NextAired">
        <control type="group">
            <visible>Container.Content(tvshows) + !IsEmpty(ListItem.Title)</visible>
            <control type="label">
                <posx>0</posx>
                <posy>0</posy>
                <width>889</width>
                <height>25</height>
                <align>left</align>
                <aligny>center</aligny>
                <font>font64</font>
                <textcolor>white</textcolor>
                <label>$LOCALIZE[20416]: $INFO[ListItem.Year]</label>
                <visible>IsEmpty(Window(Home).Property(NextAired.NextDate)) + Container.Content(tvshows) + !SubString(ListItem.Icon,DefaultFolderBack.png,Left)</visible>
            </control>
            <control type="label">
                <posx>0</posx>
                <posy>0</posy>
                <width>889</width>
                <height>25</height>
                <align>left</align>
                <aligny>center</aligny>
                <font>font64</font>
                <textcolor>white</textcolor>
                <label>$LOCALIZE[31203] $INFO[Window(Home).Property(NextAired.NextDate)]</label>
                <visible>!IsEmpty(Window(Home).Property(NextAired.NextDate)) + Container.Content(tvshows) + !SubString(ListItem.Icon,DefaultFolderBack.png,Left)</visible>
            </control>
        </control>
    </include>
    <include name="NextAired-Fallback1">
        <control type="group">
            <visible>Container.Content(tvshows) + !IsEmpty(ListItem.Title)</visible>
            <control type="label">
                <posx>0</posx>
                <posy>0</posy>
                <width>889</width>
                <height>25</height>
                <align>left</align>
                <aligny>center</aligny>
                <font>font64</font>
                <textcolor>white</textcolor>
                <label>$LOCALIZE[20416]:</label>
                <visible>IsEmpty(Window(Home).Property(NextAired.NextDate))</visible>
            </control>
        </control>
    </include>
    <include name="NextAired-Fallback2">
        <control type="group">
            <visible>Container.Content(tvshows) + !IsEmpty(ListItem.Title)</visible>
            <control type="label">
                <posx>0</posx>
                <posy>0</posy>
                <width>889</width>
                <height>25</height>
                <align>right</align>
                <aligny>center</aligny>
                <font>font64</font>
                <textcolor>white</textcolor>
                <label>$INFO[ListItem.Year]</label>
                <visible>IsEmpty(Window(Home).Property(NextAired.NextDate))</visible>
            </control>
        </control>
    </include>
    <include name="NextAired-Fallback3">
        <control type="group">
            <visible>Container.Content(tvshows) + !IsEmpty(ListItem.Title)</visible>
            <control type="label">
                <posx>0</posx>
                <posy>0</posy>
                <width>889</width>
                <height>25</height>
                <align>left</align>
                <aligny>center</aligny>
                <font>font64</font>
                <textcolor>grey</textcolor>
                <label>$LOCALIZE[20416]:</label>
                <visible>IsEmpty(Window(Home).Property(NextAired.NextDate))</visible>
            </control>
        </control>
    </include>
    <include name="NextAired1">
        <control type="group">
            <visible>Container.Content(tvshows) + !IsEmpty(ListItem.Title)</visible>
            <control type="label">
                <posx>0</posx>
                <posy>0</posy>
                <width>889</width>
                <height>25</height>
                <align>left</align>
                <aligny>center</aligny>
                <font>font64</font>
                <textcolor>white</textcolor>
                <label>$LOCALIZE[31203]</label>
                <visible>!IsEmpty(Window(Home).Property(NextAired.NextDate))</visible>
            </control>
        </control>
    </include>
    <include name="NextAired2">
        <control type="group">
            <visible>Container.Content(tvshows) + !IsEmpty(ListItem.Title)</visible>
            <control type="label">
                <posx>0</posx>
                <posy>0</posy>
                <width>889</width>
                <height>25</height>
                <align>right</align>
                <aligny>center</aligny>
                <font>font64</font>
                <textcolor>white</textcolor>
                <label>$INFO[Window(Home).Property(NextAired.NextDate)]</label>
                <visible>!IsEmpty(Window(Home).Property(NextAired.NextDate))</visible>
            </control>
        </control>
    </include>
    <include name="NextAired3">
        <control type="group">
            <visible>Container.Content(tvshows) + !IsEmpty(ListItem.Title)</visible>
            <control type="label">
                <posx>0</posx>
                <posy>0</posy>
                <width>889</width>
                <height>25</height>
                <align>left</align>
                <aligny>center</aligny>
                <font>font64</font>
                <textcolor>grey</textcolor>
                <label>$LOCALIZE[31203]</label>
                <visible>!IsEmpty(Window(Home).Property(NextAired.NextDate))</visible>
            </control>
        </control>
    </include>
    <include name="NextAired-Fallback7">
        <control type="group">
            <visible>Container.Content(tvshows) + !IsEmpty(ListItem.Title)</visible>
            <control type="label">
                <posx>0</posx>
                <posy>0</posy>
                <width>889</width>
                <height>25</height>
                <align>left</align>
                <aligny>center</aligny>
                <font>font13</font>
                <textcolor>white</textcolor>
                <label>$LOCALIZE[20416]:</label>
                <visible>IsEmpty(Window(Home).Property(NextAired.NextDate))</visible>
            </control>
        </control>
    </include>
    <include name="NextAired-Fallback8">
        <control type="group">
            <visible>Container.Content(tvshows) + !IsEmpty(ListItem.Title)</visible>
            <control type="label">
                <posx>0</posx>
                <posy>0</posy>
                <width>889</width>
                <height>25</height>
                <align>right</align>
                <aligny>center</aligny>
                <font>font13</font>
                <textcolor>white</textcolor>
                <label>$INFO[ListItem.Year]</label>
                <visible>IsEmpty(Window(Home).Property(NextAired.NextDate))</visible>
            </control>
        </control>
    </include>
    <include name="NextAired-Fallback9">
        <control type="group">
            <visible>Container.Content(tvshows) + !IsEmpty(ListItem.Title)</visible>
            <control type="label">
                <posx>0</posx>
                <posy>0</posy>
                <width>889</width>
                <height>25</height>
                <align>left</align>
                <aligny>center</aligny>
                <font>font13</font>
                <textcolor>white</textcolor>
                <label>$INFO[ListItem.Year]</label>
                <visible>IsEmpty(Window(Home).Property(NextAired.NextDate))</visible>
            </control>
        </control>
    </include>
    <include name="NextAired7">
        <control type="group">
            <visible>Container.Content(tvshows) + !IsEmpty(ListItem.Title)</visible>
            <control type="label">
                <posx>0</posx>
                <posy>0</posy>
                <width>889</width>
                <height>25</height>
                <align>left</align>
                <aligny>center</aligny>
                <font>font13</font>
                <textcolor>white</textcolor>
                <label>$LOCALIZE[31203]</label>
                <visible>!IsEmpty(Window(Home).Property(NextAired.NextDate))</visible>
            </control>
        </control>
    </include>
    <include name="NextAired8">
        <control type="group">
            <visible>Container.Content(tvshows) + !IsEmpty(ListItem.Title)</visible>
            <control type="label">
                <posx>0</posx>
                <posy>0</posy>
                <width>889</width>
                <height>25</height>
                <align>right</align>
                <aligny>center</aligny>
                <font>font13</font>
                <textcolor>white</textcolor>
                <label>$INFO[Window(Home).Property(NextAired.AirTime)] - $INFO[Window(Home).Property(NextAired.NextDate)] - $INFO[Window(Home).Property(NextAired.NextTitle)]</label>
                <visible>!IsEmpty(Window(Home).Property(NextAired.NextDate))</visible>
            </control>
        </control>
    </include>
    <include name="NextAired9">
        <control type="group">
            <visible>Container.Content(tvshows) + !IsEmpty(ListItem.Title)</visible>
            <control type="label">
                <posx>0</posx>
                <posy>0</posy>
                <width>889</width>
                <height>25</height>
                <align>left</align>
                <aligny>center</aligny>
                <font>font13</font>
                <textcolor>white</textcolor>
                <label>$INFO[Window(Home).Property(NextAired.AirTime)] - $INFO[Window(Home).Property(NextAired.NextDate)] - $INFO[Window(Home).Property(NextAired.NextTitle)]</label>
                <visible>!IsEmpty(Window(Home).Property(NextAired.NextDate))</visible>
            </control>
        </control>
    </include>
    <include name="NextAiredWide">
        <control type="group">
            <visible>Container.Content(tvshows) + !IsEmpty(ListItem.Title)</visible>
            <control type="label">
                <posx>0</posx>
                <posy>0</posy>
                <width>889</width>
                <height>19</height>
                <align>left</align>
                <aligny>center</aligny>
                <font>Heading-S</font>
                <textcolor>white</textcolor>
                <label>$LOCALIZE[20416]: $INFO[ListItem.Year]</label>
                <visible>IsEmpty(Window(Home).Property(NextAired.NextDate)) + Container.Content(tvshows) + !SubString(ListItem.Icon,DefaultFolderBack.png,Left)</visible>
            </control>
            <control type="label">
                <posx>0</posx>
                <posy>0</posy>
                <width>889</width>
                <height>19</height>
                <align>left</align>
                <aligny>center</aligny>
                <font>Heading-S</font>
                <textcolor>white</textcolor>
                <label>$LOCALIZE[31203] $INFO[Window(Home).Property(NextAired.NextDate)]</label>
                <visible>!IsEmpty(Window(Home).Property(NextAired.NextDate)) + Container.Content(tvshows) + !SubString(ListItem.Icon,DefaultFolderBack.png,Left)</visible>
            </control>
        </control>
    </include>
</includes>