<?xml version="1.0" encoding="utf-8"?>
<window type="dialog" id="29">
	<defaultcontrol always="true">52</defaultcontrol>
	<allowoverlay>no</allowoverlay>
	<coordinates>
		<system>1</system>
		<posx>0</posx>
		<posy>0</posy>
	</coordinates>
	<controls>
		<control type="group">

			<control type="image">
				<description>Panel Image</description>
				<posx>0</posx>
				<posy>0</posy>
				<width>1280</width>
				<height>588</height>
				<texture background="true">backgroundbr.jpg</texture>
				<animation effect="fade" time="200">WindowClose</animation>
				<visible>!Skin.HasSetting(Background)</visible>
			</control>
			<control type="image">
				<description>Panel Image</description>
				<posx>0</posx>
				<posy>0</posy>
				<width>1280</width>
				<height>720</height>
				<texture background="true" fallback="special://skin/images/Default Home Wallpaper/Movies Wallpaper.jpg">$INFO[Skin.String(Customdef)]</texture>
				<animation effect="fade" time="200">WindowClose</animation>
				<visible>Skin.HasSetting(Background)</visible>
			</control>
			<control type="image">
				<description>Panel Image</description>
				<posx>0</posx>
				<posy>0</posy>
				<width>1280</width>
				<height>588</height>
				<texture background="true">Mask2.png</texture>
				<animation effect="fade" time="200">WindowClose</animation>
				<visible>Skin.HasSetting(Background)</visible>
			</control>
			<control type="image">
				<posx>0</posx>
				<posy>586</posy>
				<width>1280</width>
				<height>2</height>
				<texture>white.png</texture>
				<animation effect="fade" time="200">WindowClose</animation>
			</control>
			<control type="image">
				<posx>0</posx>
				<posy>588</posy>
				<width>1280</width>
				<height>132</height>
				<texture>background2.png</texture>
				<animation effect="fade" time="200">WindowClose</animation>
				<aspectratio>stretch</aspectratio>
			</control>

			<control type="image">
				<posx>440</posx>
				<posy>365</posy>
				<width>30</width>
				<height>30</height>
				<texture>left1.png</texture>
				<aspectratio>keep</aspectratio>
				<visible>!Window.IsActive(10111)</visible>
				<visible>Container(52).HasNext | Container(52).HasPrevious</visible>
			</control>

			<control type="image">
				<posx>810</posx>
				<posy>365</posy>
				<width>30</width>
				<height>30</height>
				<texture>right1.png</texture>
				<aspectratio>keep</aspectratio>
				<visible>!Window.IsActive(10111)</visible>
				<visible>Container(52).HasNext | Container(52).HasPrevious</visible>
			</control>

			<control type="panel" id="52">
				<posx>480</posx>
				<posy>220</posy>
				<width>320</width>
				<height>320</height>
				<onleft>52</onleft>
				<onright>52</onright>
				<onup>98</onup>
				<ondown>98</ondown>
				<focusposition>1</focusposition>
				<animation effect="fade" time="200">WindowClose</animation>
				<orientation>horizontal</orientation>
				<itemlayout height="320" width="320">
					<control type="image">
						<posx>0</posx>
						<posy>0</posy>
						<width>320</width>
						<height>320</height>
						<texture>background2.png</texture>
						<aspectratio>stretch</aspectratio>
						<visible>!Window.IsActive(10111)</visible>
					</control>
					<control type="image">
						<posx>0</posx>
						<posy>0</posy>
						<width>320</width>
						<height>320</height>
						<info>ListItem.Icon</info>
						<aspectratio>scale</aspectratio>
						<visible>!Window.IsActive(10111)</visible>
					</control>
					<control type="image">
						<posx>0</posx>
						<posy>0</posy>
						<width>320</width>
						<height>320</height>
						<texture>folder-focus3.png</texture>
						<aspectratio>stretch</aspectratio>
						<visible>!Window.IsActive(10111)</visible>
					</control>
				</itemlayout>
				<focusedlayout height="320" width="320">
					<control type="image">
						<posx>0</posx>
						<posy>0</posy>
						<width>320</width>
						<height>320</height>
						<texture>background2.png</texture>
						<aspectratio>stretch</aspectratio>
						<visible>!Window.IsActive(10111)</visible>
					</control>
					<control type="image">
						<posx>0</posx>
						<posy>0</posy>
						<width>320</width>
						<height>320</height>
						<info>ListItem.Icon</info>
						<aspectratio>scale</aspectratio>
						<visible>!Window.IsActive(10111)</visible>
					</control>                  
					<control type="image">
						<posx>0</posx>
						<posy>0</posy>
						<width>320</width>
						<height>320</height>
						<texture>folder-focus3.png</texture>
						<aspectratio>stretch</aspectratio>
						<visible>!Window.IsActive(10111)</visible>
					</control>
				</focusedlayout>
			</control>
			<control type="label">
				<posx>0</posx>
				<posy>600</posy>
				<width>1280</width>
				<height>20</height>
				<font>special16</font>
				<textcolor>white</textcolor>
				<shadowcolor>black</shadowcolor>
				<align>center</align>
				<info>ListItem.Label</info>
				<animation effect="fade" time="200">WindowClose</animation>
			</control>
			<!-- Logon Info -->
			<control type="label">
				<posx>0</posx>
				<posy>660</posy>
				<width>1280</width>
				<height>20</height>
				<font>font15-caps</font>
				<align>center</align>
				<textcolor>blue</textcolor>
				<shadowcolor>black</shadowcolor>
				<info>ListItem.Label2</info>
				<animation effect="fade" time="200">WindowClose</animation>
			</control>
			<control type="label" id="3">
				<description>Profile Count Label</description>
				<posx>71</posx>
				<posy>660</posy>
				<width>747</width>
				<font>font15-caps</font>
				<textcolor>blue</textcolor>
				<shadowcolor>black</shadowcolor>
				<visible>!Window.IsActive(130) + !Window.IsActive(131)</visible>
				<animation effect="fade" time="200">WindowClose</animation>
			</control>
			<control type="button" id="98">
				<description>Submenu Button</description>
				<posx>1173</posx>
				<posy>630</posy>
				<width>120</width>
				<height>71</height>
				<onclick>ActivateWindow(ShutdownMenu)</onclick>
				<texturefocus>shutdown.png</texturefocus>
				<texturenofocus>shutdown nofocus button.png</texturenofocus>
				<label>-</label>
				<onleft>52</onleft>
				<onright>52</onright>
				<onup>52</onup>
				<ondown>52</ondown>
				<animation effect="fade" time="200">WindowClose</animation>
			</control>
			<!-- Date and Time Labels -->
			<include>Time3</include>

		</control>
	</controls>
</window>