<?xml version="1.0" encoding="utf-8"?>
<window id="2006">
    <defaultcontrol always="true">999</defaultcontrol>
    <visible>!SubString(Window(10025).Property(TvTunesIsAlive),True)</visible>
    <allowoverlay>yes</allowoverlay>
    <controls>
        <control type="group">
            <animation delay="3000" effect="fade" time="200">WindowClose</animation>
            <visible>Player.HasAudio</visible>
            <visible>!SubString(Window(10025).Property(TvTunesIsAlive),True)</visible>
            <control type="group">
                <visible>!Skin.HasSetting(Music Fanart Visualisation Toggle)</visible>
                <control type="visualisation" id="2">
                    <description>visualisation</description>
                    <posx>0</posx>
                    <posy>0</posy>
                    <width>1280</width>
                    <height>720</height>
                </control>
                <control type="image">
                    <description>Fanart BG</description>
                    <texture>$INFO[MusicPlayer.Property(Fanart_Image)]</texture>
                    <posx>0</posx>
                    <posy>0</posy>
                    <width>1280</width>
                    <height>720</height>
                    <aspectratio>stretch</aspectratio>
                    <colordiffuse>A1FFFFFF</colordiffuse>
                    <visible>!IsEmpty(Player.Art(fanart))</visible>
                    <visible>!Skin.HasSetting(Music Fanart with Visualisation Toggle)</visible>
                    <include>Slideshow Ken Burns Toggle</include>
                </control>
                <!-- Codec & Viz Infos -->
                <control type="image">
                    <description>Preset Background Image</description>
                    <posx>-18</posx>
                    <posy>94</posy>
                    <width>1316</width>
                    <height>81</height>
                    <texture>osd_menu_bg.png</texture>
                    <include>media-infopanel-effect</include>
                    <visible>Player.ShowCodec</visible>
                    <colordiffuse>99FFFFFF</colordiffuse>
                </control>
                <control type="label">
                    <description>Codec Info</description>
                    <width>1067</width>
                    <posx>133</posx>
                    <posy>106</posy>
                    <label>Audio | Codec: $INFO[musicplayer.Codec] - Bitrate: $INFO[musicplayer.Bitrate]kbps - Bits: $INFO[musicplayer.bitspersample]bit - Freq.: $INFO[musicplayer.Samplerate]kHz - Channels: $INFO[musicplayer.Channels]</label>
                    <align>left</align>
                    <font>font12</font>
                    <include>media-infopanel-effect</include>
                    <visible>Player.ShowCodec</visible>
                </control>
                <control type="label">
                    <description>Presets Label</description>
                    <posx>133</posx>
                    <posy>138</posy>
                    <width>996</width>
                    <label>Visual | fps: $INFO[System.FPS] - </label>
                    <font>font12</font>
                    <align>left</align>
                    <include>media-infopanel-effect</include>
                    <visible>Player.ShowCodec</visible>
                </control>
                <control type="label">
                    <description>Presets Label</description>
                    <posx>400</posx>
                    <posy>138</posy>
                    <width>747</width>
                    <label>$INFO[Visualisation.Name] - $INFO[Visualisation.Preset]</label>
                    <font>font12</font>
                    <align>left</align>
                    <include>media-infopanel-effect</include>
                    <visible>Player.ShowCodec</visible>
                </control>
                <control type="image">
                    <description>Preset Locked Image</description>
                    <posx>373</posx>
                    <posy>139</posy>
                    <width>21</width>
                    <height>19</height>
                    <texture>arenaitem-private.png</texture>
                    <include>media-infopanel-effect</include>
                    <visible>Visualisation.Locked + Player.ShowCodec</visible>
                </control>
            </control>
            <control type="group">
                <visible>Skin.HasSetting(Music Fanart Visualisation Toggle)</visible>
                <control type="multiimage">
                    <description>Back-up Slideshow</description>
                    <posx>0</posx>
                    <posy>0</posy>
                    <width>1280</width>
                    <height>720</height>
                    <timeperimage>8000</timeperimage>
                    <fadetime>2000</fadetime>
                    <imagepath fallback="Now Playing backgroundbr.jpg" background="true">$INFO[Skin.String(Default Slideshow_Folder_Path)]</imagepath>
                    <randomize>true</randomize>
                    <aspectratio>scale</aspectratio>
                    <visible>IsEmpty(Window.Property(ArtistSlideshow))</visible>
                    <include>Slideshow Ken Burns Toggle</include>
                    <animation effect="fade" reversible="false" start="0" end="100" time="10000">WindowOpen</animation>
                </control>
                <control type="image">
                    <description>Fanart BG</description>
                    <texture>$INFO[MusicPlayer.Property(Fanart_Image)]</texture>
                    <posx>0</posx>
                    <posy>0</posy>
                    <width>1280</width>
                    <height>720</height>
                    <aspectratio>stretch</aspectratio>
                    <fadetime>300</fadetime>
                    <animation effect="fade" reversible="false" start="0" end="100" time="10000">WindowOpen</animation>
                    <visible>IsEmpty(Window.Property(ArtistSlideshow))</visible>
                    <include>Slideshow Ken Burns Toggle</include>
                </control>
            </control>
            <control type="group">
                <visible>Skin.HasSetting(Music Fanart Visualisation Toggle)</visible>
                <visible>!Skin.HasSetting(Music Fanart Slideshow Toggle)</visible>
                <control type="multiimage">
                    <description>Back-up Slideshow</description>
                    <posx>0</posx>
                    <posy>0</posy>
                    <width>1280</width>
                    <height>720</height>
                    <timeperimage>8000</timeperimage>
                    <fadetime>2000</fadetime>
                    <imagepath fallback="Now Playing backgroundbr.jpg" background="true">$INFO[Skin.String(Default Slideshow_Folder_Path)]</imagepath>
                    <randomize>true</randomize>
                    <aspectratio>scale</aspectratio>
                    <visible>IsEmpty(MusicPlayer.Property(Fanart_Image))</visible>
                    <include>Slideshow Ken Burns Toggle</include>
                    <animation effect="fade" reversible="false" start="0" end="100" time="10000">WindowOpen</animation>
                </control>
                <control type="image">
                    <description>Fanart BG</description>
                    <texture>$INFO[MusicPlayer.Property(Fanart_Image)]</texture>
                    <posx>0</posx>
                    <posy>0</posy>
                    <width>1280</width>
                    <height>720</height>
                    <aspectratio>stretch</aspectratio>
                    <fadetime>300</fadetime>
                    <animation effect="fade" reversible="false" start="0" end="100" time="10000">WindowOpen</animation>
                    <include>Slideshow Ken Burns Toggle</include>
                </control>
            </control>
            <control type="group">
                <visible>Skin.HasSetting(Music Fanart Visualisation Toggle)</visible>
                <visible>Skin.HasSetting(Music Fanart Slideshow Toggle)</visible>
                <control type="image">
                    <posx>0</posx>
                    <posy>0</posy>
                    <width>1280</width>
                    <height>720</height>
                    <texture>Now Playing backgroundbr.jpg</texture>
                    <aspectratio>keep</aspectratio>
                    <fadetime>2000</fadetime>
                    <animation effect="fade" start="0" end="100" time="300">Visible</animation>
                    <animation effect="fade" start="100" end="0" time="300">Hidden</animation>
                    <include>Slideshow Ken Burns Toggle</include>
                    <visible>IsEmpty(Window.Property(ArtistSlideshowRefresh)) + [IsEmpty(Control.GetLabel(4567)) + Skin.HasSetting(default slideshow)]</visible>
                </control>
                <control type="multiimage">
                    <posx>0</posx>
                    <posy>0</posy>
                    <width>1280</width>
                    <height>720</height>
                    <imagepath background="true">$INFO[Skin.String(Default Slideshow_Folder_Path)]</imagepath>
                    <aspectratio>keep</aspectratio>
                    <timeperimage>5000</timeperimage>
                    <fadetime>2000</fadetime>
                    <randomize>true</randomize>
                    <animation effect="fade" start="0" end="100" time="300">Visible</animation>
                    <animation effect="fade" start="100" end="0" time="300">Hidden</animation>
                    <include>Slideshow Ken Burns Toggle</include>
                    <visible>IsEmpty(Window.Property(ArtistSlideshowRefresh)) + [IsEmpty(Control.GetLabel(4567)) + !Skin.HasSetting(default slideshow)]</visible>
                </control>
                <control type="multiimage" id="4567">
                    <posx>0</posx>
                    <posy>0</posy>
                    <width>1280</width>
                    <height>720</height>
                    <imagepath background="true">$INFO[Window.Property(ArtistSlideshow)]</imagepath>
                    <aspectratio>keep</aspectratio>
                    <timeperimage>5000</timeperimage>
                    <fadetime>2000</fadetime>
                    <randomize>true</randomize>
                    <animation effect="fade" start="0" end="100" time="300">Visible</animation>
                    <animation effect="fade" start="100" end="0" time="300">Hidden</animation>
                    <include>Slideshow Ken Burns Toggle</include>
                    <visible>IsEmpty(Window.Property(ArtistSlideshowRefresh))</visible>
                </control>
            </control>
            <control type="group">
                <visible>Skin.HasSetting(Music Fanart Visualisation Toggle)</visible>
                <visible>Skin.HasSetting(Music Fanart Slideshow Toggle)</visible>
                <visible>!Window.IsVisible(script-XBMC_Lyrics-main.xml)</visible>
                <control type="image">
                    <description>Preset Background Image</description>
                    <posx>-18</posx>
                    <posy>94</posy>
                    <width>1316</width>
                    <height>81</height>
                    <texture>osd_menu_bg.png</texture>
                    <include>media-infopanel-effect</include>
                    <visible>Player.ShowCodec</visible>
                    <colordiffuse>99FFFFFF</colordiffuse>
                </control>
                <control type="label">
                    <description>Codec Info</description>
                    <width>1067</width>
                    <posx>133</posx>
                    <posy>106</posy>
                    <label>Audio | Codec: $INFO[musicplayer.Codec] - Bitrate: $INFO[musicplayer.Bitrate]kbps - Bits: $INFO[musicplayer.bitspersample]bit - Freq.: $INFO[musicplayer.Samplerate]kHz - Channels: $INFO[musicplayer.Channels]</label>
                    <align>left</align>
                    <font>font12</font>
                    <include>media-infopanel-effect</include>
                    <visible>Player.ShowCodec</visible>
                </control>
            </control>
            <control type="group">
                <visible>!Window.IsVisible(script-XBMC_Lyrics-main.xml)</visible>
                <control type="image" id="1">
                    <description>Seekbar Background Image</description>
                    <posx>0</posx>
                    <posy>0</posy>
                    <width>1280</width>
                    <height>94</height>
                    <visible>!Window.IsVisible(2004)</visible>
                    <texture>black.png</texture>
                    <visible>Player.Seeking | Player.DisplayAfterSeek | Player.Paused | Player.Forwarding | Player.Rewinding | Window.IsActive(MusicOSD) | Player.ShowInfo</visible>
                </control>
                <control type="label">
                    <description>time Label</description>
                    <width>640</width>
                    <posx>640</posx>
                    <posy>61</posy>
                    <height>31</height>
                    <aligny>center</aligny>
                    <label>$LOCALIZE[31231] [COLOR=white]$INFO[System.Time][/COLOR] </label>
                    <align>right</align>
                    <font>font64-caps</font>
                    <textcolor>lightblue</textcolor>
                    <shadowcolor>black</shadowcolor>
                    <visible>!Window.IsVisible(2004)</visible>
                    <visible>Player.Seeking | Player.DisplayAfterSeek | Player.Paused | Player.Forwarding | Player.Rewinding | Window.IsActive(MusicOSD) | Player.ShowInfo</visible>
                </control>
                <control type="label">
                    <description>time Label</description>
                    <width>640</width>
                    <posx>640</posx>
                    <posy>61</posy>
                    <height>31</height>
                    <aligny>center</aligny>
                    <label>I [COLOR=white]$INFO[Player.FinishTime][/COLOR] $LOCALIZE[31232]</label>
                    <align>left</align>
                    <font>font64-caps</font>
                    <textcolor>lightblue</textcolor>
                    <shadowcolor>black</shadowcolor>
                    <visible>!Window.IsVisible(2004)</visible>
                    <visible>Player.Seeking | Player.DisplayAfterSeek | Player.Paused | Player.Forwarding | Player.Rewinding | Window.IsActive(MusicOSD) | Player.ShowInfo</visible>
                </control>
                <control type="label">
                    <description>playing</description>
                    <posx>0</posx>
                    <posy>15.62</posy>
                    <width>1280</width>
                    <align>center</align>
                    <font>font15-caps</font>
                    <label>$LOCALIZE[31038]</label>
                    <textcolor>white</textcolor>
                    <shadowcolor>black</shadowcolor>
                    <visible>!Window.IsVisible(2004)</visible>
                    <visible>![Player.Paused | Player.Rewinding | Player.Forwarding] + Window.IsActive(MusicOSD)</visible>
                </control>
                <control type="label">
                    <description>paused</description>
                    <posx>0</posx>
                    <posy>15.62</posy>
                    <width>1280</width>
                    <align>center</align>
                    <font>font15-caps</font>
                    <label>$LOCALIZE[31039]</label>
                    <textcolor>white</textcolor>
                    <shadowcolor>black</shadowcolor>
                    <visible>!Window.IsVisible(2004)</visible>
                    <visible>Player.Paused</visible>
                </control>
                <control type="label">
                    <description>rewind 2x</description>
                    <posx>0</posx>
                    <posy>15.62</posy>
                    <width>1280</width>
                    <align>center</align>
                    <font>font15-caps</font>
                    <label>$LOCALIZE[31040]</label>
                    <textcolor>white</textcolor>
                    <shadowcolor>black</shadowcolor>
                    <visible>!Window.IsVisible(2004)</visible>
                    <visible>Player.Rewinding2x</visible>
                </control>
                <control type="label">
                    <description>forward 2x</description>
                    <posx>0</posx>
                    <posy>15.62</posy>
                    <width>1280</width>
                    <align>center</align>
                    <font>font15-caps</font>
                    <label>$LOCALIZE[31041]</label>
                    <textcolor>white</textcolor>
                    <shadowcolor>black</shadowcolor>
                    <visible>!Window.IsVisible(2004)</visible>
                    <visible>Player.Forwarding2x</visible>
                </control>
                <control type="label">
                    <description>rewind 4x</description>
                    <posx>0</posx>
                    <posy>15.62</posy>
                    <width>1280</width>
                    <align>center</align>
                    <font>font15-caps</font>
                    <label>$LOCALIZE[31042]</label>
                    <textcolor>white</textcolor>
                    <shadowcolor>black</shadowcolor>
                    <visible>!Window.IsVisible(2004)</visible>
                    <visible>Player.Rewinding4x</visible>
                </control>
                <control type="label">
                    <description>forward 4x</description>
                    <posx>0</posx>
                    <posy>15.62</posy>
                    <width>1280</width>
                    <align>center</align>
                    <font>font15-caps</font>
                    <label>$LOCALIZE[31043]</label>
                    <textcolor>white</textcolor>
                    <shadowcolor>black</shadowcolor>
                    <visible>!Window.IsVisible(2004)</visible>
                    <visible>Player.Forwarding4x</visible>
                </control>
                <control type="label">
                    <description>rewind 8x</description>
                    <posx>0</posx>
                    <posy>15.62</posy>
                    <width>1280</width>
                    <align>center</align>
                    <font>font15-caps</font>
                    <label>$LOCALIZE[31044]</label>
                    <textcolor>white</textcolor>
                    <shadowcolor>black</shadowcolor>
                    <visible>!Window.IsVisible(2004)</visible>
                    <visible>Player.Rewinding8x</visible>
                </control>
                <control type="label">
                    <description>forward 8x</description>
                    <posx>0</posx>
                    <posy>15.62</posy>
                    <width>1280</width>
                    <align>center</align>
                    <font>font15-caps</font>
                    <label>$LOCALIZE[31045]</label>
                    <textcolor>white</textcolor>
                    <shadowcolor>black</shadowcolor>
                    <visible>!Window.IsVisible(2004)</visible>
                    <visible>Player.Forwarding8x</visible>
                </control>
                <control type="label">
                    <description>rewind 16x</description>
                    <posx>0</posx>
                    <posy>15.62</posy>
                    <width>1280</width>
                    <align>center</align>
                    <font>font15-caps</font>
                    <label>$LOCALIZE[31046]</label>
                    <textcolor>white</textcolor>
                    <shadowcolor>black</shadowcolor>
                    <visible>!Window.IsVisible(2004)</visible>
                    <visible>Player.Rewinding16x</visible>
                </control>
                <control type="label">
                    <description>forward 16x</description>
                    <posx>0</posx>
                    <posy>15.62</posy>
                    <width>1280</width>
                    <align>center</align>
                    <font>font15-caps</font>
                    <label>$LOCALIZE[31047]</label>
                    <textcolor>white</textcolor>
                    <shadowcolor>black</shadowcolor>
                    <visible>!Window.IsVisible(2004)</visible>
                    <visible>Player.Forwarding16x</visible>
                </control>
                <control type="label">
                    <description>rewind 32x</description>
                    <posx>0</posx>
                    <posy>15.62</posy>
                    <width>1280</width>
                    <align>center</align>
                    <font>font15-caps</font>
                    <label>$LOCALIZE[31048]</label>
                    <textcolor>white</textcolor>
                    <shadowcolor>black</shadowcolor>
                    <visible>!Window.IsVisible(2004)</visible>
                    <visible>Player.Rewinding32x</visible>
                </control>
                <control type="label">
                    <description>forward 32x</description>
                    <posx>0</posx>
                    <posy>15.62</posy>
                    <width>1280</width>
                    <align>center</align>
                    <font>font15-caps</font>
                    <label>$LOCALIZE[31049]</label>
                    <textcolor>white</textcolor>
                    <shadowcolor>black</shadowcolor>
                    <visible>!Window.IsVisible(2004)</visible>
                    <visible>Player.Forwarding32x</visible>
                </control>
                <!-- progressbar dialog -->
                <control type="label" id="1">
                    <description>Time Info Label</description>
                    <width>160</width>
                    <height>25</height>
                    <posx>0</posx>
                    <posy>40.62</posy>
                    <align>center</align>
                    <aligny>center</aligny>
                    <label>$INFO[VideoPlayer.Time]</label>
                    <font>font15</font>
                    <visible>!Window.IsVisible(2004)</visible>
                    <visible>Player.Seeking | Player.DisplayAfterSeek | Player.Paused | Player.Forwarding | Player.Rewinding | Window.IsActive(MusicOSD) | Player.ShowInfo</visible>
                </control>
                <control type="label" id="1">
                    <description>Time Info Label</description>
                    <width>160</width>
                    <posx>1120</posx>
                    <posy>40.62</posy>
                    <height>25</height>
                    <align>center</align>
                    <aligny>center</aligny>
                    <label>$INFO[VideoPlayer.Duration]</label>
                    <font>font15</font>
                    <visible>!Window.IsVisible(2004)</visible>
                    <visible>Player.Seeking | Player.DisplayAfterSeek | Player.Paused | Player.Forwarding | Player.Rewinding | Window.IsActive(MusicOSD) | Player.ShowInfo</visible>
                </control>
                <control type="progress" id="23">
                    <description>Progressbar</description>
                    <posx>159.93</posx>
                    <posy>45.62</posy>
                    <width>959.58</width>
                    <height>16</height>
                    <info>Player.Progress</info>
                    <colordiffuse>DDFFFFFF</colordiffuse>
                    <visible>!Window.IsVisible(2004)</visible>
                    <visible>Player.Seeking | Player.DisplayAfterSeek | Player.Paused | Player.Forwarding | Player.Rewinding | Window.IsActive(MusicOSD) | Player.ShowInfo</visible>
                </control>
                <control type="slider" id="401">
                    <description>Seek Slider</description>
                    <posx>160</posx>
                    <posy>47.62</posy>
                    <width>960</width>
                    <height>6</height>
                    <texturesliderbar>seekslider.png</texturesliderbar>
                    <textureslidernib />
                    <textureslidernibfocus />
                    <colordiffuse>DDFFFFFF</colordiffuse>
                    <onup>1</onup>
                    <ondown>1</ondown>
                    <onleft>1</onleft>
                    <onright>1</onright>
                    <visible>!Window.IsVisible(2004)</visible>
                    <visible>Player.Seeking | Player.DisplayAfterSeek | Player.Paused | Player.Forwarding | Player.Rewinding | Window.IsActive(MusicOSD) | Player.ShowInfo</visible>
                </control>
            </control>
            <control type="group">
                <visible>Player.ShowInfo</visible>
                <visible>!Window.IsVisible(120)</visible>
                <visible>!Window.IsVisible(script-XBMC_Lyrics-main.xml)</visible>
                <control type="image" id="1">
                    <description>Media Info Background Image</description>
                    <posx>-18</posx>
                    <posy>506</posy>
                    <width>1316</width>
                    <height>214</height>
                    <texture>OSD.png</texture>
                </control>
                <control type="image" id="1">
                    <description>Media Info Background Image</description>
                    <posx>-18</posx>
                    <posy>506</posy>
                    <width>1316</width>
                    <height>4</height>
                    <texture>separatorosd.png</texture>
                </control>
                <control type="label">
                    <description>playing</description>
                    <posx>0</posx>
                    <posy>15.62</posy>
                    <width>1280</width>
                    <align>center</align>
                    <font>font15-caps</font>
                    <label>$LOCALIZE[31038]</label>
                    <textcolor>white</textcolor>
                    <shadowcolor>black</shadowcolor>
                    <visible>!Window.IsVisible(2004)</visible>
                    <visible>![Player.Paused | Player.Rewinding | Player.Forwarding]</visible>
                </control>
                <control type="image">
                    <description>Cover Image</description>
                    <posx>13.33</posx>
                    <posy>525</posy>
                    <width>249</width>
                    <height>176</height>
                    <texture fallback="disc.png" diffuse="disc_mask.png" background="true">$INFO[Player.FolderPath]cdart.png</texture>
                    <aspectratio>keep</aspectratio>
                    <include>CD Spin</include>
                </control>
                <control type="image">
                    <description>Cover Image</description>
                    <posx>13.33</posx>
                    <posy>512</posy>
                    <width>222</width>
                    <height>201</height>
                    <texture>case1.png</texture>
                    <aspectratio>stretch</aspectratio>
                    <include>media-infopanel-effect</include>
                </control>
                <control type="image">
                    <description>Cover Image</description>
                    <posx>44</posx>
                    <posy>525</posy>
                    <width>180</width>
                    <height>176</height>
                    <texture>defaultcdposter.png</texture>
                    <info>MusicPlayer.Cover</info>
                    <include>media-infopanel-effect</include>
                    <aspectratio>stretch</aspectratio>
                </control>
                <control type="image">
                    <description>Cover Image</description>
                    <posx>16</posx>
                    <posy>515</posy>
                    <width>219.55</width>
                    <height>196</height>
                    <texture>case2.png</texture>
                    <include>media-infopanel-effect</include>
                    <aspectratio>stretch</aspectratio>
                </control>
                <control type="image" id="32016">
                    <posx>1010</posx>
                    <posy>620</posy>
                    <width>350</width>
                    <height>90</height>
                    <texture>$INFO[Player.FolderPath]logo.png</texture>
                    <aligny>center</aligny>
                    <aspectratio align="left">keep</aspectratio>
                    <animation type="WindowOpen">
                        <effect type="slide" end="-675" tween="cubic" easing="out" delay="1000" time="2000" />
                    </animation>
                    <animation type="WindowClose">
                        <effect type="slide" start="-675" tween="cubic" easing="out" delay="5000" time="100" />
                    </animation>
                </control>
                <control type="image" id="32016">
                    <posx>1010</posx>
                    <posy>620</posy>
                    <width>350</width>
                    <height>90</height>
                    <texture>$INFO[Player.FolderPath]../logo.png</texture>
                    <aligny>center</aligny>
                    <aspectratio align="left">keep</aspectratio>
                    <animation type="WindowOpen">
                        <effect type="slide" end="-675" tween="cubic" easing="out" delay="1000" time="2000" />
                    </animation>
                    <animation type="WindowClose">
                        <effect type="slide" start="-675" tween="cubic" easing="out" delay="5000" time="100" />
                    </animation>
                </control>
                <control type="label">
                    <description>title</description>
                    <posx>1929</posx>
                    <posy>526</posy>
                    <width>900</width>
                    <height>31</height>
                    <aligny>center</aligny>
                    <align>right</align>
                    <font>special15</font>
                    <label>[COLOR=blue]$INFO[MusicPlayer.Title][/COLOR]</label>
                    <scroll>true</scroll>
                    <animation type="WindowOpen">
                        <effect type="slide" end="-675" tween="cubic" easing="out" delay="1000" time="2000" />
                    </animation>
                    <animation type="WindowClose">
                        <effect type="slide" start="-675" tween="cubic" easing="out" delay="5000" time="100" />
                    </animation>
                </control>
                <control type="label">
                    <description>artist</description>
                    <posx>1929</posx>
                    <posy>558</posy>
                    <width>900</width>
                    <height>31</height>
                    <aligny>center</aligny>
                    <align>right</align>
                    <font>font04</font>
                    <label>[COLOR=white]$LOCALIZE[557]:[/COLOR] $INFO[MusicPlayer.Artist]</label>
                    <scroll>true</scroll>
                    <animation type="WindowOpen">
                        <effect type="slide" end="-675" tween="cubic" easing="out" delay="1000" time="2000" />
                    </animation>
                    <animation type="WindowClose">
                        <effect type="slide" start="-675" tween="cubic" easing="out" delay="5000" time="100" />
                    </animation>
                </control>
                <control type="label">
                    <description>Album</description>
                    <posx>1929</posx>
                    <posy>589</posy>
                    <width>900</width>
                    <height>31</height>
                    <aligny>center</aligny>
                    <align>right</align>
                    <font>font04</font>
                    <label fallback="416">[COLOR=white]$LOCALIZE[558]:[/COLOR] $INFO[MusicPlayer.Album]</label>
                    <scroll>true</scroll>
                    <animation type="WindowOpen">
                        <effect type="slide" end="-675" tween="cubic" easing="out" delay="1000" time="2000" />
                    </animation>
                    <animation type="WindowClose">
                        <effect type="slide" start="-675" tween="cubic" easing="out" delay="5000" time="100" />
                    </animation>
                </control>
                <control type="image">
                    <description>Audio Codec Image</description>
                    <posx>1715</posx>
                    <posy>597</posy>
                    <width>60</width>
                    <height>80</height>
                    <align>right</align>
                    <texture background="true">$INFO[MusicPlayer.Codec,special://skin/images/flagging/audio/,.png]</texture>
                    <aspectratio align="right">keep</aspectratio>
                    <animation type="WindowOpen">
                        <effect type="slide" end="-675" tween="cubic" easing="out" delay="1000" time="2000" />
                    </animation>
                    <animation type="WindowClose">
                        <effect type="slide" start="-675" tween="cubic" easing="out" delay="5000" time="100" />
                    </animation>
                </control>
                <control type="image">
                    <description>Rating</description>
                    <posx>1524</posx>
                    <posy>620</posy>
                    <width>407</width>
                    <height>31</height>
                    <align>right</align>
                    <texture>rating0.png</texture>
                    <aspectratio align="right">keep</aspectratio>
                    <animation type="WindowOpen">
                        <effect type="slide" end="-675" tween="cubic" easing="out" delay="1000" time="2000" />
                    </animation>
                    <animation type="WindowClose">
                        <effect type="slide" start="-675" tween="cubic" easing="out" delay="5000" time="100" />
                    </animation>
                </control>
                <control type="image">
                    <description>Rating</description>
                    <posx>1524</posx>
                    <posy>620</posy>
                    <width>407</width>
                    <height>31</height>
                    <align>right</align>
                    <texture>$INFO[Player.StarRating]</texture>
                    <aspectratio align="right">keep</aspectratio>
                    <animation type="WindowOpen">
                        <effect type="slide" end="-675" tween="cubic" easing="out" delay="1000" time="2000" />
                    </animation>
                    <animation type="WindowClose">
                        <effect type="slide" start="-675" tween="cubic" easing="out" delay="5000" time="100" />
                    </animation>
                </control>
                <control type="label">
                    <description>Track Number</description>
                    <posx>1929</posx>
                    <posy>651</posy>
                    <width>549</width>
                    <height>31</height>
                    <font>font04</font>
                    <align>right</align>
                    <aligny>center</aligny>
                    <label>$INFO[musicplayer.Playlistposition,[COLOR=white]$LOCALIZE[182]:[/COLOR] ] $INFO[musicplayer.Playlistlength, / ]</label>
                    <scroll>true</scroll>
                    <animation type="WindowOpen">
                        <effect type="slide" end="-675" tween="cubic" easing="out" delay="1000" time="2000" />
                    </animation>
                    <animation type="WindowClose">
                        <effect type="slide" start="-675" tween="cubic" easing="out" delay="5000" time="100" />
                    </animation>
                </control>
                <control type="label">
                    <posx>1929</posx>
                    <posy>682</posy>
                    <width>900</width>
                    <height>31</height>
                    <font>font04</font>
                    <align>right</align>
                    <aligny>center</aligny>
                    <animation type="WindowOpen">
                        <effect type="slide" end="-675" tween="cubic" easing="out" delay="1000" time="2000" />
                    </animation>
                    <animation type="WindowClose">
                        <effect type="slide" start="-675" tween="cubic" easing="out" delay="5000" time="100" />
                    </animation>
                    <label>[COLOR=blue]$LOCALIZE[209]:  [/COLOR]$INFO[MusicPlayer.offset(1).Title] ($INFO[MusicPlayer.offset(1).Artist])</label>
                    <scroll>true</scroll>
                </control>
            </control>
        </control>
        <control type="button" id="999">
            <posx>-10</posx>
            <posy>-10</posy>
            <width>1</width>
            <height>1</height>
            <onfocus>RunScript(script.artistslideshow)</onfocus>
        </control>
        <control type="group">
            <visible>!Player.ShowInfo</visible>
            <visible>!Player.Paused + !Player.Seeking + !Player.DisplayAfterSeek + !Player.Forwarding + !Player.Rewinding</visible>
            <visible>!Window.IsVisible(120)</visible>
            <visible>!Skin.HasSetting(home-music-info)</visible>
            <visible>!Window.IsVisible(script-XBMC_Lyrics-main.xml)</visible>
            <visible>Skin.HasSetting(Music Fanart Visualisation Toggle)</visible>
            <posx>88.50</posx>
            <control type="image">
                <description>Music Cover Image</description>
                <posx>1111</posx>
                <posy>4</posy>
                <width>76</width>
                <height>76</height>
                <texture diffuse="mask.png">defaultcdposter.png</texture>
                <info>MusicPlayer.Cover</info>
                <visible>Player.HasAudio</visible>
                <colordiffuse>CCFFFFFF</colordiffuse>
            </control>
            <control type="label">
                <description>Music Title Label</description>
                <width>800</width>
                <posx>1096</posx>
                <posy>2.5</posy>
                <info>MusicPlayer.Title</info>
                <height>20</height>
                <align>right</align>
                <aligny>bottom</aligny>
                <font>Music</font>
                <textcolor>CC99CCFF</textcolor>
                <shadowcolor>black</shadowcolor>
                <scroll>true</scroll>
                <visible>Player.HasAudio</visible>
            </control>
            <control type="label">
                <description>Music Artist Label</description>
                <width>800</width>
                <posx>1096</posx>
                <posy>25</posy>
                <info>MusicPlayer.Artist</info>
                <height>20</height>
                <align>right</align>
                <aligny>bottom</aligny>
                <font>font10</font>
                <textcolor>CCFFFFFF</textcolor>
                <shadowcolor>black</shadowcolor>
                <scroll>true</scroll>
                <visible>Player.HasAudio</visible>
            </control>
            <control type="label">
                <description>Next Playing</description>
                <width>800</width>
                <posx>1096</posx>
                <posy>45</posy>
                <label>[COLOR=CCFFFFFF]$LOCALIZE[209]:  [/COLOR]$INFO[MusicPlayer.offset(1).Title] ($INFO[MusicPlayer.offset(1).Artist])</label>
                <height>20</height>
                <align>right</align>
                <aligny>bottom</aligny>
                <font>font10</font>
                <textcolor>CCFFFFFF</textcolor>
                <shadowcolor>black</shadowcolor>
                <scroll>true</scroll>
                <visible>Player.HasAudio</visible>
            </control>
            <control type="label">
                <description>Music Time Label</description>
                <posx>1096</posx>
                <posy>65</posy>
                <label>$INFO[Musicplayer.Time] / $INFO[Musicplayer.Duration]</label>
                <height>20</height>
                <align>right</align>
                <aligny>bottom</aligny>
                <font>font10</font>
                <textcolor>CC99CCFF</textcolor>
                <shadowcolor>black</shadowcolor>
                <width>354</width>
                <visible>Player.HasAudio</visible>
            </control>
            <animation effect="slide" end="0,111.25" delay="5000" time="300">WindowOpen</animation>
            <animation effect="slide" end="0,-111.25" time="300">Windowclose</animation>
        </control>
        <control type="group">
            <visible>Window.IsVisible(120)</visible>
            <visible>!Skin.HasSetting(home-music-info)</visible>
            <visible>!Window.IsVisible(script-XBMC_Lyrics-main.xml)</visible>
            <visible>!Window.IsVisible(104)</visible>
            <visible>Skin.HasSetting(Music Fanart Visualisation Toggle)</visible>
            <posx>88.50</posx>
            <posy>94</posy>
            <control type="image">
                <description>Music Cover Image</description>
                <posx>1111</posx>
                <posy>4</posy>
                <width>76</width>
                <height>76</height>
                <texture diffuse="mask.png">defaultcdposter.png</texture>
                <info>MusicPlayer.Cover</info>
                <visible>Player.HasAudio</visible>
                <colordiffuse>CCFFFFFF</colordiffuse>
            </control>
            <control type="label">
                <description>Music Title Label</description>
                <width>800</width>
                <posx>1096</posx>
                <posy>2.5</posy>
                <info>MusicPlayer.Title</info>
                <height>20</height>
                <align>right</align>
                <aligny>bottom</aligny>
                <font>Music</font>
                <textcolor>CC99CCFF</textcolor>
                <shadowcolor>black</shadowcolor>
                <scroll>true</scroll>
                <visible>Player.HasAudio</visible>
            </control>
            <control type="label">
                <description>Music Artist Label</description>
                <width>800</width>
                <posx>1096</posx>
                <posy>25</posy>
                <info>MusicPlayer.Artist</info>
                <height>20</height>
                <align>right</align>
                <aligny>bottom</aligny>
                <font>font10</font>
                <textcolor>CCFFFFFF</textcolor>
                <shadowcolor>black</shadowcolor>
                <scroll>true</scroll>
                <visible>Player.HasAudio</visible>
            </control>
            <control type="label">
                <description>Next Playing</description>
                <width>800</width>
                <posx>1096</posx>
                <posy>45</posy>
                <label>[COLOR=CCFFFFFF]$LOCALIZE[209]:  [/COLOR]$INFO[MusicPlayer.offset(1).Title] ($INFO[MusicPlayer.offset(1).Artist])</label>
                <height>20</height>
                <align>right</align>
                <aligny>bottom</aligny>
                <font>font10</font>
                <textcolor>CCFFFFFF</textcolor>
                <shadowcolor>black</shadowcolor>
                <scroll>true</scroll>
                <visible>Player.HasAudio</visible>
            </control>
            <control type="label">
                <description>Music Time Label</description>
                <posx>1096</posx>
                <posy>65</posy>
                <label>$INFO[Musicplayer.Time] / $INFO[Musicplayer.Duration]</label>
                <height>20</height>
                <align>right</align>
                <aligny>bottom</aligny>
                <font>font10</font>
                <textcolor>CC99CCFF</textcolor>
                <shadowcolor>black</shadowcolor>
                <width>354</width>
                <visible>Player.HasAudio</visible>
            </control>
        </control>
    </controls>
</window>