<?xml version="1.0" encoding="utf-8"?>
<window id="502">
    <defaultcontrol>50</defaultcontrol>
    <animation effect="fade" time="200">WindowClose</animation>
    <allowoverlay>yes</allowoverlay>
    <views>50,51,52,56,54,58,59,55,53,501,57</views>
    <controls>
        <control>
            <description>Panel Image</description>
            <type>image</type>
            <posx>0</posx>
            <posy>0</posy>
            <width>1280</width>
            <height>720</height>
            <texture>background2.png</texture>
            <visible>!Skin.HasSetting(Background)</visible>
            <visible>!Control.IsVisible(56)</visible>
        </control>
        <control type="multiimage">
            <posx>0</posx>
            <posy>0</posy>
            <width>1280</width>
            <height>720</height>
            <imagepath>special://skin/images/Default Wallpaper</imagepath>
            <info>Skin.String(CustomMenu)</info>
            <visible>!Skin.HasSetting(CustomMenu)</visible>
            <visible>Skin.HasSetting(Background)</visible>
            <animation effect="fade" time="200">WindowOpen</animation>
            <animation effect="fade" time="300">WindowClose</animation>
            <animation effect="fade" time="200">Visible</animation>
            <animation effect="fade" delay="200" time="800">Hidden</animation>
            <visible>!Control.IsVisible(56)</visible>
        </control>
        <control type="multiimage">
            <posx>0</posx>
            <posy>0</posy>
            <width>1280</width>
            <height>720</height>
            <imagepath>-</imagepath>
            <info>Skin.String(CustomMenuFolder)</info>
            <timeperimage>5000</timeperimage>
            <fadetime>2000</fadetime>
            <randomize>true</randomize>
            <visible>!Skin.HasSetting(CustomMenuFolder)</visible>
            <visible>Skin.HasSetting(Background)</visible>
            <animation effect="fade" time="200">WindowOpen</animation>
            <animation effect="fade" time="300">WindowClose</animation>
            <animation effect="fade" time="200">Visible</animation>
            <animation effect="fade" delay="200" time="800">Hidden</animation>
            <visible>!Control.IsVisible(56)</visible>
        </control>
        <include>List 1 Musiclibrary</include>
        <include>List 2 Musiclibrary</include>
        <include>Square Icons Musiclibrary</include>
        <include>Wall View Musiclibrary</include>
        <include>Cover Flow Musiclibrary</include>
        <include>CD Wrap Musiclibrary</include>
        <include>CD Case Wrap Musiclibrary</include>
        <include>CD Case Wrap 2 Musiclibrary</include>
        <include>Root View Musiclibrary</include>
        <control type="group">
            <posy>720</posy>
            <include>View-as</include>
            <control type="group" id="7001">
                <posx>439</posx>
                <posy>120</posy>
                <animation effect="fade" time="200">WindowClose</animation>
                <visible allowhiddenfocus="true">![Window.Next(Home) | Control.HasFocus(50) | Control.HasFocus(51) | Control.HasFocus(52) | Control.HasFocus(53) | Control.HasFocus(54) | Control.HasFocus(55) | Control.HasFocus(23) | Control.HasFocus(24) | Control.HasFocus(56) | Control.HasFocus(57) | Control.HasFocus(58) | Control.HasFocus(59) | Control.HasFocus(501) | Control.HasFocus(90) | Control.HasFocus(92) | Control.HasFocus(93) | Control.HasFocus(94) | Control.HasFocus(95) | Control.HasFocus(96) | Control.HasFocus(97) | Control.HasFocus(98)] + !Skin.HasSetting(LockViews)</visible>
                <control type="image">
                    <description>Button Background</description>
                    <posx>-439</posx>
                    <posy>-120</posy>
                    <width>1280</width>
                    <height>720</height>
                    <texture>background2.png</texture>
                    <colordiffuse>66ffffff</colordiffuse>
                </control>
                <control type="image">
                    <description>Button Background</description>
                    <posx>22</posx>
                    <posy>0</posy>
                    <width>359</width>
                    <height>476</height>
                    <texture>context.png</texture>
                </control>
                <control type="label">
                    <posx>32</posx>
                    <posy>25</posy>
                    <width>339</width>
                    <height>56</height>
                    <align>center</align>
                    <font>special14</font>
                    <textcolor>lightblue</textcolor>
                    <shadowcolor>black</shadowcolor>
                    <label>10516</label>
                </control>
                <control type="button" id="2">
                    <description>View As Icons button</description>
                    <posx>32</posx>
                    <posy>62</posy>
                    <width>339</width>
                    <height>40</height>
                    <font>font13</font>
                    <textcolor>white</textcolor>
                    <shadowcolor>black</shadowcolor>
                    <label>100</label>
                    <textoffsetx>18</textoffsetx>
                    <texturefocus>button-focus.png</texturefocus>
                    <texturenofocus>-</texturenofocus>
                    <colordiffuse>99ffffff</colordiffuse>
                    <onleft>51</onleft>
                    <onright>51</onright>
                    <onup>20</onup>
                    <ondown>3</ondown>
                    <visible>!Skin.HasSetting(LockViews)</visible>
                </control>
                <control type="button" id="3">
                    <description>Sort by button</description>
                    <posx>32</posx>
                    <posy>119</posy>
                    <width>339</width>
                    <height>40</height>
                    <font>font13</font>
                    <textcolor>white</textcolor>
                    <shadowcolor>black</shadowcolor>
                    <label>103</label>
                    <textoffsetx>18</textoffsetx>
                    <texturefocus>button-focus.png</texturefocus>
                    <colordiffuse>99ffffff</colordiffuse>
                    <texturenofocus>-</texturenofocus>
                    <onleft>51</onleft>
                    <onright>4</onright>
                    <onup>2</onup>
                    <ondown>5</ondown>
                </control>
                <control type="togglebutton" id="4">
                    <description>Sort asc</description>
                    <posx>335</posx>
                    <posy>125</posy>
                    <label>-</label>
                    <onleft>3</onleft>
                    <onright>51</onright>
                    <onup>2</onup>
                    <ondown>5</ondown>
                </control>
                <control type="radiobutton" id="5">
                    <description>Library button</description>
                    <posx>32</posx>
                    <posy>175</posy>
                    <width>339</width>
                    <height>40</height>
                    <font>font13</font>
                    <textcolor>white</textcolor>
                    <shadowcolor>black</shadowcolor>
                    <textoffsetx>18</textoffsetx>
                    <texturefocus>button-focus.png</texturefocus>
                    <texturenofocus>-</texturenofocus>
                    <colordiffuse>99ffffff</colordiffuse>
                    <label>$LOCALIZE[14022] $LOCALIZE[456]</label>
                    <onclick>ReplaceWindow(mymusicfiles)</onclick>
                    <selected>Window.IsVisible(mymusiclibrary)</selected>
                    <onleft>51</onleft>
                    <onright>51</onright>
                    <onup>3</onup>
                    <ondown>8</ondown>
                </control>
                <control type="button" id="8">
                    <description>Search button</description>
                    <posx>32</posx>
                    <posy>231</posy>
                    <width>339</width>
                    <height>40</height>
                    <textcolor>white</textcolor>
                    <shadowcolor>black</shadowcolor>
                    <font>font13</font>
                    <label>137</label>
                    <textoffsetx>18</textoffsetx>
                    <texturefocus>button-focus.png</texturefocus>
                    <texturenofocus>-</texturenofocus>
                    <colordiffuse>99ffffff</colordiffuse>
                    <onleft>51</onleft>
                    <onright>51</onright>
                    <onup>5</onup>
                    <ondown>19</ondown>
                </control>
                <control type="edit" id="19">
                    <visible>Container.CanFilter + !Container.CanFilterAdvanced</visible>
                    <description>Filter Button</description>
                    <posx>32</posx>
                    <posy>288</posy>
                    <width>339</width>
                    <height>40</height>
                    <textcolor>white</textcolor>
                    <shadowcolor>black</shadowcolor>
                    <label>587</label>
                    <font>font13</font>
                    <textoffsetx>18</textoffsetx>
                    <texturefocus>button-focus.png</texturefocus>
                    <colordiffuse>99ffffff</colordiffuse>
                    <texturenofocus>-</texturenofocus>
                    <onleft>502</onleft>
                    <onright>502</onright>
                    <onup>8</onup>
                    <ondown>98</ondown>
                </control>
                <control type="radiobutton" id="98">
                    <visible>Container.CanFilterAdvanced</visible>
                    <description>Filter Button</description>
                    <posx>32</posx>
                    <posy>288</posy>
                    <width>339</width>
                    <height>40</height>
                    <textcolor>white</textcolor>
                    <shadowcolor>black</shadowcolor>
                    <label>587</label>
                    <font>font13</font>
                    <textoffsetx>18</textoffsetx>
                    <texturefocus>button-focus.png</texturefocus>
                    <colordiffuse>99ffffff</colordiffuse>
                    <texturenofocus>-</texturenofocus>
                    <selected>Container.Filtered</selected>
                    <onclick>right</onclick>
                    <onclick>Filter</onclick>
                    <onleft>502</onleft>
                    <onright>502</onright>
                    <onup>19</onup>
                    <ondown>16</ondown>
                </control>
                <control type="button" id="16">
                    <description>Party Mode button</description>
                    <posx>32</posx>
                    <posy>344</posy>
                    <width>339</width>
                    <height>40</height>
                    <textcolor>white</textcolor>
                    <shadowcolor>black</shadowcolor>
                    <font>font13</font>
                    <label>589</label>
                    <textoffsetx>18</textoffsetx>
                    <texturefocus>button-focus.png</texturefocus>
                    <texturenofocus>-</texturenofocus>
                    <colordiffuse>99ffffff</colordiffuse>
                    <onleft>51</onleft>
                    <onright>51</onright>
                    <onup>98</onup>
                    <ondown>20</ondown>
                </control>
				<control type="togglebutton" id="20">
                    <description>Update Library</description>
                    <posx>32</posx>
                    <posy>401</posy>
                    <width>339</width>
                    <height>40</height>
                    <font>font13</font>
                    <textcolor>white</textcolor>
                    <shadowcolor>black</shadowcolor>
					<textoffsetx>18</textoffsetx>
                    <texturefocus>button-focus.png</texturefocus>
                    <texturenofocus>-</texturenofocus>
					<alttexturefocus>button-focus.png</alttexturefocus>
                    <alttexturenofocus>-</alttexturenofocus>
                    <colordiffuse>99ffffff</colordiffuse>
					<label>653</label>
					<altlabel>13353</altlabel>
                    <onleft>3</onleft>
                    <onright>51</onright>
                    <onup>16</onup>
                    <ondown>2</ondown>
                </control>
            </control>
        </control>
        <include>Music-Info</include>
        <include>Alpha Scroll Label</include>
        <control type="group">
            <visible>[!Control.IsVisible(56) | !Container(56).Row(0)]</visible>
            <include>Time3</include>
        </control>
    </controls>
</window>