<?xml version="1.0" encoding="utf-8"?>
<window id="500">
    <defaultcontrol>50</defaultcontrol>
    <animation effect="fade" time="200">WindowClose</animation>
    <allowoverlay>no</allowoverlay>
    <views>54,50,52,51,56,58,59,55</views>
    <controls>
        <include>Music Cover Flow File</include>
        <include>Music List File</include>
        <include>List 2 Music File</include>
        <include>Music Icons File</include>
        <include>Music Wall File</include>
        <include>Music Wrap File</include>
        <include>Music CD Wrap File</include>
        <include>Music CD Wrap File 2</include>
        <control type="group">
            <posy>720</posy>
            <include>View-as</include>
            <control type="group" id="7001">
                <posx>439</posx>
                <posy>184.62</posy>
                <animation effect="fade" time="200">WindowClose</animation>
                <visible allowhiddenfocus="true">![Window.Next(Home) | Control.HasFocus(50) | Control.HasFocus(51) | Control.HasFocus(52) | Control.HasFocus(53) | Control.HasFocus(54) | Control.HasFocus(55) | Control.HasFocus(23) | Control.HasFocus(24) | Control.HasFocus(56) | Control.HasFocus(57) | Control.HasFocus(58) | Control.HasFocus(59)  | Control.HasFocus(90) | Control.HasFocus(91) | Control.HasFocus(92) | Control.HasFocus(93) | Control.HasFocus(94) | Control.HasFocus(95) | Control.HasFocus(96) | Control.HasFocus(3000) | Control.HasFocus(3001) | Control.HasFocus(3002)] + !Skin.HasSetting(LockViews)</visible>
                <control type="image">
                    <description>Button Background</description>
                    <posx>-439</posx>
                    <posy>-184.62</posy>
                    <width>1280</width>
                    <height>720</height>
                    <texture>background2.png</texture>
                    <colordiffuse>66ffffff</colordiffuse>
                </control>
                <control type="image">
                    <description>Button Background</description>
                    <posx>22</posx>
                    <posy>0</posy>
                    <width>359</width>
                    <height>363</height>
                    <texture>context.png</texture>
                </control>
                <control type="label">
                    <posx>32</posx>
                    <posy>25</posy>
                    <width>339</width>
                    <height>56</height>
                    <align>center</align>
                    <font>special14</font>
                    <textcolor>lightblue</textcolor>
                    <shadowcolor>black</shadowcolor>
                    <label>10517</label>
                </control>
                <control type="button" id="2">
                    <description>View As Icons button</description>
                    <posx>32</posx>
                    <posy>62</posy>
                    <width>339</width>
                    <height>40</height>
                    <font>font13</font>
                    <textcolor>white</textcolor>
                    <shadowcolor>black</shadowcolor>
                    <label>100</label>
                    <textoffsetx>18</textoffsetx>
                    <texturefocus>button-focus.png</texturefocus>
                    <texturenofocus>-</texturenofocus>
                    <colordiffuse>99ffffff</colordiffuse>
                    <onleft>51</onleft>
                    <onright>51</onright>
                    <onup>22</onup>
                    <ondown>20</ondown>
                    <visible>!Skin.HasSetting(LockViews)</visible>
                </control>
                <control type="radiobutton" id="20">
                    <description>Shuffle button</description>
                    <posx>32</posx>
                    <posy>119</posy>
                    <width>339</width>
                    <height>40</height>
                    <font>font13</font>
                    <textcolor>white</textcolor>
                    <shadowcolor>black</shadowcolor>
                    <label>191</label>
                    <textoffsetx>18</textoffsetx>
                    <texturefocus>button-focus.png</texturefocus>
                    <colordiffuse>99ffffff</colordiffuse>
                    <texturenofocus>-</texturenofocus>
                    <onleft>51</onleft>
                    <onright>51</onright>
                    <onup>2</onup>
                    <ondown>26</ondown>
                </control>
                <control type="button" id="26">
                    <description>Repeat button</description>
                    <posx>32</posx>
                    <posy>175</posy>
                    <width>339</width>
                    <height>40</height>
                    <font>font13</font>
                    <textcolor>white</textcolor>
                    <shadowcolor>black</shadowcolor>
                    <textoffsetx>18</textoffsetx>
                    <texturefocus>button-focus.png</texturefocus>
                    <texturenofocus>-</texturenofocus>
                    <colordiffuse>99ffffff</colordiffuse>
                    <onleft>51</onleft>
                    <onright>51</onright>
                    <onup>20</onup>
                    <ondown>21</ondown>
                </control>
                <control type="button" id="21">
                    <description>Save button</description>
                    <posx>32</posx>
                    <posy>231</posy>
                    <width>339</width>
                    <height>40</height>
                    <textcolor>white</textcolor>
                    <shadowcolor>black</shadowcolor>
                    <font>font13</font>
                    <label>190</label>
                    <textoffsetx>18</textoffsetx>
                    <texturefocus>button-focus.png</texturefocus>
                    <texturenofocus>-</texturenofocus>
                    <colordiffuse>99ffffff</colordiffuse>
                    <onleft>51</onleft>
                    <onright>51</onright>
                    <onup>26</onup>
                    <ondown>22</ondown>
                </control>
                <control type="button" id="22">
                    <description>Clear button</description>
                    <posx>32</posx>
                    <posy>288</posy>
                    <width>339</width>
                    <height>40</height>
                    <textcolor>white</textcolor>
                    <shadowcolor>black</shadowcolor>
                    <font>font13</font>
                    <label>192</label>
                    <textoffsetx>18</textoffsetx>
                    <texturefocus>button-focus.png</texturefocus>
                    <texturenofocus>-</texturenofocus>
                    <colordiffuse>99ffffff</colordiffuse>
                    <onleft>51</onleft>
                    <onright>51</onright>
                    <onup>21</onup>
                    <ondown>2</ondown>
                </control>
            </control>
        </control>
        <include>Music-Info</include>
        <include>Alpha Scroll Label</include>
        <control type="group">
            <visible>[!Control.IsVisible(56) | !Container(56).Row(0)]</visible>
            <include>Time3</include>
        </control>
    </controls>
</window>