<?xml version="1.0" encoding="utf-8"?>
<window id="503">
    <defaultcontrol>6</defaultcontrol>
    <allowoverlay>no</allowoverlay>
    <controls>
        <control type="image">
            <posx>0</posx>
            <posy>0</posy>
            <width>1280</width>
            <height>720</height>
            <texture>background2.png</texture>
            <visible>!Skin.HasSetting(Background)</visible>
        </control>
        <control type="multiimage">
            <posx>0</posx>
            <posy>0</posy>
            <width>1280</width>
            <height>720</height>
            <imagepath>special://skin/images/Default Wallpaper</imagepath>
            <info>Skin.String(CustomMenu)</info>
            <timeperimage>5000</timeperimage>
            <fadetime>2000</fadetime>
            <randomize>true</randomize>
            <visible>!Skin.HasSetting(CustomMenu)</visible>
            <visible>Skin.HasSetting(Background)</visible>
            <animation effect="fade" time="200">WindowOpen</animation>
            <animation effect="fade" time="300">WindowClose</animation>
            <animation effect="fade" time="200">Visible</animation>
            <animation effect="fade" delay="200" time="800">Hidden</animation>
        </control>
        <control type="multiimage">
            <posx>0</posx>
            <posy>0</posy>
            <width>1280</width>
            <height>720</height>
            <imagepath>-</imagepath>
            <info>Skin.String(CustomMenuFolder)</info>
            <timeperimage>5000</timeperimage>
            <fadetime>2000</fadetime>
            <randomize>true</randomize>
            <visible>!Skin.HasSetting(CustomMenuFolder)</visible>
            <visible>Skin.HasSetting(Background)</visible>
            <animation effect="fade" time="200">WindowOpen</animation>
            <animation effect="fade" time="300">WindowClose</animation>
            <animation effect="fade" time="200">Visible</animation>
            <animation effect="fade" delay="200" time="800">Hidden</animation>
        </control>
        <control type="image">
            <description>background image</description>
            <posx>0</posx>
            <posy>0</posy>
            <width>1280</width>
            <height>720</height>
            <texture>Back-Row.png</texture>
            <animation effect="fade" time="200">WindowOpen</animation>
            <animation effect="fade" time="200">WindowClose</animation>
            <visible>!Skin.HasSetting(Background)</visible>
        </control>
        <control type="image">
            <posx>0</posx>
            <posy>0</posy>
            <width>1280</width>
            <height>720</height>
            <texture>Mask2.png</texture>
			<colordiffuse>BBFFFFFF</colordiffuse>
            <animation effect="fade" time="200">WindowOpen</animation>
            <animation effect="fade" time="200">WindowClose</animation>
        </control>
        <control type="image">
            <posx>98</posx>
            <posy>31</posy>
            <width>1244</width>
            <height>638</height>
            <texture>background-filemanager.png</texture>
            <animation effect="fade" time="200">WindowOpen</animation>
            <animation effect="fade" time="200">WindowClose</animation>
        </control>
        <control type="label">
            <posx>36</posx>
            <posy>40</posy>
            <align>center</align>
            <aligny>center</aligny>
			<width>178</width>
            <height>15</height>
            <font>Heading-M</font>
            <textcolor>white</textcolor>
            <shadowcolor>black</shadowcolor>
            <visible>!Skin.HasSetting(menulabels)</visible>
            <animation effect="fade" time="200">WindowOpen</animation>
            <animation effect="fade" time="200">WindowClose</animation>
            <label>$LOCALIZE[559] Editor</label>
        </control>
        <control type="label" id="12">
            <description>number of files text label</description>
            <posx>249</posx>
            <posy>638</posy>
            <align>left</align>
            <label>-</label>
            <font>font10</font>
            <animation effect="fade" time="200">WindowOpen</animation>
            <animation effect="fade" time="200">WindowClose</animation>
        </control>
        <control type="label" id="101">
            <description>number of songs in playlist text label</description>
            <posx>747</posx>
            <posy>638</posy>
            <align>left</align>
            <label>-</label>
            <font>font10</font>
            <animation effect="fade" time="200">WindowOpen</animation>
            <animation effect="fade" time="200">WindowClose</animation>
        </control>
        <control type="group" id="9000">
            <animation effect="fade" time="200">WindowOpen</animation>
            <animation effect="fade" time="200">WindowClose</animation>
            <posx>36</posx>
            <posy>-44</posy>
            <control type="button" id="6">
                <description>Open Button</description>
                <posx>0</posx>
                <posy>150</posy>
                <width>178</width>
                <label>21385</label>
                <font>font13</font>
                <align>center</align>
                <aligny>center</aligny>
                <onleft>100</onleft>
                <onright>50</onright>
                <onup>8</onup>
                <ondown>7</ondown>
            </control>
            <control type="button" id="7">
                <description>Save Button</description>
                <posx>0</posx>
                <posy>196</posy>
                <width>178</width>
                <label>190</label>
                <font>font13</font>
                <align>center</align>
                <aligny>center</aligny>
                <onleft>100</onleft>
                <onright>50</onright>
                <onup>6</onup>
                <ondown>8</ondown>
            </control>
            <control type="button" id="8">
                <description>Clear button</description>
                <posx>0</posx>
                <posy>242</posy>
                <width>178</width>
                <label>192</label>
                <font>font13</font>
                <align>center</align>
                <aligny>center</aligny>
                <onleft>100</onleft>
                <onright>50</onright>
                <onup>7</onup>
                <ondown>6</ondown>
            </control>
        </control>
        <control type="group">
            <animation effect="fade" time="200">WindowOpen</animation>
            <animation effect="fade" time="200">WindowClose</animation>
            <control type="label" id="1">
                <description>description label</description>
                <posx>249</posx>
                <posy>106</posy>
                <align>left</align>
                <label>1211</label>
                <font>special13</font>
				<textcolor>white</textcolor>
				<shadowcolor>black</shadowcolor>
            </control>
            <control type="list" id="50">
                <description>left File list</description>
                <posx>240</posx>
                <posy>150</posy>
                <width>480</width>
                <height>462</height>
                <onleft>9000</onleft>
                <onright>100</onright>
                <onup>50</onup>
                <ondown>50</ondown>
                <itemlayout height="36">
                    <control type="image">
                        <posx>9</posx>
                        <posy>4</posy>
                        <width>39</width>
                        <height>28</height>
                        <info>ListItem.Icon</info>
                        <aligny>center</aligny>
                    </control>
                    <control type="label">
                        <posx>53</posx>
                        <posy>5</posy>
                        <width>409</width>
                        <height>28</height>
                        <font>font64</font>
                        <textcolor>white</textcolor>
                        <shadowcolor>black</shadowcolor>
                        <selectedcolor>white</selectedcolor>
                        <align>left</align>
                        <aligny>center</aligny>
                        <info>ListItem.Label</info>
                    </control>
                    <control type="label">
                        <posx>471</posx>
                        <posy>5</posy>
                        <width>213</width>
                        <height>28</height>
                        <font>font64</font>
                        <textcolor>6affffff</textcolor>
                        <selectedcolor>6affffff</selectedcolor>
                        <align>right</align>
                        <aligny>center</aligny>
                        <info>ListItem.Label2</info>
                    </control>
                </itemlayout>
                <focusedlayout height="36">
                    <control type="image">
                        <width>480</width>
                        <height>36</height>
                        <posx>0</posx>
                        <posy>0</posy>
                        <visible>Control.HasFocus(50)</visible>
                        <texture>input-focus.png</texture>
                    </control>
                    <control type="image">
                        <posx>9</posx>
                        <posy>4</posy>
                        <width>39</width>
                        <height>28</height>
                        <info>ListItem.Icon</info>
                        <aligny>center</aligny>
                    </control>
                    <control type="label">
                        <posx>53</posx>
                        <posy>5</posy>
                        <width>409</width>
                        <height>28</height>
                        <font>font64</font>
                        <textcolor>white</textcolor>
                        <shadowcolor>black</shadowcolor>
                        <selectedcolor>white</selectedcolor>
                        <align>left</align>
                        <aligny>center</aligny>
                        <info>ListItem.Label</info>
                    </control>
                    <control type="label">
                        <posx>471</posx>
                        <posy>5</posy>
                        <width>213</width>
                        <height>28</height>
                        <font>font64</font>
                        <textcolor>6affffff</textcolor>
                        <selectedcolor>6affffff</selectedcolor>
                        <align>right</align>
                        <aligny>center</aligny>
                        <info>ListItem.Label2</info>
                    </control>
                </focusedlayout>
            </control>
            <control type="label" id="1">
                <description>description label</description>
                <posx>747</posx>
                <posy>106</posy>
                <align>left</align>
                <label>559</label>
                <font>special13</font>
                <textcolor>white</textcolor>
				<shadowcolor>black</shadowcolor>                
            </control>
            <control type="list" id="100">
                <description>Playlist</description>
                <posx>738</posx>
                <posy>150</posy>
                <width>480</width>
                <height>462</height>
                <onleft>50</onleft>
                <onright>9000</onright>
                <onup>100</onup>
                <ondown>100</ondown>
                <itemlayout height="36">
                    <control type="image">
                        <posx>9</posx>
                        <posy>4</posy>
                        <width>39</width>
                        <height>28</height>
                        <info>ListItem.Icon</info>
                        <aligny>center</aligny>
                    </control>
                    <control type="label">
                        <posx>53</posx>
                        <posy>5</posy>
                        <width>409</width>
                        <height>28</height>
                        <font>font64</font>
                        <textcolor>white</textcolor>
                        <shadowcolor>black</shadowcolor>
                        <selectedcolor>white</selectedcolor>
                        <align>left</align>
                        <aligny>center</aligny>
                        <info>ListItem.Label</info>
                    </control>
                    <control type="label">
                        <posx>471</posx>
                        <posy>5</posy>
                        <width>213</width>
                        <height>28</height>
                        <font>font64</font>
                        <textcolor>6affffff</textcolor>
                        <selectedcolor>6affffff</selectedcolor>
                        <align>right</align>
                        <aligny>center</aligny>
                        <info>ListItem.Label2</info>
                    </control>
                </itemlayout>
                <focusedlayout height="36">
                    <control type="image">
                        <width>480</width>
                        <height>36</height>
                        <posx>0</posx>
                        <posy>0</posy>
                        <visible>Control.HasFocus(100)</visible>
                        <texture>input-focus.png</texture>
                    </control>
                    <control type="image">
                        <posx>9</posx>
                        <posy>4</posy>
                        <width>39</width>
                        <height>28</height>
                        <info>ListItem.Icon</info>
                        <aligny>center</aligny>
                    </control>
                    <control type="label">
                        <posx>53</posx>
                        <posy>5</posy>
                        <width>409</width>
                        <height>28</height>
                        <font>font64</font>
                        <textcolor>white</textcolor>
                        <shadowcolor>black</shadowcolor>
                        <selectedcolor>white</selectedcolor>
                        <align>left</align>
                        <info>ListItem.Label</info>
                        <aligny>center</aligny>
                    </control>
                    <control type="label">
                        <posx>471</posx>
                        <posy>5</posy>
                        <width>213</width>
                        <height>28</height>
                        <font>font64</font>
                        <textcolor>6affffff</textcolor>
                        <selectedcolor>6affffff</selectedcolor>
                        <align>right</align>
                        <info>ListItem.Label2</info>
                        <aligny>center</aligny>
                    </control>
                </focusedlayout>
            </control>
        </control>
        <include>dialog-effect</include>
    </controls>
</window>