<?xml version="1.0" encoding="utf-8"?>
<window>
    <defaultcontrol always="true">50</defaultcontrol>
    <allowoverlay>no</allowoverlay>
    <controls>
        <include>File List</include>
        <include>Square Icons</include>
        <include>Square Small Icons2</include>
        <include>Other Cover Flow File</include>
        <include>App Panel Wrap</include>
        <include>App Fanart Wrap</include>
        <control type="group">
            <posy>720</posy>
            <include>View-as</include>
            <control type="group" id="7001">
                <posx>439</posx>
                <posy>263.12</posy>
                <animation effect="fade" time="200">WindowClose</animation>
                <visible allowhiddenfocus="true">![Window.Next(Home) | Control.HasFocus(50) | Control.HasFocus(81) | Control.HasFocus(51) | Control.HasFocus(52) | Control.HasFocus(53) | Control.HasFocus(54) | Control.HasFocus(55) | Control.HasFocus(57) | Control.HasFocus(23) | Control.HasFocus(24) | Control.HasFocus(56) | Control.HasFocus(58) | Control.HasFocus(59) | Control.HasFocus(90) | Control.HasFocus(91) | Control.HasFocus(95) | Control.HasFocus(96) | Control.HasFocus(321) | Control.HasFocus(322)] + !Skin.HasSetting(LockViews)</visible>
                <control type="image">
                    <description>Button Background</description>
                    <posx>-439</posx>
                    <posy>-263.12</posy>
                    <width>1280</width>
                    <height>720</height>
                    <texture>background2.png</texture>
                    <colordiffuse>66ffffff</colordiffuse>
                </control>
                <control type="image">
                    <description>Button Background</description>
                    <posx>22</posx>
                    <posy>0</posy>
                    <width>359</width>
                    <height>204</height>
                    <texture>context.png</texture>
                </control>
                <control type="label">
                    <posx>32</posx>
                    <posy>25</posy>
                    <width>339</width>
                    <height>56</height>
                    <align>center</align>
                    <font>special14</font>
                    <textcolor>lightblue</textcolor>
                    <shadowcolor>black</shadowcolor>
                    <label>0</label>
                </control>
                <control type="button" id="2">
                    <description>View As Icons button</description>
                    <posx>32</posx>
                    <posy>62</posy>
                    <width>339</width>
                    <height>40</height>
                    <font>font13</font>
                    <textcolor>white</textcolor>
                    <shadowcolor>black</shadowcolor>
                    <label>100</label>
                    <textoffsetx>18</textoffsetx>
                    <texturefocus>button-focus.png</texturefocus>
                    <texturenofocus>-</texturenofocus>
                    <colordiffuse>99ffffff</colordiffuse>
                    <onleft>50</onleft>
                    <onright>50</onright>
                    <onup>3</onup>
                    <ondown>3</ondown>
                    <visible>!Skin.HasSetting(LockViews)</visible>
                </control>
                <control type="button" id="3">
                    <description>Sort by button</description>
                    <posx>32</posx>
                    <posy>119</posy>
                    <width>339</width>
                    <height>40</height>
                    <font>font13</font>
                    <textcolor>white</textcolor>
                    <shadowcolor>black</shadowcolor>
                    <label>103</label>
                    <textoffsetx>18</textoffsetx>
                    <texturefocus>button-focus.png</texturefocus>
                    <colordiffuse>99ffffff</colordiffuse>
                    <texturenofocus>-</texturenofocus>
                    <onleft>50</onleft>
                    <onright>4</onright>
                    <onup>2</onup>
                    <ondown>2</ondown>
                </control>
                <control type="togglebutton" id="4">
                    <description>Sort asc</description>
                    <posx>335</posx>
                    <posy>125</posy>
                    <label>-</label>
                    <onleft>3</onleft>
                    <onright>50</onright>
                    <onup>2</onup>
                    <ondown>2</ondown>
                </control>
            </control>
        </control>
        <control type="group">
            <include>Time3</include>
            <visible>[!Control.IsVisible(56) | !Container(56).Row(0)]</visible>
        </control>
        <include>Music-Info</include>
        <include>Alpha Scroll Label</include>
    </controls>
</window>