<?xml version="1.0" encoding="utf-8"?>
<window id="28">
    <defaultcontrol always="true">50</defaultcontrol>
    <allowoverlay>yes</allowoverlay>
    <controls>
        <control>
            <description>Panel Image</description>
            <type>image</type>
            <posx>0</posx>
            <posy>0</posy>
            <width>1280</width>
            <height>720</height>
            <texture>background2.png</texture>
            <visible>Player.HasVideo</visible>
        </control>
        <control type="videowindow">
            <posx>0</posx>
            <posy>0</posy>
            <width>1280</width>
            <height>720</height>
            <aspectratio>keep</aspectratio>
        </control>
        <control>
            <description>Panel Image</description>
            <type>image</type>
            <posx>0</posx>
            <posy>0</posy>
            <width>1280</width>
            <height>720</height>
            <texture>black.png</texture>
            <visible>Player.HasVideo</visible>
        </control>
        <control type="image">
            <description>Fanart BG</description>
            <width>1280</width>
            <height>720</height>
            <aspectratio>scale</aspectratio>
            <fadetime>300</fadetime>
            <visible>Control.IsVisible(50) | Control.IsVisible(52)</visible>
            <visible>IsEmpty(FanArt.Image)</visible>
            <texture background="true">settings.jpg</texture>
            <visible>!Player.HasVideo</visible>
            <visible>!Skin.HasSetting(Background)</visible>
            <animation effect="fade" time="300">WindowClose</animation>
        </control>
        <control type="multiimage">
            <posx>0</posx>
            <posy>0</posy>
            <width>1280</width>
            <height>720</height>
            <aspectratio>scale</aspectratio>
            <imagepath>special://skin/images/Default Wallpaper</imagepath>
            <visible>!Skin.HasSetting(CustomMenu)</visible>
            <visible>Skin.HasSetting(Background)</visible>
            <visible>!Player.HasVideo</visible>
            <visible>Control.IsVisible(50) | Control.IsVisible(52)</visible>
            <animation effect="fade" time="200">WindowClose</animation>
        </control>
        <control type="multiimage">
            <posx>0</posx>
            <posy>0</posy>
            <width>1280</width>
            <height>720</height>
            <imagepath>-</imagepath>
            <aspectratio>scale</aspectratio>
            <info>Skin.String(CustomMenuFolder)</info>
            <timeperimage>5000</timeperimage>
            <fadetime>2000</fadetime>
            <randomize>true</randomize>
            <visible>!Skin.HasSetting(CustomMenuFolder)</visible>
            <visible>Skin.HasSetting(Background)</visible>
            <visible>Control.IsVisible(50) | Control.IsVisible(52)</visible>
            <visible>!Player.HasVideo</visible>
            <animation effect="fade" time="200">WindowClose</animation>
        </control>
        <control type="image">
            <texture background="true" />
            <description>Fanart BG</description>
            <info>ListItem.Property(fanart_image)</info>
            <width>1280</width>
            <height>720</height>
            <aspectratio>scale</aspectratio>
            <fadetime>300</fadetime>
            <visible>Control.IsVisible(50) | Control.IsVisible(52)</visible>
            <visible>!Player.HasVideo</visible>
            <animation effect="fade" time="200">WindowClose</animation>
        </control>
        <control type="image">
            <texture background="true" />
            <description>Fanart BG</description>
            <info>Fanart.Image</info>
            <width>1280</width>
            <height>720</height>
            <aspectratio>scale</aspectratio>
            <fadetime>300</fadetime>
            <visible>Control.IsVisible(50) | Control.IsVisible(52)</visible>
            <visible>!Player.HasVideo</visible>
            <animation effect="fade" time="200">WindowClose</animation>
        </control>
        <control type="image">
            <description>Panel Image</description>
            <posx>36</posx>
            <posy>81</posy>
            <width>1209</width>
            <height>614</height>
            <texture>background2.png</texture>
            <bordertexture>edge.png</bordertexture>
            <bordersize>1</bordersize>
            <colordiffuse>AAffffff</colordiffuse>
            <visible>!Player.HasVideo</visible>
            <animation effect="fade" time="200">WindowClose</animation>
        </control>
        <control type="list" id="50">
            <viewtype label="535">list</viewtype>
            <animation effect="fade" time="300">WindowClose</animation>
            <posx>71</posx>
            <posy>112</posy>
            <width>551</width>
            <height>550</height>
            <onleft>2</onleft>
            <onright>2</onright>
            <onup>50</onup>
            <ondown>50</ondown>
            <pagecontrol>90</pagecontrol>
            <itemlayout height="50">
                <control type="image">
                    <posx>9</posx>
                    <posy>5</posy>
                    <width>50</width>
                    <height>40</height>
                    <info>ListItem.Icon</info>
                    <aspectratio>keep</aspectratio>
                    <animation effect="fade" time="300">WindowClose</animation>
                </control>
                <control type="label">
                    <posx>62</posx>
                    <posy>0</posy>
                    <width>498</width>
                    <height>50</height>
                    <font>special17</font>
                    <aligny>center</aligny>
                    <textcolor>white</textcolor>
                    <shadowcolor>black</shadowcolor>
                    <include>selectedcolor</include>
                    <info>ListItem.Label</info>
                </control>
            </itemlayout>
            <focusedlayout height="50">
                <control type="image">
                    <posx>0</posx>
                    <posy>0</posy>
                    <width>551</width>
                    <height>50</height>
                    <texture>input-focus.png</texture>
                    <visible>Control.HasFocus(50)</visible>
                    <include>List Scroll</include>
                </control>
                <control type="image">
                    <posx>9</posx>
                    <posy>5</posy>
                    <width>50</width>
                    <height>40</height>
                    <info>ListItem.Icon</info>
                    <aspectratio>keep</aspectratio>
                </control>
                <control type="label">
                    <posx>62</posx>
                    <posy>0</posy>
                    <width>498</width>
                    <height>50</height>
                    <font>special17</font>
                    <aligny>center</aligny>
                    <textcolor>white</textcolor>
                    <shadowcolor>black</shadowcolor>
                    <include>selectedcolor</include>
                    <scroll>true</scroll>
                    <info>ListItem.Label</info>
                </control>
            </focusedlayout>
        </control>
        <control type="image">
            <description>list item icon</description>
            <posx>649</posx>
            <posy>112</posy>
            <width>551</width>
            <height>550</height>
            <visible>true</visible>
            <colordiffuse>FFFFFFFF</colordiffuse>
            <fadetime>200</fadetime>
            <info>ListItem.Icon</info>
            <bordertexture>background2.png</bordertexture>
            <bordersize>3.75,7.11,3.75,7.11</bordersize>
            <aspectratio>keep</aspectratio>
            <visible>Control.IsVisible(50)</visible>
            <animation effect="fade" time="300">WindowClose</animation>
        </control>
        <posx>36</posx>
        <posy>81</posy>
        <width>1209</width>
        <height>614</height>
        <control type="panel" id="52">
            <posx>71</posx>
            <posy>106</posy>
            <width>1138</width>
            <height>564</height>
            <onleft>2</onleft>
            <onright>2</onright>
            <onup>51</onup>
            <ondown>51</ondown>
            <scrolltime tween="sine" easing="inout">200</scrolltime>
            <viewtype label="536">Icons</viewtype>
            <pagecontrol>90</pagecontrol>
            <itemlayout height="281.87" width="379.25">
                <control type="image">
                    <posx>18</posx>
                    <posy>13.85</posy>
                    <width>343.69</width>
                    <height>229.16</height>
                    <align>center</align>
                    <aspectratio>keep</aspectratio>
                    <info>ListItem.Icon</info>
                </control>
                <control type="label">
                    <posx>189.62</posx>
                    <posy>249.37</posy>
                    <width>343.69</width>
                    <height>20</height>
                    <font>font15</font>
                    <textcolor>white</textcolor>
                    <shadowcolor>black</shadowcolor>
                    <selectedcolor>white</selectedcolor>
                    <align>center</align>
                    <aligny>center</aligny>
                    <scroll>true</scroll>
                    <info>ListItem.label</info>
                </control>
            </itemlayout>
            <focusedlayout height="281.87" width="379.25">
                <control type="image">
                    <width>379.25</width>
                    <height>281.87</height>
                    <posx>0</posx>
                    <posy>0</posy>
                    <texture diffuse="mask menu.png">List background4.png</texture>
                </control>
                <control type="image">
                    <posx>18</posx>
                    <posy>13.85</posy>
                    <width>343.69</width>
                    <height>229.16</height>
                    <align>center</align>
                    <aspectratio>keep</aspectratio>
                    <info>ListItem.Icon</info>
                </control>
                <control type="label">
                    <posx>189.62</posx>
                    <posy>249.37</posy>
                    <width>343.69</width>
                    <height>20</height>
                    <font>font15</font>
                    <textcolor>white</textcolor>
                    <shadowcolor>black</shadowcolor>
                    <selectedcolor>white</selectedcolor>
                    <align>center</align>
                    <aligny>center</aligny>
                    <scroll>true</scroll>
                    <info>ListItem.label</info>
                </control>
            </focusedlayout>
        </control>
        <control type="group" id="9000">
            <posx>439</posx>
            <posy>179</posy>
            <animation effect="fade" time="200">WindowClose</animation>
            <visible allowhiddenfocus="true">[Control.HasFocus(2) | Control.HasFocus(20) | Control.HasFocus(26) | Control.HasFocus(21) | Control.HasFocus(22)]</visible>
            <control type="image">
                <description>Button Background</description>
                <posx>22</posx>
                <posy>0</posy>
                <width>359</width>
                <height>362</height>
                <texture>context.png</texture>
            </control>
            <control type="label">
                <posx>32</posx>
                <posy>25</posy>
                <width>339</width>
                <height>56</height>
                <align>center</align>
                <font>font13</font>
                <textcolor>lightblue</textcolor>
                <shadowcolor>black</shadowcolor>
                <label>10522</label>
            </control>
            <control type="button" id="2">
                <description>View As Icons button</description>
                <posx>32</posx>
                <posy>62</posy>
                <width>339</width>
                <height>40</height>
                <font>font13</font>
                <textcolor>white</textcolor>
                <shadowcolor>black</shadowcolor>
                <label>100</label>
                <textoffsetx>18</textoffsetx>
                <texturefocus>button-focus.png</texturefocus>
                <texturenofocus>-</texturenofocus>
                <colordiffuse>99ffffff</colordiffuse>
                <onleft>50</onleft>
                <onright>50</onright>
                <onup>22</onup>
                <ondown>20</ondown>
            </control>
            <control type="radiobutton" id="20">
                <description>Shuffle button</description>
                <posx>32</posx>
                <posy>119</posy>
                <width>339</width>
                <height>40</height>
                <font>font13</font>
                <textcolor>white</textcolor>
                <shadowcolor>black</shadowcolor>
                <label>191</label>
                <textoffsetx>18</textoffsetx>
                <texturefocus>button-focus.png</texturefocus>
                <colordiffuse>99ffffff</colordiffuse>
                <texturenofocus>-</texturenofocus>
                <onleft>50</onleft>
                <onright>50</onright>
                <onup>2</onup>
                <ondown>26</ondown>
            </control>
            <control type="button" id="26">
                <description>Repeat button</description>
                <posx>32</posx>
                <posy>175</posy>
                <width>339</width>
                <height>40</height>
                <font>font13</font>
                <textcolor>white</textcolor>
                <shadowcolor>black</shadowcolor>
                <textoffsetx>18</textoffsetx>
                <texturefocus>button-focus.png</texturefocus>
                <texturenofocus>-</texturenofocus>
                <colordiffuse>99ffffff</colordiffuse>
                <onleft>50</onleft>
                <onright>50</onright>
                <onup>20</onup>
                <ondown>21</ondown>
            </control>
            <control type="button" id="21">
                <description>Save button</description>
                <posx>32</posx>
                <posy>231</posy>
                <width>339</width>
                <height>40</height>
                <textcolor>white</textcolor>
                <shadowcolor>black</shadowcolor>
                <font>font13</font>
                <label>190</label>
                <textoffsetx>18</textoffsetx>
                <texturefocus>button-focus.png</texturefocus>
                <texturenofocus>-</texturenofocus>
                <colordiffuse>99ffffff</colordiffuse>
                <onleft>50</onleft>
                <onright>50</onright>
                <onup>26</onup>
                <ondown>22</ondown>
            </control>
            <control type="button" id="22">
                <description>Clear button</description>
                <posx>32</posx>
                <posy>288</posy>
                <width>339</width>
                <height>40</height>
                <textcolor>white</textcolor>
                <shadowcolor>black</shadowcolor>
                <font>font13</font>
                <label>192</label>
                <textoffsetx>18</textoffsetx>
                <texturefocus>button-focus.png</texturefocus>
                <texturenofocus>-</texturenofocus>
                <colordiffuse>99ffffff</colordiffuse>
                <onleft>50</onleft>
                <onright>50</onright>
                <onup>21</onup>
                <ondown>2</ondown>
            </control>
        </control>
        <include>Time3</include>
    </controls>
</window>