<?xml version="1.0" encoding="utf-8"?>
<window id="2600">
    <defaultcontrol>2</defaultcontrol>
    <allowoverlay>no</allowoverlay>
    <controls>
        <control type="multiimage">
            <posx>0</posx>
            <posy>0</posy>
            <width>1280</width>
            <height>622</height>
            <imagepath>special://skin/images/Default Wallpaper</imagepath>
            <info>Skin.String(CustomMenu)</info>
            <timeperimage>5000</timeperimage>
            <fadetime>2000</fadetime>
            <randomize>true</randomize>
            <visible>!Skin.HasSetting(CustomMenu)</visible>
            <visible>Skin.HasSetting(Background)</visible>
            <animation effect="fade" time="200">WindowClose</animation>
            <animation effect="fade" time="200">Visible</animation>
            <animation effect="fade" delay="200" time="800">Hidden</animation>
        </control>
        <control type="multiimage">
            <posx>0</posx>
            <posy>0</posy>
            <width>1280</width>
            <height>622</height>
            <imagepath>-</imagepath>
            <info>Skin.String(CustomMenuFolder)</info>
            <timeperimage>5000</timeperimage>
            <fadetime>2000</fadetime>
            <randomize>true</randomize>
            <visible>!Skin.HasSetting(CustomMenuFolder)</visible>
            <visible>Skin.HasSetting(Background)</visible>
            <animation effect="fade" time="200">WindowClose</animation>
            <animation effect="fade" time="200">Visible</animation>
            <animation effect="fade" delay="200" time="800">Hidden</animation>
        </control>
        <control type="image">
            <description>Panel Image</description>
            <posx>0</posx>
            <posy>0</posy>
            <width>1280</width>
            <height>622</height>
            <texture background="true">backgroundbr.jpg</texture>
            <animation effect="fade" time="200">WindowClose</animation>
            <visible>!Skin.HasSetting(Background)</visible>
        </control>
        <control type="image">
            <description>Panel Image</description>
            <posx>0</posx>
            <posy>0</posy>
            <width>1280</width>
            <height>622</height>
            <texture background="true">Mask2.png</texture>
            <colordiffuse>66FFFFFF</colordiffuse>
            <animation effect="fade" time="200">WindowClose</animation>
            <visible>Skin.HasSetting(Background)</visible>
        </control>
        <control type="image">
            <posx>0</posx>
            <posy>621</posy>
            <width>1280</width>
            <height>2</height>
            <texture>background2.png</texture>
            <animation effect="fade" time="200">WindowClose</animation>
        </control>
        <control type="image">
            <posx>0</posx>
            <posy>623</posy>
            <width>1280</width>
            <height>97</height>
            <texture>background2.png</texture>
            <animation effect="fade" time="200">WindowClose</animation>
            <aspectratio>stretch</aspectratio>
        </control>
        <control type="image">
            <posx>0</posx>
            <posy>623</posy>
            <width>1280</width>
            <height>97</height>
            <texture>panel background.png</texture>
            <colordiffuse>22ffffff</colordiffuse>
            <animation effect="fade" time="200">WindowClose</animation>
            <aspectratio>stretch</aspectratio>
        </control>
        <control type="group">
            <animation effect="slide" time="600" start="-1280,0" end="0,0" condition="!Skin.HasSetting(animated)">WindowOpen</animation>
            <animation effect="fade" time="200">WindowClose</animation>
            <control type="image">
                <description>Background</description>
                <posx>0</posx>
                <posy>69</posy>
                <width>1285</width>
                <height>651</height>
                <texture background="true">weather_bg.png</texture>
                <visible>!Skin.HasSetting(Background)</visible>
            </control>
            <control type="image">
                <description>Background</description>
                <posx>200</posx>
                <posy>190</posy>
                <width>878</width>
                <height>480</height>
                <texture background="true">Mask2.png</texture>
                <visible>!Skin.HasSetting(Background)</visible>
            </control>
            <control type="image">
                <description>Background</description>
                <posx>202</posx>
                <posy>186</posy>
                <width>875</width>
                <height>4</height>
                <texture background="true">background2.png</texture>
                <visible>Skin.HasSetting(Background)</visible>
                <colordiffuse>ddffffff</colordiffuse>
            </control>
            <control type="image">
                <description>Background</description>
                <posx>0</posx>
                <posy>69</posy>
                <width>1285</width>
                <height>651</height>
                <texture background="true">weather_bg custom.png</texture>
                <visible>Skin.HasSetting(Background)</visible>
            </control>
            <control type="image">
                <description>Background</description>
                <posx>202</posx>
                <posy>190</posy>
                <width>875</width>
                <height>480</height>
                <texture background="true">Mask2.png</texture>
                <visible>Skin.HasSetting(Background)</visible>
                <colordiffuse>ddffffff</colordiffuse>
            </control>
            <control type="image">
                <description>Background</description>
                <posx>0</posx>
                <posy>610</posy>
                <width>1285</width>
                <height>651</height>
                <texture flipy="true" diffuse="Thumb_Mask2.png" background="true">weather_bg.png</texture>
                <visible>!Skin.HasSetting(Background)</visible>
            </control>
            <control type="image">
                <description>Background</description>
                <posx>200</posx>
                <posy>670</posy>
                <width>878</width>
                <height>480</height>
                <texture flipy="true" diffuse="Thumb_Mask2.png" background="true">Mask2.png</texture>
                <visible>!Skin.HasSetting(Background)</visible>
            </control>
            <control type="image">
                <description>Background</description>
                <posx>0</posx>
                <posy>610</posy>
                <width>1285</width>
                <height>651</height>
                <texture flipy="true" diffuse="Thumb_Mask2.png" background="true">weather_bg custom.png</texture>
                <visible>Skin.HasSetting(Background)</visible>
            </control>
            <control type="image">
                <description>Background</description>
                <posx>202</posx>
                <posy>670</posy>
                <width>876</width>
                <height>480</height>
                <texture flipy="true" diffuse="Thumb_Mask2.png" background="true">Mask2.png</texture>
                <visible>Skin.HasSetting(Background)</visible>
                <colordiffuse>ddffffff</colordiffuse>
            </control>
            <control type="group">
                <posy>161</posy>
                <control type="button" id="2">
                    <description>Refresh Button</description>
                    <posx>206</posx>
                    <posy>31</posy>
                    <label>184</label>
                    <font>fontKB</font>
                    <textcolor>lightblue</textcolor>
                    <shadowcolor>black</shadowcolor>
                    <align>center</align>
                    <width>288</width>
                    <height>46</height>
                    <texturefocus>button-focus.png</texturefocus>
                    <texturenofocus>button-nofocus.png</texturenofocus>
                    <onleft>4</onleft>
                    <onright>4</onright>
                    <onup>3</onup>
                    <ondown>3</ondown>
                </control>
                <control type="button" id="4">
                    <description>Settings Button</description>
                    <posx>498</posx>
                    <posy>31</posy>
                    <width>287</width>
                    <height>46</height>
                    <label>5</label>
                    <font>fontKB</font>
                    <textcolor>lightblue</textcolor>
                    <shadowcolor>black</shadowcolor>
                    <align>center</align>
                    <texturefocus>button-focus.png</texturefocus>
                    <texturenofocus>button-nofocus.png</texturenofocus>
                    <onleft>2</onleft>
                    <onright>2</onright>
                    <onup>3</onup>
                    <ondown>3</ondown>
                    <onclick>ActivateWindow(MyWeatherSettings)</onclick>
                </control>
                <control type="button" id="5">
                    <description>Weather provider label</description>
                    <posx>789</posx>
                    <posy>31</posy>
                    <width>283</width>
                    <height>46</height>
                    <label>$INFO[Window.Property(WeatherProvider)]</label>
                    <font>fontKB</font>
                    <textcolor>lightblue</textcolor>
                    <shadowcolor>black</shadowcolor>
                    <align>center</align>
                    <texturefocus>button-focus.png</texturefocus>
                    <texturenofocus>button-nofocus.png</texturenofocus>
                    <onleft>4</onleft>
                    <onright>2</onright>
                    <onup>3</onup>
                    <ondown>3</ondown>
                </control>
            </control>
            <control type="group">
                <posy>144</posy>
                <posx>71</posx>
                <control type="spincontrol" id="3">
                    <description>weather location select spincontrol</description>
                    <align>left</align>
                    <width>30</width>
                    <height>21</height>
                    <posx>133</posx>
                    <posy>106</posy>
                    <font>-</font>
                    <reverse>yes</reverse>
                    <onup>2</onup>
                    <ondown>2</ondown>
                    <onleft>2</onleft>
                    <onright>2</onright>
                    <disabledcolor>white</disabledcolor>
                    <textoffsetx>0</textoffsetx>
                    <textoffsety>0</textoffsety>
                    <aligny>center</aligny>
                </control>
                <control type="label">
                    <description>weather location select label</description>
                    <align>left</align>
                    <width>622</width>
                    <height>19</height>
                    <posx>213</posx>
                    <posy>106</posy>
                    <font>font14</font>
                    <disabledcolor>white</disabledcolor>
                    <textoffsetx>0</textoffsetx>
                    <textoffsety>0</textoffsety>
                    <aligny>center</aligny>
                    <label>$INFO[Window.Property(Location)]</label>
                </control>
                <control type="label">
                    <description>update time label</description>
                    <posx>996</posx>
                    <posy>106</posy>
                    <width>267</width>
                    <align>right</align>
                    <label>-</label>
                    <textcolor>white</textcolor>
                    <shadowcolor>black</shadowcolor>
                    <font>font10</font>
                    <label>$LOCALIZE[24069] - $INFO[Window.Property(Updated)]</label>
                    <animation effect="fade" time="200">WindowOpen</animation>
                    <animation effect="fade" time="200">WindowClose</animation>
                </control>
                <control type="label">
                    <description>current temp static label</description>
                    <posx>142</posx>
                    <posy>148</posy>
                    <label>$LOCALIZE[401]</label>
                    <textcolor>white</textcolor>
                    <shadowcolor>black</shadowcolor>
                    <font>font10</font>
                    <animation effect="fade" time="200">WindowOpen</animation>
                    <animation effect="fade" time="200">WindowClose</animation>
                </control>
                <control type="label">
                    <description>current feels like static label</description>
                    <posx>142</posx>
                    <posy>172</posy>
                    <label>$LOCALIZE[402]</label>
                    <textcolor>white</textcolor>
                    <shadowcolor>black</shadowcolor>
                    <font>font10</font>
                    <animation effect="fade" time="200">WindowOpen</animation>
                    <animation effect="fade" time="200">WindowClose</animation>
                </control>
                <control type="label">
                    <description>current UV Index static label</description>
                    <posx>142</posx>
                    <posy>248</posy>
                    <label>$LOCALIZE[403]</label>
                    <textcolor>white</textcolor>
                    <shadowcolor>black</shadowcolor>
                    <font>font10</font>
                    <animation effect="fade" time="200">WindowOpen</animation>
                    <animation effect="fade" time="200">WindowClose</animation>
                </control>
                <control type="label">
                    <description>current wind static label</description>
                    <posx>142</posx>
                    <posy>272</posy>
                    <label>$LOCALIZE[404]</label>
                    <textcolor>white</textcolor>
                    <shadowcolor>black</shadowcolor>
                    <font>font10</font>
                    <animation effect="fade" time="200">WindowOpen</animation>
                    <animation effect="fade" time="200">WindowClose</animation>
                </control>
                <control type="label">
                    <description>current dew static label</description>
                    <posx>142</posx>
                    <posy>198</posy>
                    <label>$LOCALIZE[405]</label>
                    <textcolor>white</textcolor>
                    <shadowcolor>black</shadowcolor>
                    <font>font10</font>
                    <animation effect="fade" time="200">WindowOpen</animation>
                    <animation effect="fade" time="200">WindowClose</animation>
                </control>
                <control type="label">
                    <description>current humidity static label</description>
                    <posx>142</posx>
                    <posy>222</posy>
                    <label>$LOCALIZE[406]</label>
                    <textcolor>white</textcolor>
                    <shadowcolor>black</shadowcolor>
                    <font>font10</font>
                    <animation effect="fade" time="200">WindowOpen</animation>
                    <animation effect="fade" time="200">WindowClose</animation>
                </control>
                <control type="image">
                    <description>current weather icon</description>
                    <posx>569</posx>
                    <posy>112</posy>
                    <height>175</height>
                    <width>249</width>
                    <aspectratio>keep</aspectratio>
                    <info>Window.Property(Current.ConditionIcon)</info>
                    <animation effect="fade" time="200">WindowOpen</animation>
                    <animation effect="fade" time="200">WindowClose</animation>
                </control>
                <control type="label">
                    <description>current condition label</description>
                    <align>right</align>
                    <posx>996</posx>
                    <posy>188</posy>
                    <width>213</width>
                    <info>Window.Property(Current.Condition)</info>
                    <textcolor>white</textcolor>
                    <shadowcolor>black</shadowcolor>
                    <font>font10</font>
                    <animation effect="fade" time="200">WindowOpen</animation>
                    <animation effect="fade" time="200">WindowClose</animation>
                </control>
                <control type="label">
                    <description>current temp label</description>
                    <posx>356</posx>
                    <posy>148</posy>
                    <label>$INFO[Window.Property(Current.Temperature)]$INFO[System.TemperatureUnits]</label>
                    <textcolor>white</textcolor>
                    <shadowcolor>black</shadowcolor>
                    <font>font10</font>
                    <animation effect="fade" time="200">WindowOpen</animation>
                    <animation effect="fade" time="200">WindowClose</animation>
                </control>
                <control type="label">
                    <description>current feels like label</description>
                    <posx>356</posx>
                    <posy>172</posy>
                    <label>$INFO[Window.Property(Current.Feelslike)]$INFO[System.TemperatureUnits]</label>
                    <textcolor>white</textcolor>
                    <shadowcolor>black</shadowcolor>
                    <font>font10</font>
                    <animation effect="fade" time="200">WindowOpen</animation>
                    <animation effect="fade" time="200">WindowClose</animation>
                </control>
                <control type="label">
                    <description>current UV Index label</description>
                    <posx>356</posx>
                    <posy>248</posy>
                    <label>$INFO[Window.Property(Current.UVINDEX)]</label>
                    <textcolor>white</textcolor>
                    <shadowcolor>black</shadowcolor>
                    <font>font10</font>
                    <animation effect="fade" time="200">WindowOpen</animation>
                    <animation effect="fade" time="200">WindowClose</animation>
                </control>
                <control type="label">
                    <description>current wind label</description>
                    <posx>356</posx>
                    <posy>272</posy>
                    <label>$INFO[Window.Property(Current.Wind)]</label>
                    <textcolor>white</textcolor>
                    <shadowcolor>black</shadowcolor>
                    <font>font10</font>
                    <animation effect="fade" time="200">WindowOpen</animation>
                    <animation effect="fade" time="200">WindowClose</animation>
                </control>
                <control type="label">
                    <description>current dew label</description>
                    <posx>356</posx>
                    <posy>198</posy>
                    <label>$INFO[Window.Property(Current.DewPoint)]$INFO[System.TemperatureUnits]</label>
                    <textcolor>white</textcolor>
                    <shadowcolor>black</shadowcolor>
                    <font>font10</font>
                    <animation effect="fade" time="200">WindowOpen</animation>
                    <animation effect="fade" time="200">WindowClose</animation>
                </control>
                <control type="label">
                    <description>current humidity label</description>
                    <posx>356</posx>
                    <posy>222</posy>
                    <info>Window.Property(Current.Humidity)</info>
                    <textcolor>white</textcolor>
                    <shadowcolor>black</shadowcolor>
                    <font>font10</font>
                    <animation effect="fade" time="200">WindowOpen</animation>
                    <animation effect="fade" time="200">WindowClose</animation>
                </control>
            </control>
            <control type="group">
                <posy>19</posy>
                <control type="button">
                    <description>day 0 label</description>
                    <align>center</align>
                    <height>35</height>
                    <width>196</width>
                    <posx>212</posx>
                    <posy>425</posy>
                    <label>$INFO[Window.Property(Day0.Title)]</label>
                    <textcolor>white</textcolor>
                    <shadowcolor>black</shadowcolor>
                    <font>font10</font>
                    <animation effect="fade" time="200">WindowOpen</animation>
                    <animation effect="fade" time="200">WindowClose</animation>
                    <textoffsetx>-</textoffsetx>
                    <texturefocus>button-focus.png</texturefocus>
                    <texturenofocus>button-nofocus.png</texturenofocus>
                </control>
                <control type="label">
                    <description>day 0 Hi label</description>
                    <align>center</align>
                    <width>196</width>
                    <posx>212</posx>
                    <posy>472</posy>
                    <label>$INFO[Window.Property(Day0.HighTemp)]$INFO[System.TemperatureUnits]</label>
                    <textcolor>white</textcolor>
                    <shadowcolor>black</shadowcolor>
                    <font>font10</font>
                    <animation effect="fade" time="200">WindowOpen</animation>
                    <animation effect="fade" time="200">WindowClose</animation>
                </control>
                <control type="label">
                    <description>day 0 low label</description>
                    <align>center</align>
                    <width>196</width>
                    <posx>212</posx>
                    <posy>500</posy>
                    <label>$INFO[Window.Property(Day0.LowTemp)]$INFO[System.TemperatureUnits]</label>
                    <textcolor>white</textcolor>
                    <shadowcolor>black</shadowcolor>
                    <font>font10</font>
                    <animation effect="fade" time="200">WindowOpen</animation>
                    <animation effect="fade" time="200">WindowClose</animation>
                </control>
                <control type="label">
                    <description>day 0 general weather label</description>
                    <align>center</align>
                    <aligny>top</aligny>
                    <width>196</width>
                    <wrapmultiline>true</wrapmultiline>
                    <posx>212</posx>
                    <posy>625</posy>
                    <label>$INFO[Window.Property(Day0.Outlook)]</label>
                    <textcolor>white</textcolor>
                    <shadowcolor>black</shadowcolor>
                    <font>font10</font>
                    <animation effect="fade" time="200">WindowOpen</animation>
                    <animation effect="fade" time="200">WindowClose</animation>
                </control>
                <control type="image">
                    <description>day 0 icon</description>
                    <posx>252</posx>
                    <posy>531</posy>
                    <height>80</height>
                    <width>114</width>
                    <aspectratio>keep</aspectratio>
                    <info>Window.Property(Day0.OutlookIcon)</info>
                </control>
                <control type="button">
                    <description>day 1 label</description>
                    <align>center</align>
                    <height>35</height>
                    <width>219</width>
                    <posx>417</posx>
                    <posy>425</posy>
                    <label>$INFO[Window.Property(Day1.Title)]</label>
                    <textcolor>white</textcolor>
                    <shadowcolor>black</shadowcolor>
                    <font>font10</font>
                    <animation effect="fade" time="200">WindowOpen</animation>
                    <animation effect="fade" time="200">WindowClose</animation>
                    <textoffsetx>-</textoffsetx>
                    <texturefocus>button-focus.png</texturefocus>
                    <texturenofocus>button-nofocus.png</texturenofocus>
                </control>
                <control type="label">
                    <description>day 1 Hi label</description>
                    <align>center</align>
                    <width>217</width>
                    <posx>418</posx>
                    <posy>472</posy>
                    <label>$INFO[Window.Property(Day1.HighTemp)]$INFO[System.TemperatureUnits]</label>
                    <textcolor>white</textcolor>
                    <shadowcolor>black</shadowcolor>
                    <font>font10</font>
                    <animation effect="fade" time="200">WindowOpen</animation>
                    <animation effect="fade" time="200">WindowClose</animation>
                </control>
                <control type="label">
                    <description>day 1 low label</description>
                    <align>center</align>
                    <width>217</width>
                    <posx>418</posx>
                    <posy>500</posy>
                    <label>$INFO[Window.Property(Day1.LowTemp)]$INFO[System.TemperatureUnits]</label>
                    <textcolor>white</textcolor>
                    <shadowcolor>black</shadowcolor>
                    <font>font10</font>
                    <animation effect="fade" time="200">WindowOpen</animation>
                    <animation effect="fade" time="200">WindowClose</animation>
                </control>
                <control type="label">
                    <description>day 1 general weather label</description>
                    <align>center</align>
                    <aligny>top</aligny>
                    <width>217</width>
                    <wrapmultiline>true</wrapmultiline>
                    <posx>418</posx>
                    <posy>625</posy>
                    <label>$INFO[Window.Property(Day1.Outlook)]</label>
                    <textcolor>white</textcolor>
                    <shadowcolor>black</shadowcolor>
                    <font>font10</font>
                    <animation effect="fade" time="200">WindowOpen</animation>
                    <animation effect="fade" time="200">WindowClose</animation>
                </control>
                <control type="image">
                    <description>day 1 icon</description>
                    <posx>469</posx>
                    <posy>531</posy>
                    <height>80</height>
                    <width>114</width>
                    <aspectratio>keep</aspectratio>
                    <info>Window.Property(Day1.OutlookIcon)</info>
                </control>
                <control type="button">
                    <description>day 2 label</description>
                    <align>center</align>
                    <height>35</height>
                    <width>213</width>
                    <posx>649</posx>
                    <posy>425</posy>
                    <label>$INFO[Window.Property(Day2.Title)]</label>
                    <textcolor>white</textcolor>
                    <shadowcolor>black</shadowcolor>
                    <font>font10</font>
                    <animation effect="fade" time="200">WindowOpen</animation>
                    <animation effect="fade" time="200">WindowClose</animation>
                    <textoffsetx>-</textoffsetx>
                    <texturefocus>button-focus.png</texturefocus>
                    <texturenofocus>button-nofocus.png</texturenofocus>
                </control>
                <control type="label">
                    <description>day 2 Hi label</description>
                    <align>center</align>
                    <width>213</width>
                    <posx>649</posx>
                    <posy>472</posy>
                    <label>$INFO[Window.Property(Day2.HighTemp)]$INFO[System.TemperatureUnits]</label>
                    <textcolor>white</textcolor>
                    <shadowcolor>black</shadowcolor>
                    <font>font10</font>
                    <animation effect="fade" time="200">WindowOpen</animation>
                    <animation effect="fade" time="200">WindowClose</animation>
                </control>
                <control type="label">
                    <description>day 2 low label</description>
                    <align>center</align>
                    <width>213</width>
                    <posx>649</posx>
                    <posy>500</posy>
                    <label>$INFO[Window.Property(Day2.LowTemp)]$INFO[System.TemperatureUnits]</label>
                    <textcolor>white</textcolor>
                    <shadowcolor>black</shadowcolor>
                    <font>font10</font>
                    <animation effect="fade" time="200">WindowOpen</animation>
                    <animation effect="fade" time="200">WindowClose</animation>
                </control>
                <control type="label">
                    <description>day 2 general weather label</description>
                    <align>center</align>
                    <aligny>top</aligny>
                    <width>213</width>
                    <wrapmultiline>true</wrapmultiline>
                    <posx>649</posx>
                    <posy>625</posy>
                    <label>$INFO[Window.Property(Day2.Outlook)]</label>
                    <textcolor>white</textcolor>
                    <shadowcolor>black</shadowcolor>
                    <font>font10</font>
                    <animation effect="fade" time="200">WindowOpen</animation>
                    <animation effect="fade" time="200">WindowClose</animation>
                </control>
                <control type="image">
                    <description>day 2 icon</description>
                    <posx>699</posx>
                    <posy>531</posy>
                    <height>80</height>
                    <width>114</width>
                    <aspectratio>keep</aspectratio>
                    <info>Window.Property(Day2.OutlookIcon)</info>
                </control>
                <control type="button">
                    <description>day 3 label</description>
                    <align>center</align>
                    <height>35</height>
                    <width>200</width>
                    <posx>871</posx>
                    <posy>425</posy>
                    <label>$INFO[Window.Property(Day3.Title)]</label>
                    <textcolor>white</textcolor>
                    <shadowcolor>black</shadowcolor>
                    <font>font10</font>
                    <animation effect="fade" time="200">WindowOpen</animation>
                    <animation effect="fade" time="200">WindowClose</animation>
                </control>
                <control type="label">
                    <description>day 3 Hi label</description>
                    <align>center</align>
                    <width>199</width>
                    <posx>871</posx>
                    <posy>472</posy>
                    <label>$INFO[Window.Property(Day3.HighTemp)]$INFO[System.TemperatureUnits]</label>
                    <textcolor>white</textcolor>
                    <shadowcolor>black</shadowcolor>
                    <font>font10</font>
                    <animation effect="fade" time="200">WindowOpen</animation>
                    <animation effect="fade" time="200">WindowClose</animation>
                </control>
                <control type="label">
                    <description>day 3 low label</description>
                    <align>center</align>
                    <width>199</width>
                    <posx>871</posx>
                    <posy>500</posy>
                    <label>$INFO[Window.Property(Day3.LowTemp)]$INFO[System.TemperatureUnits]</label>
                    <textcolor>white</textcolor>
                    <shadowcolor>black</shadowcolor>
                    <font>font10</font>
                    <animation effect="fade" time="200">WindowOpen</animation>
                    <animation effect="fade" time="200">WindowClose</animation>
                </control>
                <control type="label">
                    <description>day 3 general weather label</description>
                    <align>center</align>
                    <aligny>top</aligny>
                    <width>199</width>
                    <wrapmultiline>true</wrapmultiline>
                    <posx>871</posx>
                    <posy>625</posy>
                    <label>$INFO[Window.Property(Day3.Outlook)]</label>
                    <textcolor>white</textcolor>
                    <shadowcolor>black</shadowcolor>
                    <font>font10</font>
                    <animation effect="fade" time="200">WindowOpen</animation>
                    <animation effect="fade" time="200">WindowClose</animation>
                </control>
                <control type="image">
                    <description>day 3 icon</description>
                    <posx>914</posx>
                    <posy>531</posy>
                    <height>80</height>
                    <width>114</width>
                    <aspectratio>keep</aspectratio>
                    <info>Window.Property(Day3.OutlookIcon)</info>
                </control>
            </control>
        </control>
        <include>Music-Info</include>
        <include>Time3</include>
    </controls>
</window>