<?xml version="1.0" encoding="utf-8"?>
<window id="105">
    <defaultcontrol>-</defaultcontrol>
    <coordinates>
        <system>1</system>
        <posx>0</posx>
        <posy>0</posy>
    </coordinates>
    <controls>
        <control type="image" id="1">
            <description>Pointer Image</description>
            <posx>0</posx>
            <posy>0</posy>
            <width>41</width>
            <height>40</height>
            <texture>pointer-nofocus.png</texture>
        </control>
        <control type="image" id="2">
            <description>Pointer focus Image</description>
            <posx>0</posx>
            <posy>0</posy>
            <width>41</width>
            <height>40</height>
            <texture>pointer-focus.png</texture>
        </control>
        <control type="image" id="3">
            <description>Pointer Drag Image</description>
            <posx>-27</posx>
            <posy>-19</posy>
            <width>41</width>
            <height>38</height>
            <texture>pointer-focus-drag.png</texture>
        </control>
        <control type="image" id="4">
            <description>Pointer Click Image</description>
            <posx>0</posx>
            <posy>0</posy>
            <width>41</width>
            <height>38</height>
            <texture>pointer-focus-click.png</texture>
        </control>
    </controls>
</window>