<?xml version="1.0" encoding="utf-8"?>
<window id="12">
    <defaultcontrol>3</defaultcontrol>
    <allowoverlay>no</allowoverlay>
    <controls>
        <control type="image">
            <description>Background</description>
            <posx>0</posx>
            <posy>0</posy>
            <width>1280</width>
            <height>720</height>
            <texture background="true" fallback="special://skin/images/Settings Categories/SetCat.jpg">$INFO[Skin.String(CustomSetCat)]</texture>
            <animation effect="fade" start="0" end="100" time="400">WindowOpen</animation>
            <animation effect="fade" start="100" end="0" time="400">WindowClose</animation>
        </control>
        <control type="group">
            <animation type="WindowOpen" reversible="false">
                <effect type="zoom" start="20" end="100" center="640,360" easing="out" tween="back" time="400" />
                <effect type="fade" start="0" end="100" time="400" />
            </animation>
            <animation type="WindowClose" reversible="false">
                <effect type="zoom" start="100" end="20" center="640,360" easing="in" tween="back" time="400" />
                <effect type="fade" start="100" end="0" time="500" />
            </animation>
            <control type="image">
                <description>Panel Image</description>
                <posx>460.20</posx>
                <posy>42.50</posy>
                <width>354</width>
                <height>52.50</height>
                <texture>episode number.png</texture>
            </control>
            <control type="image">
                <description>Panel Image</description>
                <posx>460.20</posx>
                <posy>42.50</posy>
                <width>354</width>
                <height>52.50</height>
                <texture>episode number.png</texture>
            </control>
            <control type="label" id="2">
                <description>Title label2</description>
                <posx>460.20</posx>
                <posy>42.50</posy>
                <align>center</align>
                <aligny>center</aligny>
                <font>special16</font>
                <textcolor>white</textcolor>
                <shadowcolor>black</shadowcolor>
                <width>354</width>
                <height>52.50</height>
                <label>5</label>
            </control>
			<control type="button" id="20">
				<description>Setting level button</description>
				<left>120</left>
				<top>52</top>
				<height>37</height>
				<width>120</width>
				<label>10037</label>
				<align>center</align>
				<aligny>center</aligny>
				<font>font14</font>
                <textcolor>grey</textcolor>
				<focusedcolor>grey</focusedcolor>               
				<texturefocus>settingslevel.png</texturefocus>
				<texturenofocus>settingslevel1.png</texturenofocus>
				<pulseonselect>false</pulseonselect>
				<onleft>3</onleft>
				<onright>3</onright>
				<onup>3</onup>
				<ondown>3</ondown>
				<onclick>SettingsLevelChange</onclick>
			</control>
            <control id="2">
                <description>Title Label</description>
                <visible>!Window.IsActive(131)</visible>
            </control>
            <control type="image">
                <description>Panel Image</description>
                <posx>115.05</posx>
                <posy>95</posy>
                <width>1044.20</width>
                <height>587.50</height>
                <texture background="true">Dark Mask.png</texture>
                <animation effect="fade" start="100" end="0" time="400">WindowClose</animation>
            </control>
            <control type="image">
                <description>Panel Image</description>
                <posx>115.05</posx>
                <posy>95</posy>
                <width>1044.20</width>
                <height>587.50</height>
                <texture>black.png</texture>
            </control>
            <control type="image" id="1">
                <description>Custom Home background</description>
                <posx>115.05</posx>
                <posy>141.25</posy>
                <width>1044.20</width>
                <height>541.25</height>
                <texture>background2.png</texture>
                <colordiffuse>88ffffff</colordiffuse>
            </control>
            <control type="grouplist" id="3">
                <description>button area</description>
                <posx>120</posx>
                <posy>100</posy>
                <width>1034</width>
                <height>37.50</height>
                <itemgap>3</itemgap>
                <orientation>horizontal</orientation>
                <scrollspeed>2</scrollspeed>
                <onup>20</onup>
                <ondown>5</ondown>
            </control>
            <control type="image" id="4">
                <description>button gap</description>
                <width>619.50</width>
                <height>46.25</height>
                <texture>-</texture>
            </control>
            <control type="image">
                <description>header</description>
                <posx>116.82</posx>
                <posy>140.62</posy>
                <width>1040.76</width>
                <height>2.5</height>
                <texture border="12.5,0,12.5,0">Separator.png</texture>
                <colordiffuse>80ffffff</colordiffuse>
            </control>
            <control type="grouplist" id="5">
                <description>control area</description>
                <posx>123.90</posx>
                <posy>156.25</posy>
                <width>1026.60</width>
                <height>450</height>
                <onup>5</onup>
                <ondown>5</ondown>
                <onleft>3</onleft>
                <onright>3</onright>
            </control>
            <control type="image" id="6">
                <description>control gap</description>
                <width>619.50</width>
                <height>47.50</height>
                <texture>-</texture>
            </control>
            <control type="button" id="7">
                <description>Default Button</description>
                <posx>938.10</posx>
                <posy>250</posy>
                <height>37.50</height>
                <textoffsetx>26.55</textoffsetx>
                <font>fontKB</font>
                <texturefocus>input-focus.png</texturefocus>
                <texturenofocus>-</texturenofocus>
                <aligny>center</aligny>
            </control>
            <control type="radiobutton" id="8">
                <description>Default RadioButton</description>
                <posx>0</posx>
                <posy>0</posy>
                <height>37.50</height>
                <font>fontKB</font>
                <textcolor>white</textcolor>
                <focusedcolor>white</focusedcolor>
                <texturefocus>input-focus.png</texturefocus>
                <texturenofocus>-</texturenofocus>
                <textoffsetx>26.55</textoffsetx>
                <radioposx>973.50</radioposx>
            </control>
            <control type="spincontrolex" id="9">
                <description>Default SpinControl</description>
                <posx>938.10</posx>
                <posy>250</posy>
                <width>531</width>
                <height>37.50</height>
                <texturefocus>input-focus.png</texturefocus>
                <texturenofocus>-</texturenofocus>
                <textureup>scroll-up.png</textureup>
                <texturedown>scroll-down.png</texturedown>
                <textureupFocus>scroll-up-focus.png</textureupFocus>
                <texturedownFocus>scroll-down-focus.png</texturedownFocus>
                <font>fontKB</font>
                <textcolor>white</textcolor>
                <shadowcolor>black</shadowcolor>
                <colordiffuse>white</colordiffuse>
                <disabledcolor>60d0d0d0</disabledcolor>
                <textoffsetx>26.55</textoffsetx>
                <aligny>center</aligny>
                <reverse>yes</reverse>
            </control>
            <control type="button" id="10">
                <description>Default Category Button</description>
                <posx>368.16</posx>
                <posy>250</posy>
                <height>37.50</height>
                <width>256</width>
                <label>224</label>
                <font>special14</font>
                <textcolor>lightblue</textcolor>
                <align>center</align>
                <texturefocus>button-focus.png</texturefocus>
                <texturenofocus>button-nofocus.png</texturenofocus>
            </control>
            <control type="image" id="11">
                <description>separator image</description>
                <width>1026.60</width>
                <height>2.5</height>
                <texture border="12.5,0,12.5,0">Settings-Divider.png</texture>
                <colordiffuse>33ffffff</colordiffuse>
            </control>
            <control type="image">
                <description>Panel Image</description>
                <posx>115.05</posx>
                <posy>136.25</posy>
                <width>1044.30</width>
                <height>12.50</height>
                <texture>separator.png</texture>
                <colordiffuse>80ffffff</colordiffuse>
            </control>
            <control type="image">
                <description>Panel Image</description>
                <posx>115.05</posx>
                <posy>95</posy>
                <width>1044.30</width>
                <height>587.50</height>
                <texture>edge.png</texture>
                <colordiffuse>80ffffff</colordiffuse>
            </control>
			<control type="image">
                <description>separator image</description>
                <left>116</left>
				<top>617</top>
				<width>1040</width>
                <height>2.5</height>
                <texture>Separator.png</texture>
                <colordiffuse>ddffffff</colordiffuse>
            </control>
			<control type="textbox" id="6">
				<description>description area</description>
				<left>150</left>
				<top>625</top>
				<width>975</width>
				<height>42</height>
				<font>font12</font>
				<align>justify</align>
				<textcolor>lightblue</textcolor>
				<autoscroll time="3000" delay="4000" repeat="5000">true</autoscroll>
			</control>
        </control>
        <include>Music-Info</include>
        <include>Time3</include>
    </controls>
</window>