<?xml version="1.0" encoding="utf-8"?>
<window id="34">
    <defaultcontrol>2</defaultcontrol>
    <allowoverlay>no</allowoverlay>
    <controls>
        <control type="image">
            <description>Background</description>
            <posx>0</posx>
            <posy>0</posy>
            <width>1280</width>
            <height>720</height>
            <texture background="true" fallback="special://skin/images/Settings Categories/SetCat.jpg">$INFO[Skin.String(CustomSetCat)]</texture>
            <animation effect="fade" start="0" end="100" time="400">WindowOpen</animation>
            <animation effect="fade" start="100" end="0" time="400">WindowClose</animation>
        </control>
        <control type="group">
            <animation type="WindowOpen" reversible="false">
                <effect type="zoom" start="20" end="100" center="640,360" easing="out" tween="back" time="400" />
                <effect type="fade" start="0" end="100" time="400" />
            </animation>
            <animation type="WindowClose" reversible="false">
                <effect type="zoom" start="100" end="20" center="640,360" easing="in" tween="back" time="400" />
                <effect type="fade" start="100" end="0" time="400" />
            </animation>
            <control type="image">
                <description>Panel Image</description>
                <posx>460.20</posx>
                <posy>42.50</posy>
                <width>354</width>
                <height>52.50</height>
                <texture>episode number.png</texture>
            </control>
            <control type="image">
                <description>Panel Image</description>
                <posx>460.20</posx>
                <posy>42.50</posy>
                <width>354</width>
                <height>52.50</height>
                <texture>episode number.png</texture>
            </control>
            <control type="label">
                <posx>460.20</posx>
                <posy>42.50</posy>
                <align>center</align>
                <aligny>center</aligny>
                <font>special16</font>
                <textcolor>white</textcolor>
                <shadowcolor>black</shadowcolor>
                <width>354</width>
                <height>52.50</height>
                <label>13200</label>
            </control>
            <control type="image">
                <description>Panel Image</description>
                <posx>115.05</posx>
                <posy>93.75</posy>
                <width>1044.30</width>
                <height>581.25</height>
                <texture background="true">Dark Mask.png</texture>
                <animation effect="fade" start="100" end="0" time="400">WindowClose</animation>
            </control>
            <control type="image">
                <description>Panel Image</description>
                <posx>115.05</posx>
                <posy>93.75</posy>
                <width>1044.30</width>
                <height>581.25</height>
                <texture>black.png</texture>
            </control>
            <control type="image" id="1">
                <description>Custom Home background</description>
                <posx>115.05</posx>
                <posy>140</posy>
                <width>1044.30</width>
                <height>535</height>
                <texture>background2.png</texture>
                <colordiffuse>88ffffff</colordiffuse>
            </control>
            <control type="image">
                <description>Panel Image</description>
                <posx>115.05</posx>
                <posy>136.25</posy>
                <width>1044.30</width>
                <height>12.50</height>
                <texture>separator.png</texture>
                <colordiffuse>80ffffff</colordiffuse>
            </control>
            <control type="image">
                <description>Panel Image</description>
                <posx>115.05</posx>
                <posy>93.75</posy>
                <width>1044.30</width>
                <height>581.25</height>
                <texture>edge.png</texture>
                <colordiffuse>80ffffff</colordiffuse>
            </control>
            <control type="radiobutton" id="4">
                <description>Enable Login Screen</description>
                <posx>120</posx>
                <posy>98.75</posy>
                <height>37.50</height>
                <width>194.70</width>
                <label>20096</label>
                <font>font14</font>
                <textcolor>lightblue</textcolor>
                <shadowcolor>black</shadowcolor>
                <onup>2</onup>
                <ondown>2</ondown>
                <aligny>center</aligny>
                <colordiffuse>99ffffff</colordiffuse>
            </control>
            <control type="image">
                <description>header</description>
                <posx>116.82</posx>
                <posy>140.62</posy>
                <width>1040.76</width>
                <height>2.5</height>
                <texture border="12.5,0,12.5,0">Separator.png</texture>
                <colordiffuse>80ffffff</colordiffuse>
            </control>
            <control type="fadelabel" id="3">
                <description>Last Loaded</description>
                <type>fadelabel</type>
                <posx>203.55</posx>
                <posy>656.25</posy>
                <width>1161.12</width>
                <label>-</label>
                <font>fontKB</font>
                <textcolor>white</textcolor>
                <shadowcolor>black</shadowcolor>
            </control>
            <control type="list" id="2">
                <posx>122.13</posx>
                <posy>150</posy>
                <width>1247.85</width>
                <height>462.50</height>
                <onleft>4</onleft>
                <onright>90</onright>
                <onup>4</onup>
                <ondown>4</ondown>
                <pagecontrol>90</pagecontrol>
                <visible>!Window.IsActive(126)</visible>
                <itemlayout height="50">
                    <control type="image">
                        <posx>8.85</posx>
                        <posy>15</posy>
                        <width>28.32</width>
                        <height>20</height>
                        <info>ListItem.Icon</info>
                        <texture>unknown-user.png</texture>
                    </control>
                    <control type="label">
                        <posx>44.25</posx>
                        <posy>15</posy>
                        <width>433.65</width>
                        <height>20</height>
                        <font>fontKB</font>
                        <textcolor>white</textcolor>
                        <shadowcolor>black</shadowcolor>
                        <info>ListItem.Label</info>
                    </control>
                    <control type="label">
                        <posx>495.60</posx>
                        <posy>15</posy>
                        <width>283.20</width>
                        <height>20</height>
                        <font>fontKB</font>
                        <align>right</align>
                        <textcolor>white</textcolor>
                        <shadowcolor>black</shadowcolor>
                        <include>selectedcolor</include>
                        <info>ListItem.Label2</info>
                    </control>
                </itemlayout>
                <focusedlayout height="50">
                    <control type="image">
                        <posx>0</posx>
                        <posy>0</posy>
                        <width>531</width>
                        <height>50</height>
                        <texture>input-focus.png</texture>
                        <visible>Control.HasFocus(2)</visible>
                    </control>
                    <control type="image">
                        <posx>8.85</posx>
                        <posy>15</posy>
                        <width>28.32</width>
                        <height>20</height>
                        <info>ListItem.Icon</info>
                        <texture>unknown-user.png</texture>
                    </control>
                    <control type="label">
                        <posx>44.25</posx>
                        <posy>15</posy>
                        <width>433.65</width>
                        <height>20</height>
                        <font>fontKB</font>
                        <textcolor>white</textcolor>
                        <shadowcolor>black</shadowcolor>
                        <scroll>true</scroll>
                        <info>ListItem.Label</info>
                    </control>
                    <control type="label">
                        <posx>495.60</posx>
                        <posy>15</posy>
                        <width>283.20</width>
                        <height>20</height>
                        <font>fontKB</font>
                        <align>right</align>
                        <textcolor>white</textcolor>
                        <shadowcolor>black</shadowcolor>
                        <include>selectedcolor</include>
                        <info>ListItem.Label2</info>
                    </control>
                    <control type="image">
                        <description>list item icon</description>
                        <posx>566.40</posx>
                        <posy>0</posy>
                        <width>424.80</width>
                        <height>300</height>
                        <info>ListItem.Icon</info>
                        <aspectratio>keep</aspectratio>
                        <visible>Control.HasFocus(2)</visible>
                    </control>
                </focusedlayout>
            </control>
        </control>
        <include>Music-Info</include>
        <include>Time3</include>
    </controls>
</window>