<?xml version="1.0" encoding="utf-8"?>
<window id="7">
    <defaultcontrol>95</defaultcontrol>
    <allowoverlay>no</allowoverlay>
    <controls>
        <control type="multiimage">
            <posx>0</posx>
            <top>0</top>
            <width>1280</width>
            <height>720</height>
            <aspectratio>scale</aspectratio>
            <imagepath background="true">special://skin/images/Default Wallpaper</imagepath>
            <info>Container(9000).ListItem.Icon</info>
            <timeperimage>8000</timeperimage>
            <randomize>true</randomize>
            <fadetime>200</fadetime>
            <animation effect="fade" time="700">WindowClose</animation>
        </control>
        <control type="fixedlist" id="9000">
            <itemlayout></itemlayout>
            <focusedlayout></focusedlayout>
            <content>
                <item id="1">
                    <onclick>ActivateWindow(Weather)</onclick>
                    <icon>$INFO[Skin.String(CustomMenu)]</icon>
                    <thumb>$INFO[Skin.String(CustomMenuFolder)]</thumb>
                </item>
            </content>
        </control>
        <control type="group">
            <animation effect="slide" time="600" start="1155,0" end="0,0" condition="!Skin.HasSetting(animated)">WindowOpen</animation>
            <animation effect="slide" time="600" start="0,0" end="1297,0" condition="!Skin.HasSetting(animated)">WindowClose</animation>
            <control type="group">
                <control type="image">
                    <description>Background</description>
                    <posx>0</posx>
                    <top>0</top>
                    <width>1280</width>
                    <height>720</height>
                    <texture>BlackGloss.png</texture>
                    <colordiffuse>CCffffff</colordiffuse>
                    <animation effect="fade" time="200">WindowOpen</animation>
                    <animation effect="fade" time="200">WindowClose</animation>
                </control>
                <control type="grouplist" id="9000">
                    <posx>36</posx>
                    <top>588</top>
                    <width>1209</width>
                    <itemgap>5</itemgap>
                    <onup>9000</onup>
                    <ondown>9000</ondown>
                    <orientation>horizontal</orientation>
                    <control type="button" id="95">
                        <description>Button Default Values</description>
                        <label>13278</label>
                        <align>center</align>
                        <aligny>center</aligny>
                        <width>237</width>
                    </control>
                    <control type="button" id="94">
                        <description>Button Storage</description>
                        <label>13277</label>
                        <width>237</width>
                        <align>center</align>
                        <aligny>center</aligny>
                    </control>
                    <control type="button" id="92">
                        <description>Button HDD</description>
                        <label>13275</label>
                        <visible>System.Platform.Xbox</visible>
                        <align>center</align>
                        <aligny>center</aligny>
                        <width>237</width>
                    </control>
                    <control type="button" id="93">
                        <description>Button DVD</description>
                        <label>13276</label>
                        <visible>System.Platform.Xbox</visible>
                        <align>center</align>
                        <aligny>center</aligny>
                        <width>237</width>
                    </control>
                    <control type="button" id="96">
                        <description>Button Network</description>
                        <label>13279</label>
                        <align>center</align>
                        <aligny>center</aligny>
                        <width>237</width>
                    </control>
                    <control type="button" id="97">
                        <description>Button Video</description>
                        <label>13280</label>
                        <align>center</align>
                        <aligny>center</aligny>
                        <width>237</width>
                    </control>
                    <control type="button" id="98">
                        <description>Button Hardware</description>
                        <label>13281</label>
                        <align>center</align>
                        <aligny>center</aligny>
                        <width>235</width>
                    </control>
                </control>
            </control>
            <control type="group">
                <control type="label" id="40">
                    <description>fake filter text label</description>
                    <posx>36</posx>
                    <top>80</top>
                    <width>924</width>
                    <height>38</height>
                    <align>left</align>
                    <aligny>center</aligny>
                    <label>-</label>
                    <font>Heading-M</font>
                </control>
                <control type="group">
                    <posx>0</posx>
                    <top>135</top>
                    <control type="label" id="52">
                        <description>XBMC XBE BUILD Version</description>
                        <posx>36</posx>
                        <top>0</top>
                        <width>924</width>
						<height>25</height>
                        <label>144</label>
                        <font>font12</font>
                        <align>left</align>
                        <aligny>center</aligny>
                    </control>
                    <control type="label" id="2">
                        <description>Label 2</description>
                        <posx>36</posx>
                        <top>44</top>
                        <width>924</width>
						<height>25</height>
                        <label>-</label>
                        <font>font12</font>
                        <align>left</align>
                        <aligny>center</aligny>
                    </control>
                    <control type="label" id="3">
                        <description>Label 3</description>
                        <posx>36</posx>
                        <top>88</top>
                        <width>924</width>
						<height>25</height>
                        <label>-</label>
                        <font>font12</font>
                        <align>left</align>
                        <aligny>center</aligny>
                    </control>
                    <control type="label" id="4">
                        <description>Label 4</description>
                        <posx>36</posx>
                        <top>131</top>
                        <width>924</width>
						<height>25</height>
                        <label>-</label>
                        <font>font12</font>
                        <align>left</align>
                        <aligny>center</aligny>
                    </control>
                    <control type="label" id="5">
                        <description>Label 5</description>
                        <posx>36</posx>
                        <top>175</top>
                        <width>924</width>
						<height>25</height>
                        <label>-</label>
                        <font>font12</font>
                        <align>left</align>
                        <aligny>center</aligny>
                    </control>
                    <control type="label" id="6">
                        <description>Label 6</description>
                        <posx>36</posx>
                        <top>219</top>
                        <width>924</width>
						<height>25</height>
                        <label>-</label>
                        <font>font12</font>
                        <align>left</align>
                        <aligny>center</aligny>
                    </control>
                    <control type="label" id="7">
                        <description>Label 7</description>
                        <posx>36</posx>
                        <top>262</top>
                        <width>924</width>
						<height>25</height>
                        <label>-</label>
                        <font>font12</font>
                        <align>left</align>
                        <aligny>center</aligny>
                    </control>
                    <control type="label" id="8">
                        <description>Label 8</description>
                        <posx>36</posx>
                        <top>306</top>
                        <width>924</width>
						<height>25</height>
                        <label>-</label>
                        <font>font12</font>
                        <align>left</align>
                        <aligny>center</aligny>
                    </control>
                    <control type="label" id="9">
                        <description>Label 9</description>
                        <posx>36</posx>
                        <top>350</top>
                        <width>924</width>
						<height>25</height>
                        <label>-</label>
                        <font>font12</font>
                        <align>left</align>
                        <aligny>center</aligny>
                    </control>
                    <control type="label" id="10">
                        <description>Label 10</description>
                        <posx>36</posx>
                        <top>394</top>
                        <width>924</width>
						<height>25</height>
                        <label>-</label>
                        <font>font12</font>
                        <align>left</align>
                        <aligny>center</aligny>
                    </control>
                </control>
            </control>
        </control>
    </controls>
</window>