<?xml version="1.0" encoding="utf-8"?>
<window id="11">
    <defaultcontrol>8</defaultcontrol>
    <allowoverlay>no</allowoverlay>
    <controls>
        <control type="videowindow" id="20">
            <description>videowindow</description>
            <posx>0</posx>
            <posy>0</posy>
            <width>1280</width>
            <height>720</height>
        </control>
        <control type="mover" id="8">
            <description>top left mover</description>
            <posx>0</posx>
            <posy>0</posy>
			<width>125</width>
            <height>125</height>
            <texturefocus>calibrate-topleft-focus.png</texturefocus>
            <texturenofocus>calibrate-topleft.png</texturenofocus>
        </control>
        <control type="mover" id="9">
            <description>right bottom mover</description>
            <posx>1244</posx>
            <posy>625</posy>
			<width>125</width>
            <height>125</height>
            <texturefocus>calibrate-bottomright-focus.png</texturefocus>
            <texturenofocus>calibrate-bottomright.png</texturenofocus>
        </control>
        <control type="mover" id="10">
            <description>subtitle position mover</description>
            <posx>356</posx>
            <posy>625</posy>
			<width>360</width>
            <height>90</height>
            <texturefocus>calibrate-subtitles-focus.png</texturefocus>
            <texturenofocus>calibrate-subtitles.png</texturenofocus>
        </control>
        <control type="resize" id="11">
            <description>pixel aspect ratio box</description>
            <posx>0</posx>
            <posy>338</posy>
            <width>512</width>
            <height>360</height>
            <texturefocus>calibrate-pixelratio-focus.png</texturefocus>
            <texturenofocus>calibrate-pixelratio.png</texturenofocus>
        </control>
        <control type="mover" id="12">
            <description>OSD Y Offset mover</description>
            <posx>356</posx>
            <posy>625</posy>
            <colorkey>FFFF00FF</colorkey>
            <colordiffuse>white</colordiffuse>
        </control>
        <control type="image" id="1">
            <description>rectangle image</description>
            <posx>0</posx>
            <posy>320</posy>
            <width>1280</width>
            <height>71</height>
            <texture>bluebar.png</texture>
        </control>
        <control type="group">
            <posx>20</posx>
            <posy>80</posy>
            <control type="label" id="2">
                <description>coordinates label</description>
                <posx>0</posx>
                <posy>10</posy>
                <width>1280</width>
                <label>-</label>
                <textcolor>white</textcolor>
                <shadowcolor>black</shadowcolor>
                <align>center</align>
                <font>font14</font>
            </control>
            <control type="label" id="3">
                <description>help information</description>
                <posx>0</posx>
                <posy>40</posy>
                <width>1240</width>
                <label>-</label>
                <textcolor>white</textcolor>
                <shadowcolor>black</shadowcolor>
                <align>center</align>
                <font>font14</font>
            </control>
        </control>
    </controls>
</window>