<?xml version="1.0" encoding="utf-8"?>
<window id="2007">
    <defaultcontrol>2</defaultcontrol>
    <visible>!SubString(Window(10025).Property(TvTunesIsAlive),True)</visible>
    <controls>
        <!-- media infos -->
        <control type="group" id="1">
            <visible>Player.ShowInfo + Player.HasMedia + !Window.IsActive(PlayerControls)</visible>
            <control type="image" id="1">
                <description>Seekbar Background Image</description>
                <posx>0</posx>
                <posy>0</posy>
                <width>1280</width>
                <height>94</height>
                <visible>!Window.IsVisible(2004)</visible>
                <texture>black.png</texture>
                <visible>Player.Seeking | Player.DisplayAfterSeek | Player.Paused | Player.Forwarding | Player.Rewinding | Window.IsActive(MusicOSD) | Player.ShowInfo</visible>
            </control>
            <control type="label">
                <description>time Label</description>
                <width>640</width>
                <posx>640</posx>
                <posy>61</posy>
                <height>31</height>
                <aligny>center</aligny>
                <label>$LOCALIZE[31231] [COLOR=white]$INFO[System.Time][/COLOR] </label>
                <align>right</align>
                <font>font64-caps</font>
                <textcolor>lightblue</textcolor>
                <shadowcolor>black</shadowcolor>
                <visible>!Window.IsVisible(2004)</visible>
                <visible>Player.Seeking | Player.DisplayAfterSeek | Player.Paused | Player.Forwarding | Player.Rewinding | Window.IsActive(MusicOSD) | Player.ShowInfo</visible>
            </control>
            <control type="label">
                <description>time Label</description>
                <width>640</width>
                <posx>640</posx>
                <posy>61</posy>
                <height>31</height>
                <aligny>center</aligny>
                <label>I [COLOR=white]$INFO[Player.FinishTime][/COLOR] $LOCALIZE[31232]</label>
                <align>left</align>
                <font>font64-caps</font>
                <textcolor>lightblue</textcolor>
                <shadowcolor>black</shadowcolor>
                <visible>!Window.IsVisible(2004)</visible>
                <visible>Player.Seeking | Player.DisplayAfterSeek | Player.Paused | Player.Forwarding | Player.Rewinding | Window.IsActive(MusicOSD) | Player.ShowInfo</visible>
            </control>
            <control type="label">
                <description>playing</description>
                <posx>0</posx>
                <posy>15.62</posy>
                <width>1280</width>
                <align>center</align>
                <font>font15-caps</font>
                <label>$LOCALIZE[31038]</label>
                <textcolor>white</textcolor>
                <shadowcolor>black</shadowcolor>
                <visible>!Window.IsVisible(2004)</visible>
                <visible>![Player.Paused | Player.Rewinding | Player.Forwarding] + Window.IsActive(MusicOSD)</visible>
            </control>
            <control type="label">
                <description>paused</description>
                <posx>0</posx>
                <posy>15.62</posy>
                <width>1280</width>
                <align>center</align>
                <font>font15-caps</font>
                <label>$LOCALIZE[31039]</label>
                <textcolor>white</textcolor>
                <shadowcolor>black</shadowcolor>
                <visible>!Window.IsVisible(2004)</visible>
                <visible>Player.Paused</visible>
            </control>
            <control type="label">
                <description>rewind 2x</description>
                <posx>0</posx>
                <posy>15.62</posy>
                <width>1280</width>
                <align>center</align>
                <font>font15-caps</font>
                <label>$LOCALIZE[31040]</label>
                <textcolor>white</textcolor>
                <shadowcolor>black</shadowcolor>
                <visible>!Window.IsVisible(2004)</visible>
                <visible>Player.Rewinding2x</visible>
            </control>
            <control type="label">
                <description>forward 2x</description>
                <posx>0</posx>
                <posy>15.62</posy>
                <width>1280</width>
                <align>center</align>
                <font>font15-caps</font>
                <label>$LOCALIZE[31041]</label>
                <textcolor>white</textcolor>
                <shadowcolor>black</shadowcolor>
                <visible>!Window.IsVisible(2004)</visible>
                <visible>Player.Forwarding2x</visible>
            </control>
            <control type="label">
                <description>rewind 4x</description>
                <posx>0</posx>
                <posy>15.62</posy>
                <width>1280</width>
                <align>center</align>
                <font>font15-caps</font>
                <label>$LOCALIZE[31042]</label>
                <textcolor>white</textcolor>
                <shadowcolor>black</shadowcolor>
                <visible>!Window.IsVisible(2004)</visible>
                <visible>Player.Rewinding4x</visible>
            </control>
            <control type="label">
                <description>forward 4x</description>
                <posx>0</posx>
                <posy>15.62</posy>
                <width>1280</width>
                <align>center</align>
                <font>font15-caps</font>
                <label>$LOCALIZE[31043]</label>
                <textcolor>white</textcolor>
                <shadowcolor>black</shadowcolor>
                <visible>!Window.IsVisible(2004)</visible>
                <visible>Player.Forwarding4x</visible>
            </control>
            <control type="label">
                <description>rewind 8x</description>
                <posx>0</posx>
                <posy>15.62</posy>
                <width>1280</width>
                <align>center</align>
                <font>font15-caps</font>
                <label>$LOCALIZE[31044]</label>
                <textcolor>white</textcolor>
                <shadowcolor>black</shadowcolor>
                <visible>!Window.IsVisible(2004)</visible>
                <visible>Player.Rewinding8x</visible>
            </control>
            <control type="label">
                <description>forward 8x</description>
                <posx>0</posx>
                <posy>15.62</posy>
                <width>1280</width>
                <align>center</align>
                <font>font15-caps</font>
                <label>$LOCALIZE[31045]</label>
                <textcolor>white</textcolor>
                <shadowcolor>black</shadowcolor>
                <visible>!Window.IsVisible(2004)</visible>
                <visible>Player.Forwarding8x</visible>
            </control>
            <control type="label">
                <description>rewind 16x</description>
                <posx>0</posx>
                <posy>15.62</posy>
                <width>1280</width>
                <align>center</align>
                <font>font15-caps</font>
                <label>$LOCALIZE[31046]</label>
                <textcolor>white</textcolor>
                <shadowcolor>black</shadowcolor>
                <visible>!Window.IsVisible(2004)</visible>
                <visible>Player.Rewinding16x</visible>
            </control>
            <control type="label">
                <description>forward 16x</description>
                <posx>0</posx>
                <posy>15.62</posy>
                <width>1280</width>
                <align>center</align>
                <font>font15-caps</font>
                <label>$LOCALIZE[31047]</label>
                <textcolor>white</textcolor>
                <shadowcolor>black</shadowcolor>
                <visible>!Window.IsVisible(2004)</visible>
                <visible>Player.Forwarding16x</visible>
            </control>
            <control type="label">
                <description>rewind 32x</description>
                <posx>0</posx>
                <posy>15.62</posy>
                <width>1280</width>
                <align>center</align>
                <font>font15-caps</font>
                <label>$LOCALIZE[31048]</label>
                <textcolor>white</textcolor>
                <shadowcolor>black</shadowcolor>
                <visible>!Window.IsVisible(2004)</visible>
                <visible>Player.Rewinding32x</visible>
            </control>
            <control type="label">
                <description>forward 32x</description>
                <posx>0</posx>
                <posy>15.62</posy>
                <width>1280</width>
                <align>center</align>
                <font>font15-caps</font>
                <label>$LOCALIZE[31049]</label>
                <textcolor>white</textcolor>
                <shadowcolor>black</shadowcolor>
                <visible>!Window.IsVisible(2004)</visible>
                <visible>Player.Forwarding32x</visible>
            </control>
            <!-- progressbar dialog -->
            <control type="label" id="1">
                <description>Time Info Label</description>
                <width>160</width>
                <height>25</height>
                <posx>0</posx>
                <posy>40.62</posy>
                <align>center</align>
                <aligny>center</aligny>
                <label>$INFO[VideoPlayer.Time]</label>
                <font>font15</font>
                <visible>!Window.IsVisible(2004)</visible>
                <visible>Player.Seeking | Player.DisplayAfterSeek | Player.Paused | Player.Forwarding | Player.Rewinding | Window.IsActive(MusicOSD) | Player.ShowInfo</visible>
            </control>
            <control type="label" id="1">
                <description>Time Info Label</description>
                <width>160</width>
                <posx>1120</posx>
                <posy>40.62</posy>
                <height>25</height>
                <align>center</align>
                <aligny>center</aligny>
                <label>$INFO[VideoPlayer.Duration]</label>
                <font>font15</font>
                <visible>!Window.IsVisible(2004)</visible>
                <visible>Player.Seeking | Player.DisplayAfterSeek | Player.Paused | Player.Forwarding | Player.Rewinding | Window.IsActive(MusicOSD) | Player.ShowInfo</visible>
            </control>
            <control type="progress" id="23">
                <description>Progressbar</description>
                <posx>160</posx>
                <posy>40.62</posy>
                <width>960</width>
                <height>28</height>
                <info>Player.Progress</info>
                <texturebg>ProgressBack.png</texturebg>
                <lefttexture>ProgressLeft.png</lefttexture>
                <midtexture>ProgressMid.png</midtexture>
                <righttexture>ProgressRight.png</righttexture>
                <overlaytexture>-</overlaytexture>
                <colordiffuse>DDFFFFFF</colordiffuse>
                <visible>!Window.IsVisible(2004)</visible>
                <visible>Player.Seeking | Player.DisplayAfterSeek | Player.Paused | Player.Forwarding | Player.Rewinding | Window.IsActive(MusicOSD) | Player.ShowInfo</visible>
            </control>
            <control type="slider" id="401">
                <description>Seek Slider</description>
                <posx>160</posx>
                <posy>45.62</posy>
                <width>960</width>
                <height>6</height>
                <texturesliderbar>seekslider.png</texturesliderbar>
                <textureslidernib />
                <textureslidernibfocus />
                <colordiffuse>DDFFFFFF</colordiffuse>
                <onup>1</onup>
                <ondown>1</ondown>
                <onleft>1</onleft>
                <onright>1</onright>
                <visible>!Window.IsVisible(2004)</visible>
                <visible>Player.Seeking | Player.DisplayAfterSeek | Player.Paused | Player.Forwarding | Player.Rewinding | Window.IsActive(MusicOSD) | Player.ShowInfo</visible>
            </control>
            <control type="image" id="1">
                <description>Media Info Background Image</description>
                <posx>-18</posx>
                <posy>506</posy>
                <width>1316</width>
                <height>214</height>
                <texture>OSD.png</texture>
            </control>
            <control type="image" id="1">
                <description>Media Info Background Image</description>
                <posx>-18</posx>
                <posy>506</posy>
                <width>1316</width>
                <height>4</height>
                <texture>separatorosd.png</texture>
            </control>
            <control type="label">
                <description>playing</description>
                <posx>0</posx>
                <posy>15.62</posy>
                <width>1280</width>
                <align>center</align>
                <font>font15-caps</font>
                <label>$LOCALIZE[31038]</label>
                <textcolor>white</textcolor>
                <shadowcolor>black</shadowcolor>
                <visible>!Window.IsVisible(2004)</visible>
                <visible>![Player.Paused | Player.Rewinding | Player.Forwarding]</visible>
            </control>
            <control type="image">
                <description>Cover Image</description>
                <posx>13.33</posx>
                <posy>525</posy>
                <width>249</width>
                <height>176</height>
                <texture fallback="disc.png">$INFO[Player.FolderPath]cdart.png</texture>
                <aspectratio>keep</aspectratio>
                <include>CD Spin</include>
            </control>
            <control type="image">
                <description>Cover Image</description>
                <posx>13.33</posx>
                <posy>512</posy>
                <width>222</width>
                <height>201</height>
                <texture>case1.png</texture>
                <aspectratio>stretch</aspectratio>
                <include>media-infopanel-effect</include>
            </control>
            <control type="image">
                <description>Cover Image</description>
                <posx>44</posx>
                <posy>525</posy>
                <width>180</width>
                <height>176</height>
                <info>MusicPlayer.Cover</info>
                <include>media-infopanel-effect</include>
                <aspectratio>stretch</aspectratio>
            </control>
            <control type="image">
                <description>Cover Image</description>
                <posx>16</posx>
                <posy>515</posy>
                <width>219.55</width>
                <height>196</height>
                <texture>case2.png</texture>
                <include>media-infopanel-effect</include>
                <aspectratio>stretch</aspectratio>
            </control>
            <control type="label">
                <description>title</description>
                <posx>1929</posx>
                <posy>526</posy>
                <width>549</width>
                <height>31</height>
                <aligny>center</aligny>
                <align>right</align>
                <font>special15</font>
                <label>[COLOR=blue]$INFO[MusicPlayer.Title][/COLOR]</label>
                <scroll>true</scroll>
                <animation type="WindowOpen">
                    <effect type="slide" end="-675" tween="cubic" easing="out" delay="1000" time="2000" />
                </animation>
                <animation type="WindowClose">
                    <effect type="slide" start="-675" tween="cubic" easing="out" delay="5000" time="100" />
                </animation>
            </control>
            <control type="label">
                <description>artist</description>
                <posx>1929</posx>
                <posy>558</posy>
                <width>549</width>
                <height>31</height>
                <aligny>center</aligny>
                <align>right</align>
                <font>font04</font>
                <label>[COLOR=white]$LOCALIZE[557]:[/COLOR] $INFO[MusicPlayer.Artist]</label>
                <scroll>true</scroll>
                <animation type="WindowOpen">
                    <effect type="slide" end="-675" tween="cubic" easing="out" delay="1000" time="2000" />
                </animation>
                <animation type="WindowClose">
                    <effect type="slide" start="-675" tween="cubic" easing="out" delay="5000" time="100" />
                </animation>
            </control>
            <control type="label">
                <description>Album</description>
                <posx>1929</posx>
                <posy>589</posy>
                <width>549</width>
                <height>31</height>
                <aligny>center</aligny>
                <align>right</align>
                <font>font04</font>
                <label fallback="416">[COLOR=white]$LOCALIZE[558]:[/COLOR] $INFO[MusicPlayer.Album]</label>
                <scroll>true</scroll>
                <animation type="WindowOpen">
                    <effect type="slide" end="-675" tween="cubic" easing="out" delay="1000" time="2000" />
                </animation>
                <animation type="WindowClose">
                    <effect type="slide" start="-675" tween="cubic" easing="out" delay="5000" time="100" />
                </animation>
            </control>
            <control type="image">
                <description>Rating</description>
                <posx>1524</posx>
                <posy>620</posy>
                <width>407</width>
                <height>31</height>
                <align>right</align>
                <texture>rating0.png</texture>
                <aspectratio align="right">keep</aspectratio>
                <animation type="WindowOpen">
                    <effect type="slide" end="-675" tween="cubic" easing="out" delay="1000" time="2000" />
                </animation>
                <animation type="WindowClose">
                    <effect type="slide" start="-675" tween="cubic" easing="out" delay="5000" time="100" />
                </animation>
            </control>
            <control type="image">
                <description>Rating</description>
                <posx>1524</posx>
                <posy>620</posy>
                <width>407</width>
                <height>31</height>
                <align>right</align>
                <texture>$INFO[Player.StarRating]</texture>
                <aspectratio align="right">keep</aspectratio>
                <animation type="WindowOpen">
                    <effect type="slide" end="-675" tween="cubic" easing="out" delay="1000" time="2000" />
                </animation>
                <animation type="WindowClose">
                    <effect type="slide" start="-675" tween="cubic" easing="out" delay="5000" time="100" />
                </animation>
            </control>
            <control type="label">
                <description>Track Number</description>
                <posx>1929</posx>
                <posy>651</posy>
                <width>549</width>
                <height>31</height>
                <font>font04</font>
                <align>right</align>
                <aligny>center</aligny>
                <label>$INFO[musicplayer.Playlistposition,[COLOR=white]$LOCALIZE[182]:[/COLOR] ] $INFO[musicplayer.Playlistlength, / ]</label>
                <scroll>true</scroll>
                <animation type="WindowOpen">
                    <effect type="slide" end="-675" tween="cubic" easing="out" delay="1000" time="2000" />
                </animation>
                <animation type="WindowClose">
                    <effect type="slide" start="-675" tween="cubic" easing="out" delay="5000" time="100" />
                </animation>
            </control>
            <control type="label">
                <posx>1929</posx>
                <posy>682</posy>
                <width>549</width>
                <height>31</height>
                <font>font04</font>
                <align>right</align>
                <aligny>center</aligny>
                <animation type="WindowOpen">
                    <effect type="slide" end="-675" tween="cubic" easing="out" delay="1000" time="2000" />
                </animation>
                <animation type="WindowClose">
                    <effect type="slide" start="-675" tween="cubic" easing="out" delay="5000" time="100" />
                </animation>
                <label>[COLOR=blue]$LOCALIZE[209]:  [/COLOR]$INFO[MusicPlayer.offset(1).Title] ($INFO[MusicPlayer.offset(1).Artist])</label>
                <scroll>true</scroll>
            </control>
        </control>
        <control type="group">
            <visible>Player.HasMedia + Window.IsActive(PlayerControls)</visible>
            <control type="image" id="1">
                <description>Seekbar Background Image</description>
                <posx>0</posx>
                <posy>0</posy>
                <width>1280</width>
                <height>94</height>
                <visible>!Window.IsVisible(2004)</visible>
                <texture>black.png</texture>
                <visible>Player.Seeking | Player.DisplayAfterSeek | Player.Paused | Player.Forwarding | Player.Rewinding | Window.IsActive(MusicOSD) | Player.ShowInfo | Window.IsActive(PlayerControls)</visible>
            </control>
            <control type="label">
                <description>time Label</description>
                <width>640</width>
                <posx>640</posx>
                <posy>61</posy>
                <height>31</height>
                <aligny>center</aligny>
                <label>$LOCALIZE[31231] [COLOR=white]$INFO[System.Time][/COLOR] </label>
                <align>right</align>
                <font>font64-caps</font>
                <textcolor>lightblue</textcolor>
                <shadowcolor>black</shadowcolor>
                <visible>!Window.IsVisible(2004)</visible>
                <visible>Player.Seeking | Player.DisplayAfterSeek | Player.Paused | Player.Forwarding | Player.Rewinding | Window.IsActive(MusicOSD) | Player.ShowInfo | Window.IsActive(PlayerControls)</visible>
            </control>
            <control type="label">
                <description>time Label</description>
                <width>640</width>
                <posx>640</posx>
                <posy>61</posy>
                <height>31</height>
                <aligny>center</aligny>
                <label>I [COLOR=white]$INFO[Player.FinishTime][/COLOR] $LOCALIZE[31232]</label>
                <align>left</align>
                <font>font64-caps</font>
                <textcolor>lightblue</textcolor>
                <shadowcolor>black</shadowcolor>
                <visible>!Window.IsVisible(2004)</visible>
                <visible>Player.Seeking | Player.DisplayAfterSeek | Player.Paused | Player.Forwarding | Player.Rewinding | Window.IsActive(MusicOSD) | Player.ShowInfo | Window.IsActive(PlayerControls)</visible>
            </control>
            <control type="label">
                <description>playing</description>
                <posx>0</posx>
                <posy>15.62</posy>
                <width>1280</width>
                <align>center</align>
                <font>font15-caps</font>
                <label>$LOCALIZE[31038]</label>
                <textcolor>white</textcolor>
                <shadowcolor>black</shadowcolor>
                <visible>!Window.IsVisible(2004)</visible>
                <visible>![Player.Paused | Player.Rewinding | Player.Forwarding]</visible>
            </control>
            <control type="label">
                <description>paused</description>
                <posx>0</posx>
                <posy>15.62</posy>
                <width>1280</width>
                <align>center</align>
                <font>font15-caps</font>
                <label>$LOCALIZE[31039]</label>
                <textcolor>white</textcolor>
                <shadowcolor>black</shadowcolor>
                <visible>!Window.IsVisible(2004)</visible>
                <visible>Player.Paused</visible>
            </control>
            <control type="label">
                <description>rewind 2x</description>
                <posx>0</posx>
                <posy>15.62</posy>
                <width>1280</width>
                <align>center</align>
                <font>font15-caps</font>
                <label>$LOCALIZE[31040]</label>
                <textcolor>white</textcolor>
                <shadowcolor>black</shadowcolor>
                <visible>!Window.IsVisible(2004)</visible>
                <visible>Player.Rewinding2x</visible>
            </control>
            <control type="label">
                <description>forward 2x</description>
                <posx>0</posx>
                <posy>15.62</posy>
                <width>1280</width>
                <align>center</align>
                <font>font15-caps</font>
                <label>$LOCALIZE[31041]</label>
                <textcolor>white</textcolor>
                <shadowcolor>black</shadowcolor>
                <visible>!Window.IsVisible(2004)</visible>
                <visible>Player.Forwarding2x</visible>
            </control>
            <control type="label">
                <description>rewind 4x</description>
                <posx>0</posx>
                <posy>15.62</posy>
                <width>1280</width>
                <align>center</align>
                <font>font15-caps</font>
                <label>$LOCALIZE[31042]</label>
                <textcolor>white</textcolor>
                <shadowcolor>black</shadowcolor>
                <visible>!Window.IsVisible(2004)</visible>
                <visible>Player.Rewinding4x</visible>
            </control>
            <control type="label">
                <description>forward 4x</description>
                <posx>0</posx>
                <posy>15.62</posy>
                <width>1280</width>
                <align>center</align>
                <font>font15-caps</font>
                <label>$LOCALIZE[31043]</label>
                <textcolor>white</textcolor>
                <shadowcolor>black</shadowcolor>
                <visible>!Window.IsVisible(2004)</visible>
                <visible>Player.Forwarding4x</visible>
            </control>
            <control type="label">
                <description>rewind 8x</description>
                <posx>0</posx>
                <posy>15.62</posy>
                <width>1280</width>
                <align>center</align>
                <font>font15-caps</font>
                <label>$LOCALIZE[31044]</label>
                <textcolor>white</textcolor>
                <shadowcolor>black</shadowcolor>
                <visible>!Window.IsVisible(2004)</visible>
                <visible>Player.Rewinding8x</visible>
            </control>
            <control type="label">
                <description>forward 8x</description>
                <posx>0</posx>
                <posy>15.62</posy>
                <width>1280</width>
                <align>center</align>
                <font>font15-caps</font>
                <label>$LOCALIZE[31045]</label>
                <textcolor>white</textcolor>
                <shadowcolor>black</shadowcolor>
                <visible>!Window.IsVisible(2004)</visible>
                <visible>Player.Forwarding8x</visible>
            </control>
            <control type="label">
                <description>rewind 16x</description>
                <posx>0</posx>
                <posy>15.62</posy>
                <width>1280</width>
                <align>center</align>
                <font>font15-caps</font>
                <label>$LOCALIZE[31046]</label>
                <textcolor>white</textcolor>
                <shadowcolor>black</shadowcolor>
                <visible>!Window.IsVisible(2004)</visible>
                <visible>Player.Rewinding16x</visible>
            </control>
            <control type="label">
                <description>forward 16x</description>
                <posx>0</posx>
                <posy>15.62</posy>
                <width>1280</width>
                <align>center</align>
                <font>font15-caps</font>
                <label>$LOCALIZE[31047]</label>
                <textcolor>white</textcolor>
                <shadowcolor>black</shadowcolor>
                <visible>!Window.IsVisible(2004)</visible>
                <visible>Player.Forwarding16x</visible>
            </control>
            <control type="label">
                <description>rewind 32x</description>
                <posx>0</posx>
                <posy>15.62</posy>
                <width>1280</width>
                <align>center</align>
                <font>font15-caps</font>
                <label>$LOCALIZE[31048]</label>
                <textcolor>white</textcolor>
                <shadowcolor>black</shadowcolor>
                <visible>!Window.IsVisible(2004)</visible>
                <visible>Player.Rewinding32x</visible>
            </control>
            <control type="label">
                <description>forward 32x</description>
                <posx>0</posx>
                <posy>15.62</posy>
                <width>1280</width>
                <align>center</align>
                <font>font15-caps</font>
                <label>$LOCALIZE[31049]</label>
                <textcolor>white</textcolor>
                <shadowcolor>black</shadowcolor>
                <visible>!Window.IsVisible(2004)</visible>
                <visible>Player.Forwarding32x</visible>
            </control>
            <!-- progressbar dialog -->
            <control type="label" id="1">
                <description>Time Info Label</description>
                <width>160</width>
                <height>25</height>
                <posx>0</posx>
                <posy>40.62</posy>
                <align>center</align>
                <aligny>center</aligny>
                <label>$INFO[VideoPlayer.Time]</label>
                <font>font15</font>
                <visible>!Window.IsVisible(2004)</visible>
                <visible>Player.Seeking | Player.DisplayAfterSeek | Player.Paused | Player.Forwarding | Player.Rewinding | Window.IsActive(MusicOSD) | Player.ShowInfo | Window.IsActive(PlayerControls)</visible>
            </control>
            <control type="label" id="1">
                <description>Time Info Label</description>
                <width>160</width>
                <posx>1120</posx>
                <posy>40.62</posy>
                <height>25</height>
                <align>center</align>
                <aligny>center</aligny>
                <label>$INFO[VideoPlayer.Duration]</label>
                <font>font15</font>
                <visible>!Window.IsVisible(2004)</visible>
                <visible>Player.Seeking | Player.DisplayAfterSeek | Player.Paused | Player.Forwarding | Player.Rewinding | Window.IsActive(MusicOSD) | Player.ShowInfo | Window.IsActive(PlayerControls)</visible>
            </control>
            <control type="progress" id="23">
                <description>Progressbar</description>
                <posx>160</posx>
                <posy>40.62</posy>
                <width>960</width>
                <height>28</height>
                <info>Player.Progress</info>
                <texturebg>ProgressBack.png</texturebg>
                <lefttexture>ProgressLeft.png</lefttexture>
                <midtexture>ProgressMid.png</midtexture>
                <righttexture>ProgressRight.png</righttexture>
                <overlaytexture>-</overlaytexture>
                <colordiffuse>DDFFFFFF</colordiffuse>
                <visible>!Window.IsVisible(2004)</visible>
                <visible>Player.Seeking | Player.DisplayAfterSeek | Player.Paused | Player.Forwarding | Player.Rewinding | Window.IsActive(MusicOSD) | Player.ShowInfo | Window.IsActive(PlayerControls)</visible>
            </control>
            <control type="slider" id="401">
                <description>Seek Slider</description>
                <posx>160</posx>
                <posy>45.62</posy>
                <width>960</width>
                <height>6</height>
                <texturesliderbar>seekslider.png</texturesliderbar>
                <textureslidernib />
                <textureslidernibfocus />
                <colordiffuse>DDFFFFFF</colordiffuse>
                <onup>1</onup>
                <ondown>1</ondown>
                <onleft>1</onleft>
                <onright>1</onright>
                <visible>!Window.IsVisible(2004)</visible>
                <visible>Player.Seeking | Player.DisplayAfterSeek | Player.Paused | Player.Forwarding | Player.Rewinding | Window.IsActive(MusicOSD) | Player.ShowInfo | Window.IsActive(PlayerControls)</visible>
            </control>
            <control type="image" id="1">
                <description>Media Info Background Image</description>
                <posx>-18</posx>
                <posy>651</posy>
                <width>1316</width>
                <height>69</height>
                <texture>black.png</texture>
            </control>
            <control type="image" id="1">
                <description>Media Info Background Image</description>
                <posx>-18</posx>
                <posy>651</posy>
                <width>1316</width>
                <height>4</height>
                <texture>separatorosd.png</texture>
            </control>
        </control>
    </controls>
</window>