<?xml version="1.0" encoding="utf-8"?>
<window id="129">
    <defaultcontrol always="true">22</defaultcontrol>
    <coordinates>
        <system>1</system>
    </coordinates>
    <controls>
        <control type="group">
            <animation effect="slide" time="600" start="1155,0" end="0,0" condition="!Skin.HasSetting(animated)">WindowOpen</animation>
            <animation effect="slide" time="600" start="0,0" end="1297,0" condition="!Skin.HasSetting(animated)">WindowClose</animation>
            <control type="image">
                <description>background</description>
                <posx>0</posx>
                <posy>0</posy>
                <width>1280</width>
                <height>720</height>
                <texture>blackgloss.png</texture>
                <aspectratio>stretch</aspectratio>
            </control>
            <control type="image" id="1">
                <description>Profile Background</description>
                <posx>27</posx>
                <posy>94</posy>
                <width>1227</width>
                <height>529</height>
                <texture>background2.png</texture>
                <bordertexture>white.png</bordertexture>
                <bordersize>1.25,1.77,2.5,3.54</bordersize>
                <aspectratio>stretch</aspectratio>
            </control>
            <control type="label">
                <description>heading label</description>
                <posx>53</posx>
                <posy>106</posy>
                <width>1173</width>
                <align>left</align>
                <font>special16</font>
                <label>21432</label>
                <textcolor>white</textcolor>
                <shadowcolor>black</shadowcolor>
            </control>
            <control type="group">
                <posx>36</posx>
                <posy>119</posy>
                <control type="label" id="0">
                    <description>Name Label</description>
                    <posx>18</posx>
                    <posy>38</posy>
                    <width>1173</width>
                    <font>font12</font>
                    <align>left</align>
                    <label>21433</label>
                    <textcolor>grey</textcolor>
                    <shadowcolor>black</shadowcolor>
                </control>
                <control type="button" id="12">
                    <description>Name Button</description>
                    <posx>18</posx>
                    <posy>69</posy>
                    <width>1173</width>
                    <height>40</height>
                    <font>font12</font>
                    <textoffsetx>21</textoffsetx>
                    <textwidth>380</textwidth>
                    <aligny>center</aligny>
                    <texturefocus>input-focus.png</texturefocus>
                    <texturenofocus>input-nofocus.png</texturenofocus>
                    <label>-</label>
                    <onup>9001</onup>
                    <onleft>12</onleft>
                    <onright>12</onright>
                    <ondown>10</ondown>
                </control>
                <control type="label">
                    <description>rules label</description>
                    <posx>18</posx>
                    <posy>119</posy>
                    <width>1173</width>
                    <align>left</align>
                    <font>font12</font>
                    <label>21434</label>
                    <textcolor>grey</textcolor>
                    <shadowcolor>black</shadowcolor>
                </control>
                <control type="list" id="10">
                    <description>Rules List Control</description>
                    <posx>18</posx>
                    <posy>150</posy>
                    <width>996</width>
                    <height>128</height>
                    <onup>12</onup>
                    <onleft>9000</onleft>
                    <onright>9000</onright>
                    <ondown>16</ondown>
                    <itemlayout width="978" height="42">
                        <control type="image">
                            <posx>0</posx>
                            <posy>0</posy>
                            <width>978</width>
                            <height>40</height>
                            <texture>input-nofocus.png</texture>
                        </control>
                        <control type="label">
                            <posx>18</posx>
                            <posy>0</posy>
                            <width>942</width>
                            <height>40</height>
                            <aligny>center</aligny>
                            <info>ListItem.Label</info>
                            <selectedcolor>white</selectedcolor>
                            <font>font12</font>
                        </control>
                    </itemlayout>
                    <focusedlayout width="978" height="42">
                        <control type="image">
                            <posx>0</posx>
                            <posy>0</posy>
                            <width>978</width>
                            <height>40</height>
                            <texture>input-focus.png</texture>
                            <visible>Control.HasFocus(10)</visible>
                        </control>
                        <control type="image">
                            <posx>0</posx>
                            <posy>0</posy>
                            <width>978</width>
                            <height>40</height>
                            <texture>input-nofocus.png</texture>
                            <visible>!Control.HasFocus(10)</visible>
                        </control>
                        <control type="label">
                            <posx>18</posx>
                            <posy>0</posy>
                            <width>942</width>
                            <height>40</height>
                            <aligny>center</aligny>
                            <info>ListItem.Label</info>
                            <selectedcolor>white</selectedcolor>
                            <font>font12</font>
                        </control>
                    </focusedlayout>
                </control>
                <control type="group" id="9000">
                    <control type="button" id="13">
                        <description>Add Rule Button</description>
                        <posx>1013</posx>
                        <posy>150</posy>
                        <height>40</height>
                        <width>178</width>
                        <font>font12</font>
                        <textoffsetx>21</textoffsetx>
                        <label>15019</label>
                        <align>center</align>
                        <aligny>center</aligny>
                        <texturenofocus>button-nofocus.png</texturenofocus>
                        <texturefocus>button-focus.png</texturefocus>
                        <onup>17</onup>
                        <onleft>10</onleft>
                        <onright>10</onright>
                        <ondown>14</ondown>
                    </control>
                    <control type="button" id="14">
                        <description>Remove Rule Button</description>
                        <posx>1013</posx>
                        <posy>192</posy>
                        <height>40</height>
                        <width>178</width>
                        <font>font12</font>
                        <textoffsetx>21</textoffsetx>
                        <label>1210</label>
                        <align>center</align>
                        <aligny>center</aligny>
                        <texturenofocus>button-nofocus.png</texturenofocus>
                        <texturefocus>button-focus.png</texturefocus>
                        <onup>13</onup>
                        <onleft>10</onleft>
                        <onright>10</onright>
                        <ondown>15</ondown>
                    </control>
                    <control type="button" id="15">
                        <description>Edit Rule Button</description>
                        <posx>1013</posx>
                        <posy>235</posy>
                        <height>40</height>
                        <width>178</width>
                        <font>font12</font>
                        <textoffsetx>21</textoffsetx>
                        <label>21435</label>
                        <align>center</align>
                        <aligny>center</aligny>
                        <texturenofocus>button-nofocus.png</texturenofocus>
                        <texturefocus>button-focus.png</texturefocus>
                        <onup>14</onup>
                        <onleft>10</onleft>
                        <onright>10</onright>
                        <ondown>16</ondown>
                    </control>
                </control>
                <control type="spincontrolex" id="16">
                    <posx>18</posx>
                    <posy>288</posy>
                    <width>1173</width>
                    <label>21424</label>
                    <font>font12</font>
                    <height>40</height>
                    <texturefocus border="3">input-focus.png</texturefocus>
                    <texturenofocus border="3">input-nofocus.png</texturenofocus>
                    <onright>16</onright>
                    <onleft>16</onleft>
                    <onup>10</onup>
                    <ondown>17</ondown>
                </control>
                <control type="spincontrolex" id="17">
                    <posx>18</posx>
                    <posy>338</posy>
                    <width>1173</width>
                    <label>21427</label>
                    <font>font12</font>
                    <height>40</height>
                    <texturefocus border="3">input-focus.png</texturefocus>
                    <texturenofocus border="3">input-nofocus.png</texturenofocus>
                    <onright>17</onright>
                    <onleft>17</onleft>
                    <onup>16</onup>
                    <ondown>18</ondown>
                </control>
                <control type="spincontrolex" id="18">
                    <posx>18</posx>
                    <posy>388</posy>
                    <width>978</width>
                    <label>21429</label>
                    <font>font12</font>
                    <height>40</height>
                    <texturefocus border="3">input-focus.png</texturefocus>
                    <texturenofocus border="3">input-nofocus.png</texturenofocus>
                    <onright>19</onright>
                    <onleft>19</onleft>
                    <onup>17</onup>
                    <ondown>9001</ondown>
                </control>
                <control type="togglebutton" id="19">
                    <posx>1013</posx>
                    <posy>388</posy>
                    <width>178</width>
                    <height>40</height>
                    <font>font12</font>
                    <textoffsetx>14</textoffsetx>
                    <align>center</align>
                    <aligny>center</aligny>
                    <texturefocus border="3">input-focus.png</texturefocus>
                    <texturenofocus border="3">input-nofocus.png</texturenofocus>
                    <alttexturefocus border="3">input-focus.png</alttexturefocus>
                    <alttexturenofocus border="3">input-nofocus.png</alttexturenofocus>
                    <label>21431</label>
                    <altlabel>21430</altlabel>
                    <onright>18</onright>
                    <onleft>18</onleft>
                    <onup>17</onup>
                    <ondown>9001</ondown>
                </control>
                <control type="group" id="9001">
                    <control type="button" id="20">
                        <description>Ok Button</description>
                        <posx>818</posx>
                        <posy>444</posy>
                        <width>178</width>
                        <height>40</height>
                        <font>font12</font>
                        <textoffsetx>21</textoffsetx>
                        <align>center</align>
                        <aligny>center</aligny>
                        <texturenofocus>button-nofocus.png</texturenofocus>
                        <texturefocus>button-focus.png</texturefocus>
                        <label>186</label>
                        <onup>18</onup>
                        <onleft>22</onleft>
                        <onright>21</onright>
                        <ondown>12</ondown>
                    </control>
                    <control type="button" id="21">
                        <description>Cancel Button</description>
                        <posx>1013</posx>
                        <posy>444</posy>
                        <width>178</width>
                        <height>40</height>
                        <font>font12</font>
                        <textoffsetx>21</textoffsetx>
                        <align>center</align>
                        <aligny>center</aligny>
                        <texturenofocus>button-nofocus.png</texturenofocus>
                        <texturefocus>button-focus.png</texturefocus>
                        <label>222</label>
                        <onup>18</onup>
                        <onleft>20</onleft>
                        <onright>20</onright>
                        <ondown>12</ondown>
                    </control>
                    <control type="spincontrolex" id="22">
                        <posx>18</posx>
                        <posy>444</posy>
                        <width>782</width>
                        <height>40</height>
                        <label>467</label>
                        <font>font12</font>
                        <texturefocus border="3">input-focus.png</texturefocus>
                        <texturenofocus border="3">input-nofocus.png</texturenofocus>
                        <onright>20</onright>
                        <onleft>21</onleft>
                        <onup>18</onup>
                        <ondown>10</ondown>
                    </control>
                </control>
            </control>
        </control>
    </controls>
</window>