<?xml version="1.0" encoding="utf-8"?>
<window id="129">
    <defaultcontrol>15</defaultcontrol>
    <coordinates>
        <system>1</system>
        <posx>293</posx>
        <posy>250</posy>
    </coordinates>
    <controls>
        <control type="image" id="0">
            <posx>-293</posx>
            <posy>-250</posy>
            <width>1280</width>
            <height>720</height>
            <texture>black.png</texture>
            <animation effect="fade" time="500">WindowOpen</animation>
        </control>
        <control type="image" id="0">
            <posx>4</posx>
            <posy>0</posy>
            <width>693</width>
            <height>250</height>
            <texture>keyboard-panel.png</texture>
        </control>
        <control type="label">
            <description>heading label</description>
            <posx>36</posx>
            <posy>16</posy>
            <width>853</width>
            <align>left</align>
            <font>special13</font>
            <label>21421</label>
            <textcolor>white</textcolor>
            <shadowcolor>black</shadowcolor>
        </control>
        <control type="label" id="0">
            <description>Rule match label</description>
            <posx>36</posx>
            <posy>50</posy>
            <width>853</width>
            <font>font12</font>
            <label>21422</label>
        </control>
        <control type="group" id="9001">
            <control type="spincontrolex" id="15">
                <description>Rule Field</description>
                <posx>36</posx>
                <posy>81</posy>
                <width>315.55</width>
                <textoffsetx>9</textoffsetx>
                <textwidth>255</textwidth>
                <align>left</align>
                <aligny>center</aligny>
                <font>font12</font>
                <texturefocus border="1.25">input-focus.png</texturefocus>
                <texturenofocus border="1.25">input-nofocus.png</texturenofocus>
                <onright>16</onright>
                <onleft>16</onleft>
                <onup>9000</onup>
                <ondown>17</ondown>
            </control>
            <control type="spincontrolex" id="16">
                <description>Rule operator</description>
                <posx>359.99</posx>
                <posy>81</posy>
                <width>315.55</width>
                <textoffsetx>9</textoffsetx>
                <textwidth>255</textwidth>
                <align>left</align>
                <aligny>center</aligny>
                <font>font12</font>
                <texturefocus border="1.25">input-focus.png</texturefocus>
                <texturenofocus border="1.25">input-nofocus.png</texturenofocus>
                <font>font12</font>
                <onright>15</onright>
                <onleft>15</onleft>
                <onup>9000</onup>
                <ondown>17</ondown>
            </control>
        </control>
        <control type="button" id="17">
            <description>Value Button</description>
            <posx>36</posx>
            <posy>131</posy>
            <width>471</width>
            <height>40</height>
            <font>font12</font>
            <textoffsetx>9</textoffsetx>
            <textwidth>255</textwidth>
            <align>left</align>
            <aligny>center</aligny>
            <texturefocus border="1.25">input-focus.png</texturefocus>
            <texturenofocus border="1.25">input-nofocus.png</texturenofocus>
            <label>-</label>
            <onup>9001</onup>
            <onleft>20</onleft>
            <onright>20</onright>
            <ondown>9000</ondown>
        </control>
        <control type="button" id="20">
            <description>Browse Button</description>
            <posx>516</posx>
            <posy>131</posy>
            <width>160</width>
            <height>40</height>
            <font>font12</font>
            <textoffsetx>21</textoffsetx>
            <align>center</align>
            <aligny>center</aligny>
            <texturefocus border="1.25">input-focus.png</texturefocus>
            <texturenofocus border="1.25">input-nofocus.png</texturenofocus>
            <label>1024</label>
            <onup>9001</onup>
            <onleft>17</onleft>
            <onright>17</onright>
            <ondown>9000</ondown>
        </control>
        <control type="group" id="9000">
            <control type="button" id="18">
                <description>Ok Button</description>
                <posx>347</posx>
                <posy>181</posy>
                <width>160</width>
                <height>40</height>
                <font>font12</font>
                <textoffsetx>21</textoffsetx>
                <align>center</align>
                <aligny>center</aligny>
                <texturenofocus>button-nofocus.png</texturenofocus>
                <texturefocus>button-focus.png</texturefocus>
                <label>186</label>
                <onup>17</onup>
                <onleft>19</onleft>
                <onright>19</onright>
                <ondown>9001</ondown>
            </control>
            <control type="button" id="19">
                <description>Cancel Button</description>
                <posx>516</posx>
                <posy>181</posy>
                <width>160</width>
                <height>40</height>
                <font>font12</font>
                <textoffsetx>21</textoffsetx>
                <align>center</align>
                <aligny>center</aligny>
                <texturenofocus>button-nofocus.png</texturenofocus>
                <texturefocus>button-focus.png</texturefocus>
                <label>222</label>
                <onup>17</onup>
                <onleft>18</onleft>
                <onright>19</onright>
                <ondown>9001</ondown>
            </control>
        </control>
    </controls>
</window>