<?xml version="1.0" encoding="utf-8"?>
<window id="127">
    <defaultcontrol>1</defaultcontrol>
    <visible>Window.IsActive(127)</visible>
    <coordinates>
        <system>1</system>
        <posx>276</posx>
        <posy>165</posy>
    </coordinates>
    <controls>
        <control type="image" id="0">
            <posx>-533</posx>
            <posy>-375</posy>
            <width>2311</width>
            <height>1625</height>
            <texture>black.png</texture>
            <animation effect="fade" time="2000">WindowOpen</animation>
        </control>
        <control type="image" id="1">
            <description>background image</description>
            <posx>-44</posx>
            <posy>-14</posy>
            <width>793</width>
            <height>506</height>
            <texture>Plot panel.png</texture>
        </control>
        <control type="label" id="2">
            <description>Settings Label</description>
            <posx>0</posx>
            <posy>2</posy>
            <width>747</width>
            <align>left</align>
            <font>special13</font>
            <textcolor>white</textcolor>
            <shadowcolor>black</shadowcolor>
        </control>
        <control type="label" id="3">
            <description>No Settings Label</description>
            <posx>0</posx>
            <posy>212</posy>
            <width>725</width>
            <align>center</align>
            <label>12016</label>
            <font>font12</font>
        </control>
        <control type="spincontrol" id="60">
            <description>Next page button</description>
            <posx>660</posx>
            <posy>10</posy>
            <subtype>page</subtype>
            <font>font12</font>
            <onleft>5</onleft>
            <onright>28</onright>
            <ondown>5</ondown>
            <onup>28</onup>
            <showonepage>false</showonepage>
        </control>
        <control type="grouplist" id="5">
            <description>control area</description>
            <posx>-2</posx>
            <posy>50</posy>
            <width>725</width>
            <height>338</height>
            <itemgap>0</itemgap>
            <pagecontrol>60</pagecontrol>
            <onleft>28</onleft>
            <onright>60</onright>
            <onup>28</onup>
            <ondown>28</ondown>
        </control>
        <control type="button" id="7">
            <description>Default Button</description>
            <posx>942</posx>
            <posy>188</posy>
            <height>39</height>
            <font>font12</font>
            <textoffsetx>21</textoffsetx>
            <aligny>center</aligny>
            <texturefocus>input-focus.png</texturefocus>
            <texturenofocus>-</texturenofocus>
        </control>
        <control type="radiobutton" id="8">
            <description>Default RadioButton</description>
            <posx>942</posx>
            <posy>188</posy>
            <height>39</height>
            <font>font12</font>
            <texturefocus>input-focus.png</texturefocus>
            <texturenofocus>-</texturenofocus>
            <textoffsetx>21</textoffsetx>
            <aligny>center</aligny>
        </control>
        <control type="spincontrolex" id="9">
            <description>Default SpinControlex</description>
            <posx>942</posx>
            <posy>188</posy>
            <height>39</height>
            <width>533</width>
            <texturefocus>input-focus.png</texturefocus>
            <texturenofocus>-</texturenofocus>
            <textureup>scroll-up.png</textureup>
            <texturedown>scroll-down.png</texturedown>
            <textureupfocus>scroll-up-focus.png</textureupfocus>
            <texturedownfocus>scroll-down-focus.png</texturedownfocus>
            <font>font12</font>
            <textcolor>white</textcolor>
            <shadowcolor>black</shadowcolor>
            <disabledcolor>disabled</disabledcolor>
            <textoffsetx>21</textoffsetx>
            <aligny>center</aligny>
            <reverse>yes</reverse>
        </control>
        <control type="sliderex" id="10">
            <description>Default Slider</description>
            <posx>2720</posx>
            <posy>188</posy>
            <height>39</height>
            <width>533</width>
            <texturefocus>input-focus.png</texturefocus>
            <texturenofocus>-</texturenofocus>
            <sliderwidth>100</sliderwidth>
            <sliderheight>20</sliderheight>
            <texturesliderbar>osd_slider_bg.png</texturesliderbar>
            <textureslidernib>osd_slider_nibNF.png</textureslidernib>
            <textureslidernibfocus>osd_slider_nibFO.png</textureslidernibfocus>
            <font>font12</font>
            <textcolor>white</textcolor>
            <shadowcolor>black</shadowcolor>
            <disabledcolor>disabled</disabledcolor>
            <textoffsetx>21</textoffsetx>
        </control>
        <control type="image" id="11">
            <description>separator image</description>
            <width>622</width>
            <height>6</height>
            <texture>separatorOSD.png</texture>
        </control>
        <control type="button" id="28">
            <description>OK button</description>
            <posx>396</posx>
            <posy>406</posy>
            <width>160</width>
            <height>40</height>
            <align>center</align>
            <label>186</label>
            <font>font10</font>
            <texturenofocus>keyboard-btn-backspace.png</texturenofocus>
            <texturefocus>keyboard-btn-backspace-focus.png</texturefocus>
            <onleft>29</onleft>
            <onright>29</onright>
            <onup>5</onup>
            <ondown>5</ondown>
        </control>
        <control type="button" id="29">
            <description>Cancel button</description>
            <posx>565</posx>
            <posy>406</posy>
            <width>160</width>
            <height>40</height>
            <align>center</align>
            <label>222</label>
            <font>font10</font>
            <texturenofocus>keyboard-btn-backspace.png</texturenofocus>
            <texturefocus>keyboard-btn-backspace-focus.png</texturefocus>
            <onleft>28</onleft>
            <onright>28</onright>
            <onup>5</onup>
            <ondown>5</ondown>
        </control>
    </controls>
</window>