<?xml version="1.0" encoding="utf-8"?>
<window id="125">
    <defaultcontrol>2</defaultcontrol>
    <include>dialog-effect</include>
    <coordinates>
        <system>1</system>
        <origin x="272" y="157">true</origin>
    </coordinates>
    <controls>
        <control type="image">
            <description>Background Image</description>
            <posx>4.44</posx>
            <posy>31.25</posy>
            <width>737.45</width>
            <height>400.00</height>
            <texture>black.png</texture>
        </control>
        <control type="image">
            <description>Background Header Image</description>
            <posx>4.44</posx>
            <posy>-6.25</posy>
            <width>737.45</width>
            <height>38.75</height>
            <texture>background2.png</texture>
            <colordiffuse>AAffffff</colordiffuse>
        </control>
        <control type="label">
            <description>Settings Label</description>
            <posx>4.44</posx>
            <posy>-6.25</posy>
            <label>13398</label>
            <width>737.45</width>
            <height>38.75</height>
            <align>center</align>
            <aligny>center</aligny>
            <font>Home-Heading-S</font>
            <textcolor>lightblue</textcolor>
        </control>
        <control type="grouplist" id="9000">
            <posx>7.44</posx>
            <posy>387.50</posy>
            <width>731.45</width>
            <height>38.75</height>
            <itemgap>5</itemgap>
            <align>center</align>
            <orientation>horizontal</orientation>
            <onleft>9000</onleft>
            <onright>9000</onright>
            <onup>11</onup>
            <ondown>11</ondown>
            <control type="button" id="2">
                <description>Create Bookmark Button</description>
                <width>240.48</width>
                <height>38.75</height>
                <font>font12</font>
                <textoffsetx>21.32</textoffsetx>
                <colordiffuse>99ffffff</colordiffuse>
                <aligny>center</aligny>
                <align>center</align>
                <label>294</label>
                <textcolor>white</textcolor>
                <shadowcolor>black</shadowcolor>
                <onleft>4</onleft>
                <onright>3</onright>
                <ondown>11</ondown>
                <onup>11</onup>
            </control>
            <control type="button" id="3">
                <description>Clear Bookmarks Button</description>
                <width>240.48</width>
                <height>38.75</height>
                <font>font12</font>
                <colordiffuse>99ffffff</colordiffuse>
                <aligny>center</aligny>
                <align>center</align>
                <label>296</label>
                <textcolor>white</textcolor>
                <shadowcolor>black</shadowcolor>
                <onleft>2</onleft>
                <onright>4</onright>
                <ondown>11</ondown>
                <onup>11</onup>
            </control>
            <control type="button" id="4">
                <description>Clear Bookmark button</description>
                <label>20406</label>
                <width>234.48</width>
                <height>38.75</height>
                <font>font12</font>
                <colordiffuse>99ffffff</colordiffuse>
                <aligny>center</aligny>
                <align>center</align>
                <textcolor>white</textcolor>
                <shadowcolor>black</shadowcolor>
                <onleft>3</onleft>
                <onright>2</onright>
                <ondown>11</ondown>
                <onup>11</onup>
                <visible>videoplayer.content(episodes)</visible>
            </control>
        </control>
        <control type="panel" id="11">
            <posx>17.77</posx>
            <posy>37.50</posy>
            <width>710.80</width>
            <height>337.50</height>
            <onleft>2</onleft>
            <onright>3</onright>
            <ondown>2</ondown>
            <onup>2</onup>
            <scrolltime tween="sine" easing="inout">200</scrolltime>
            <viewtype label="536">icon</viewtype>
            <pagecontrol>-</pagecontrol>
            <itemlayout height="112.50" width="236.92">
                <control type="image">
                    <posx>1.77</posx>
                    <posy>1.25</posy>
                    <width>233.37</width>
                    <height>110</height>
                    <texture border="6.25">input-nofocus.png</texture>
                </control>
                <control type="image">
                    <posx>10.66</posx>
                    <posy>7.70</posy>
                    <width>215.60</width>
                    <height>97.50</height>
                    <info>ListItem.icon</info>
                </control>
                <control type="label">
                    <posx>118.46</posx>
                    <posy>88.75</posy>
                    <width>215.60</width>
                    <height>12.50</height>
                    <font>font12</font>
                    <selectedcolor>white</selectedcolor>
                    <align>center</align>
                    <info>ListItem.Label</info>
                </control>
            </itemlayout>
            <focusedlayout height="112.50" width="236.92">
                <control type="image">
                    <posx>1.77</posx>
                    <posy>1.25</posy>
                    <width>233.37</width>
                    <height>110</height>
                    <texture border="5">input-focus.png</texture>
                </control>
                <control type="image">
                    <posx>10.66</posx>
                    <posy>7.70</posy>
                    <width>215.60</width>
                    <height>97.50</height>
                    <info>ListItem.icon</info>
                </control>
                <control type="label">
                    <posx>118.46</posx>
                    <posy>88.75</posy>
                    <width>215.60</width>
                    <height>12.50</height>
                    <font>font12</font>
                    <selectedcolor>white</selectedcolor>
                    <align>center</align>
                    <info>ListItem.Label</info>
                </control>
            </focusedlayout>
        </control>
    </controls>
</window>