<?xml version="1.0" encoding="utf-8"?>
<window id="2901">
    <defaultcontrol>216</defaultcontrol>
    <coordinates>
        <system>1</system>
    </coordinates>
    <controls>
        <control type="group">
            <visible>!Window.IsActive(123)</visible>
            <visible>!Window.IsActive(124)</visible>
            <visible>!Window.IsActive(125)</visible>
            <visible>![Window.IsVisible(PVROSDChannels) | Window.IsVisible(PVROSDGuide)]</visible>
            <control type="group" id="3">
                <control type="image" id="1">
                    <description>Media Info Background Image</description>
                    <posx>-17.77</posx>
                    <posy>651.25</posy>
                    <width>1314.98</width>
                    <height>68.75</height>
                    <texture>black.png</texture>
                </control>
                <control type="image" id="1">
                    <description>Media Info Background Image</description>
                    <posx>-17.77</posx>
                    <posy>651.25</posy>
                    <width>1314.98</width>
                    <height>3.75</height>
                    <texture>separatorosd.png</texture>
                </control>
                <control type="slider" id="87">
                    <description>Seek Slider</description>
                    <posx>159.93</posx>
                    <posy>36.25</posy>
                    <width>959.58</width>
                    <height>30</height>
                    <onup>702</onup>
                    <ondown>26</ondown>
                    <action>seek</action>
                    <texturesliderbar />
                    <textureslidernib />
                    <textureslidernibfocus />
                    <colordiffuse>DDFFFFFF</colordiffuse>
                    <animation effect="fade" time="200">VisibleChange</animation>
                </control>
            </control>
            <control type="grouplist" id="906">
                <posy>660.73</posy>
                <posx>0</posx>
                <align>center</align>
                <aligny>center</aligny>
                <width>1280</width>
                <height>50</height>
                <onleft />
                <onright />
                <onup />
                <ondown />
                <itemwidth>50</itemwidth>
                <itemheight>50</itemheight>
                <texturefocus>-</texturefocus>
                <itemgap>0</itemgap>
                <orientation>horizontal</orientation>
                <control type="button" id="206">
                    <description>Record Live TV button</description>
                    <width>50</width>
                    <height>50</height>
                    <texturefocus>OSDRecordOffFO.png</texturefocus>
                    <texturenofocus>OSDRecordOffNF.png</texturenofocus>
                    <pulseonselect>yes</pulseonselect>
                    <onclick>PlayerControl(Record)</onclick>
                    <enable>Player.CanRecord</enable>
                    <label>-</label>
                    <font>-</font>
                    <onup>206</onup>
                    <ondown>206</ondown>
                    <visible>VideoPlayer.Content(LiveTV)</visible>
                </control>
                <control type="button" id="207">
                    <description>DVD menu button</description>
                    <width>50</width>
                    <height>50</height>
                    <texturefocus>OSDDvdFO.png</texturefocus>
                    <texturenofocus>OSDDvdNF.png</texturenofocus>
                    <pulseonselect>yes</pulseonselect>
                    <onclick>XBMC.PlayerControl(ShowVideoMenu)</onclick>
                    <label>-</label>
                    <font>-</font>
                    <onup>207</onup>
                    <ondown>207</ondown>
                    <visible>VideoPlayer.HasMenu</visible>
                </control>
				<control type="button" id="255">
					<visible>VideoPlayer.IsStereoscopic</visible>
					<left>0</left>
					<top>0</top>
					<width>50</width>
					<height>50</height>
					<label>-</label>
					<font>-</font>
					<onclick>ToggleStereoMode</onclick>
					<selected>IntegerGreaterThan(System.StereoscopicMode,0)</selected>
					<texturefocus>OSDStereoscopicFO.png</texturefocus>
					<texturenofocus>OSDStereoscopicNF.png</texturenofocus>
					<onup>255</onup>
					<ondown>255</ondown>
				</control>
                <control type="button" id="208">
                    <description>Bookmarks button</description>
                    <width>50</width>
                    <height>50</height>
                    <texturefocus>OSDBookmarksFO.png</texturefocus>
                    <texturenofocus>OSDBookmarksNF.png</texturenofocus>
                    <pulseonselect>yes</pulseonselect>
                    <onclick>XBMC.ActivateWindow(125)</onclick>
                    <label>-</label>
                    <font>-</font>
                    <onup>208</onup>
                    <ondown>208</ondown>
                </control>
                <control type="button" id="209">
                    <description>Mute button</description>
                    <width>50</width>
                    <height>50</height>
                    <texturefocus>OSDMuteFO.png</texturefocus>
                    <texturenofocus>OSDMuteNF.png</texturenofocus>
                    <pulseonselect>yes</pulseonselect>
                    <onclick>XBMC.Mute</onclick>
                    <label>-</label>
                    <font>-</font>
                    <onup>209</onup>
                    <ondown>209</ondown>
                    <visible>!Skin.HasSetting(DialogSubMenu7)</visible>
                    <visible>!player.passthrough</visible>
                </control>
                <control type="button" id="210">
                    <description>Subtitle Script Button</description>
                    <width>50</width>
                    <height>50</height>
                    <texturefocus>OSDSubtitlesFO.png</texturefocus>
                    <texturenofocus>OSDSubtitlesNF.png</texturenofocus>
                    <pulseonselect>yes</pulseonselect>
                    <onclick>Close</onclick>
					<onclick>Dialog.Close(VideoOSD)</onclick>
					<onclick>ActivateWindow(SubtitleSearch)</onclick>
                    <label>-</label>
                    <font>-</font>
                    <onup>210</onup>
                    <ondown>210</ondown>
                    <visible>Skin.HasSetting(DialogSubMenu7)</visible>
                    <visible>!VideoPlayer.Content(LiveTV)</visible>
                </control>
                <control type="button" id="211">
                    <description>teletext Button</description>
                    <width>50</width>
                    <height>50</height>
                    <texturefocus>OSDSubtitlesFO.png</texturefocus>
                    <texturenofocus>OSDSubtitlesNF.png</texturenofocus>
                    <pulseonselect>yes</pulseonselect>
                    <onclick>Close</onclick>
                    <onclick>ActivateWindow(Teletext)</onclick>
                    <label>-</label>
                    <font>-</font>
                    <onup>211</onup>
                    <ondown>211</ondown>
                    <visible>VideoPlayer.Content(LiveTV)</visible>
                </control>
                <control type="button" id="212">
                    <description>Previous button</description>
                    <width>50</width>
                    <height>50</height>
                    <texturefocus>OSDPrevTrackFO.png</texturefocus>
                    <texturenofocus>OSDPrevTrackNF.png</texturenofocus>
                    <pulseonselect>yes</pulseonselect>
                    <onclick>XBMC.PlayerControl(Previous)</onclick>
                    <label>-</label>
                    <font>-</font>
                    <onup>212</onup>
                    <ondown>212</ondown>
                    <visible>!VideoPlayer.Content(LiveTV)</visible>
                </control>
                <control type="button" id="213">
                    <description>channel up button</description>
                    <width>50</width>
                    <height>50</height>
                    <texturefocus>OSDChannelUPFO.png</texturefocus>
                    <texturenofocus>OSDChannelUPNF.png</texturenofocus>
                    <pulseonselect>yes</pulseonselect>
                    <onclick>XBMC.PlayerControl(Previous)</onclick>
                    <label>-</label>
                    <font>-</font>
                    <onup>213</onup>
                    <ondown>213</ondown>
                    <visible>VideoPlayer.Content(LiveTV)</visible>
                </control>
                <control type="button" id="214">
                    <description>Rewind button</description>
                    <width>50</width>
                    <height>50</height>
                    <texturefocus>OSDRewindFO.png</texturefocus>
                    <texturenofocus>OSDRewindNF.png</texturenofocus>
                    <pulseonselect>yes</pulseonselect>
                    <onclick>XBMC.PlayerControl(Rewind)</onclick>
                    <label>-</label>
                    <font>-</font>
                    <onup>214</onup>
                    <ondown>214</ondown>
                </control>
                <control type="button" id="215">
                    <description>Stop button</description>
                    <width>50</width>
                    <height>50</height>
                    <texturefocus>OSDStopFO.png</texturefocus>
                    <texturenofocus>OSDStopNF.png</texturenofocus>
                    <pulseonselect>yes</pulseonselect>
                    <onclick>XBMC.Dialog.Close(VideoOSD)</onclick>
                    <onclick>XBMC.PlayerControl(stop)</onclick>
                    <label>-</label>
                    <font>-</font>
                    <onup>215</onup>
                    <ondown>215</ondown>
                </control>
                <control type="togglebutton" id="216">
                    <description>Play/Pause button</description>
                    <width>50</width>
                    <height>50</height>
                    <texturefocus>OSDPauseFO.png</texturefocus>
                    <texturenofocus>OSDPauseNF.png</texturenofocus>
                    <usealttexture>Player.Paused | Player.Forwarding | Player.Rewinding</usealttexture>
                    <alttexturefocus>OSDPlayFO.png</alttexturefocus>
                    <alttexturenofocus>OSDPlayNF.png</alttexturenofocus>
                    <pulseonselect>yes</pulseonselect>
                    <onclick>XBMC.PlayerControl(Play)</onclick>
                    <label>-</label>
                    <font>-</font>
                    <onup>216</onup>
                    <ondown>216</ondown>
                </control>
                <control type="button" id="217">
                    <description>Forward button</description>
                    <width>50</width>
                    <height>50</height>
                    <texturefocus>OSDForwardFO.png</texturefocus>
                    <texturenofocus>OSDForwardNF.png</texturenofocus>
                    <pulseonselect>yes</pulseonselect>
                    <onclick>XBMC.PlayerControl(Forward)</onclick>
                    <label>-</label>
                    <font>-</font>
                    <onup>217</onup>
                    <ondown>217</ondown>
                </control>
                <control type="button" id="218">
                    <description>Next button</description>
                    <width>50</width>
                    <height>50</height>
                    <texturefocus>OSDNextTrackFO.png</texturefocus>
                    <texturenofocus>OSDNextTrackNF.png</texturenofocus>
                    <pulseonselect>yes</pulseonselect>
                    <onclick>XBMC.PlayerControl(Next)</onclick>
                    <label>-</label>
                    <font>-</font>
                    <onup>218</onup>
                    <ondown>218</ondown>
                    <visible>!VideoPlayer.Content(LiveTV)</visible>
                </control>
                <control type="button" id="219">
                    <description>channel down button</description>
                    <width>50</width>
                    <height>50</height>
                    <texturefocus>OSDChannelDownFO.png</texturefocus>
                    <texturenofocus>OSDChannelDownNF.png</texturenofocus>
                    <pulseonselect>yes</pulseonselect>
                    <onclick>XBMC.PlayerControl(Next)</onclick>
                    <label>-</label>
                    <font>-</font>
                    <onup>219</onup>
                    <ondown>219</ondown>
                    <visible>VideoPlayer.Content(LiveTV)</visible>
                </control>
                <control type="button" id="220">
                    <description>Mute button</description>
                    <width>50</width>
                    <height>50</height>
                    <texturefocus>OSDMuteFO.png</texturefocus>
                    <texturenofocus>OSDMuteNF.png</texturenofocus>
                    <pulseonselect>yes</pulseonselect>
                    <onclick>XBMC.Mute</onclick>
                    <label>-</label>
                    <font>-</font>
                    <onup>220</onup>
                    <ondown>220</ondown>
                    <visible>Skin.HasSetting(DialogSubMenu7)</visible>
                    <visible>!player.passthrough</visible>
                </control>
                <control type="button" id="221">
                    <description>Video Menu button</description>
                    <width>50</width>
                    <height>50</height>
                    <texturefocus>OSDVideoFO.png</texturefocus>
                    <texturenofocus>OSDVideoNF.png</texturenofocus>
                    <pulseonselect>yes</pulseonselect>
                    <onclick>XBMC.ActivateWindow(123)</onclick>
                    <label>-</label>
                    <font>-</font>
                    <onup>221</onup>
                    <ondown>221</ondown>
                </control>
                <control type="button" id="222">
                    <description>Audio Menu button</description>
                    <width>50</width>
                    <height>50</height>
                    <texturefocus>OSDAudioFO.png</texturefocus>
                    <texturenofocus>OSDAudioNF.png</texturenofocus>
                    <pulseonselect>yes</pulseonselect>
                    <onclick>XBMC.ActivateWindow(124)</onclick>
                    <label>-</label>
                    <font>-</font>
                    <onup>222</onup>
                    <ondown>222</ondown>
                </control>
                <control type="button" id="223">
                    <width>50</width>
                    <height>50</height>
                    <label>19019</label>
                    <font>-</font>
                    <texturefocus>OSDChannelListFO.png</texturefocus>
                    <texturenofocus>OSDChannelListNF.png</texturenofocus>
                    <onup>223</onup>
                    <ondown>223</ondown>
                    <onclick>ActivateWindow(PVROSDChannels)</onclick>
                    <onclick>Dialog.Close(VideoOSD)</onclick>
                    <visible>VideoPlayer.Content(LiveTV)</visible>
                </control>
                <control type="button" id="224">
                    <width>50</width>
                    <height>50</height>
                    <font>-</font>
                    <texturefocus>OSDepgFO.png</texturefocus>
                    <texturenofocus>OSDepgNF.png</texturenofocus>
                    <onup>224</onup>
                    <ondown>224</ondown>
                    <onclick>ActivateWindow(PVROSDGuide)</onclick>
                    <onclick>Dialog.Close(VideoOSD)</onclick>
                    <visible>VideoPlayer.Content(LiveTV)</visible>
                </control>
            </control>
        </control>
    </controls>
</window>