<?xml version="1.0" encoding="utf-8"?>
<window id="123">
    <defaultcontrol>5</defaultcontrol>
    <coordinates>
        <system>1</system>
        <origin x="0" y="0">true</origin>
    </coordinates>
    <controls>
        <control type="group">
            <visible>!Window.IsActive(145)</visible>
            <control type="image" id="1">
                <description>background image</description>
                <posx>0</posx>
                <posy>0</posy>
                <width>550</width>
                <height>720</height>
                <texture>black.png</texture>
            </control>
            <control type="image" id="12">
                <description>background image</description>
                <posx>0</posx>
                <posy>0</posy>
                <width>550</width>
                <height>40</height>
                <texture>background2.png</texture>
                <colordiffuse>AAffffff</colordiffuse>
            </control>
            <control type="image" id="13">
                <posx>547</posx>
                <posy>0</posy>
                <width>3</width>
                <height>720</height>
                <texture>background2.png</texture>
                <colordiffuse>AAFFFFFF</colordiffuse>
            </control>
            <control type="label" id="2">
                <description>Settings Label</description>
                <posx>0</posx>
                <posy>3</posy>
                <width>550</width>
                <height>36</height>
                <align>center</align>
                <aligny>center</aligny>
                <font>Home-Heading-S</font>
                <textcolor>lightblue</textcolor>
            </control>
            <control type="grouplist" id="5">
                <description>control area</description>
                <posx>10</posx>
                <posy>45</posy>
                <width>530</width>
                <height>680</height>
                <itemgap>5</itemgap>
                <pagecontrol>60</pagecontrol>
                <onleft>60</onleft>
                <onright>60</onright>
                <onup>5</onup>
                <ondown>5</ondown>
                <textcolor>white</textcolor>
                <shadowcolor>black</shadowcolor>
            </control>
            <control type="button" id="7">
                <description>Default Button</description>
                <posx>0</posx>
                <width>530</width>
                <height>40</height>
                <textoffsetx>15</textoffsetx>
                <font>font12</font>
                <align>left</align>
                <aligny>center</aligny>
                <texturefocus>input-focus.png</texturefocus>
                <texturenofocus>-</texturenofocus>
                <textcolor>white</textcolor>
                <shadowcolor>black</shadowcolor>
            </control>
            <control type="radiobutton" id="8">
                <description>Default RadioButton</description>
                <posx>0</posx>
                <width>530</width>
                <height>40</height>
                <radiowidth>24</radiowidth>
                <radioheight>24</radioheight>
                <textoffsetx>15</textoffsetx>
                <font>font12</font>
                <align>left</align>
                <aligny>center</aligny>
                <textcolor>white</textcolor>
                <shadowcolor>black</shadowcolor>
                <focusedcolor>white</focusedcolor>
                <texturefocus>input-focus.png</texturefocus>
                <texturenofocus>-</texturenofocus>
                <radioposx>490</radioposx>
            </control>
            <control type="spincontrolex" id="9">
                <description>Default SpinControlex</description>
                <posx>0</posx>
                <width>530</width>
                <height>40</height>
                <texturefocus>input-focus.png</texturefocus>
                <texturenofocus>-</texturenofocus>
                <textureup>scroll-up.png</textureup>
                <texturedown>scroll-down.png</texturedown>
                <textureupFocus>scroll-up-focus.png</textureupFocus>
                <texturedownFocus>scroll-down-focus.png</texturedownFocus>
                <font>font12</font>
                <align>left</align>
                <aligny>center</aligny>
                <textcolor>white</textcolor>
                <shadowcolor>black</shadowcolor>
                <colordiffuse>white</colordiffuse>
                <disabledcolor>60d0d0d0</disabledcolor>
                <reverse>yes</reverse>
                <textoffsetx>15</textoffsetx>
            </control>
            <control type="sliderex" id="10">
                <texturenofocus />
                <description>Default Slider</description>
                <posx>0</posx>
                <width>530</width>
                <height>40</height>
                <texturefocus>input-focus.png</texturefocus>
                <sliderwidth>130</sliderwidth>
                <sliderheight>15</sliderheight>
                <textoffsetx>15</textoffsetx>
                <texturesliderbar>osd_slider_bg.png</texturesliderbar>
                <textureslidernib>osd_slider_nibnf.png</textureslidernib>
                <textureslidernibfocus>osd_slider_nibfo.png</textureslidernibfocus>
                <font>font12</font>
                <textcolor>white</textcolor>
                <shadowcolor>black</shadowcolor>
                <disabledcolor>grey</disabledcolor>
                <align>left</align>
                <aligny>center</aligny>
                <colordiffuse>DDffffff</colordiffuse>
            </control>
        </control>
    </controls>
</window>