<?xml version="1.0" encoding="utf-8"?>
<window id="2005">
    <defaultcontrol>-</defaultcontrol>
    <controls>
        <control type="group">
            <posx>0</posx>
            <top>126.75</top>
            <!-- Codec Infos -->
            <animation type="Visible">
                <effect type="fade" time="400" start="0" end="100" />
                <effect type="slide" time="400" start="0,-113.75" end="0,0" easing="out" tween="cubic" />
            </animation>
            <animation type="Hidden">
                <effect type="fade" time="400" start="100" end="0" />
                <effect type="slide" time="400" start="0,0" end="0,-113.75" easing="in" tween="cubic" />
            </animation>
            <animation type="WindowOpen">
                <effect type="fade" time="400" start="0" end="100" />
                <effect type="slide" time="400" start="0,-113.75" end="0,0" easing="out" tween="cubic" />
            </animation>
            <animation type="WindowClose">
                <effect type="fade" time="400" start="100" end="0" />
                <effect type="slide" time="400" start="0,0" end="0,-113.75" easing="in" tween="cubic" />
            </animation>
            <control type="image">
                <description>Media Info Background Image</description>
                <posx>-17.70</posx>
                <top>0</top>
                <width>1309.80</width>
                <height>113.75</height>
                <texture>black.png</texture>
            </control>
            <control type="image">
                <description>Media Info Background Image</description>
                <posx>-17.70</posx>
                <top>110</top>
                <width>1309.80</width>
                <height>3</height>
                <texture>separatorosd.png</texture>
            </control>
            <control type="label" id="10">
                <description>row 1 label</description>
                <left>50</left>
                <top>10</top>
                <width>1280</width>
				<height>20</height>
                <label>-</label>
				<align>center</align>
                <aligny>center</aligny>
                <font>font10</font>
                <textcolor>white</textcolor>
                <shadowcolor>black</shadowcolor>
            </control>
            <control type="label" id="11">
                <description>row 2 label</description>
                <left>50</left>
                <top>47</top>
                <width>1280</width>
				<height>20</height>
                <label>-</label>
				<align>center</align>
                <aligny>center</aligny>
                <font>font10</font>
                <textcolor>white</textcolor>
                <shadowcolor>black</shadowcolor>
            </control>
            <control type="label" id="12">
                <description>row 3 label</description>
                <left>50</left>
                <top>82</top>
                <width>1280</width>
				<height>20</height>
                <label>-</label>
				<align>center</align>
                <aligny>center</aligny>
                <font>font10</font>
                <textcolor>white</textcolor>
                <shadowcolor>black</shadowcolor>
            </control>
            <visible>Player.ShowInfo</visible>
        </control>
        <control type="group">
            <posx>0</posx>
            <top>93.75</top>
            <!-- Codec Infos -->
            <animation type="Visible">
                <effect type="fade" time="400" start="0" end="100" />
                <effect type="slide" time="400" start="0,-113.75" end="0,0" easing="out" tween="cubic" />
            </animation>
            <animation type="Hidden">
                <effect type="fade" time="400" start="100" end="0" />
                <effect type="slide" time="400" start="0,0" end="0,-113.75" easing="in" tween="cubic" />
            </animation>
            <animation type="WindowOpen">
                <effect type="fade" time="400" start="0" end="100" />
                <effect type="slide" time="400" start="0,-113.75" end="0,0" easing="out" tween="cubic" />
            </animation>
            <animation type="WindowClose">
                <effect type="fade" time="400" start="100" end="0" />
                <effect type="slide" time="400" start="0,0" end="0,-113.75" easing="in" tween="cubic" />
            </animation>
            <control type="image">
                <description>Media Info Background Image</description>
                <posx>-17.70</posx>
                <top>0</top>
                <width>1309.80</width>
                <height>113.75</height>
                <texture>black.png</texture>
            </control>
            <control type="image">
                <description>Media Info Background Image</description>
                <posx>-17.70</posx>
                <top>110</top>
                <width>1309.80</width>
                <height>3</height>
                <texture>separatorosd.png</texture>
            </control>
           <control type="label" id="10">
                <description>row 1 label</description>
                <left>50</left>
                <top>10</top>
                <width>1280</width>
				<height>20</height>
                <label>-</label>
				<align>center</align>
                <aligny>center</aligny>
                <font>font10</font>
                <textcolor>white</textcolor>
                <shadowcolor>black</shadowcolor>
            </control>
            <control type="label" id="11">
                <description>row 2 label</description>
                <left>50</left>
                <top>47</top>
                <width>1280</width>
				<height>20</height>
                <label>-</label>
				<align>center</align>
                <aligny>center</aligny>
                <font>font10</font>
                <textcolor>white</textcolor>
                <shadowcolor>black</shadowcolor>
            </control>
            <control type="label" id="12">
                <description>row 3 label</description>
                <left>50</left>
                <top>82</top>
                <width>1280</width>
				<height>20</height>
                <label>-</label>
				<align>center</align>
                <aligny>center</aligny>
                <font>font10</font>
                <textcolor>white</textcolor>
                <shadowcolor>black</shadowcolor>
            </control>
            <visible>!Player.ShowInfo</visible>
        </control>
        <control type="label" id="24">
            <description>buffering label</description>
            <posx>371.70</posx>
            <top>562.50</top>
            <label>15107</label>
            <width>515.07</width>
			<height>20</height>
            <align>center</align>
            <font>font13</font>
            <textcolor>white</textcolor>
            <shadowcolor>black</shadowcolor>
        </control>
        <control type="group" id="3">
            <include>media-infopanel-effect</include>
            <visible>Player.ShowInfo</visible>
            <visible>!Window.IsActive(VideoOSD)</visible>
            <control type="image" id="1">
                <description>Media Info Background Image</description>
                <posx>-17.77</posx>
                <top>587</top>
                <width>1314.98</width>
                <height>133</height>
                <texture>black.png</texture>
            </control>
            <control type="image" id="1">
                <description>Media Info Background Image</description>
                <posx>-17.77</posx>
                <top>587</top>
                <width>1314.98</width>
                <height>3</height>
                <texture>background2.png</texture>
                <colordiffuse>aaffffff</colordiffuse>
            </control>
            <control type="textbox" id="18">
                <description>Textbox</description>
                <posx>213.24</posx>
                <top>631.25</top>
                <width>852.96</width>
                <height>74</height>
                <font>font13</font>
                <textcolor>white</textcolor>
                <shadowcolor>black</shadowcolor>
                <label>$INFO[VideoPlayer.Plot]</label>
                <align>justify</align>
                <pagecontrol>91</pagecontrol>
                <autoscroll time="4000" delay="5000" repeat="15000" />
                <include>media-infopanel-effect</include>
                <visible>!Window.IsActive(VideoOSD)</visible>
            </control>
            <control type="image" id="1">
                <description>Video rez Image</description>
                <posx>1092.85</posx>
                <top>603</top>
                <width>177.70</width>
                <height>100</height>
                <aspectratio align="center" aligny="bottom">keep</aspectratio>
                <texture fallback="default studio.png">$INFO[VideoPlayer.studio,special://skin/images/studios/,.png]</texture>
                <include>media-infopanel-effect</include>
                <visible>!videoplayer.content(Episodes)</visible>
                <visible>!Window.IsActive(VideoOSD)</visible>
            </control>
            <control type="image" id="1">
                <description>Video rez Image</description>
                <posx>1092.85</posx>
                <top>603</top>
                <width>177.70</width>
                <height>100</height>
                <aspectratio align="center" aligny="bottom">keep</aspectratio>
                <texture fallback="default studio.png">$INFO[VideoPlayer.studio,special://skin/images/studios/,.png]</texture>
                <include>media-infopanel-effect</include>
                <visible>!Window.IsActive(VideoOSD)</visible>
                <visible>videoplayer.content(Episodes)</visible>
                <visible>!Skin.HasSetting(clearart)</visible>
            </control>
            <control type="image" id="1">
                <description>Video rez Image</description>
                <posx>1092.85</posx>
                <top>603</top>
                <width>177.70</width>
                <height>100</height>
                <aspectratio align="center" aligny="bottom">keep</aspectratio>
                <texture fallback="default studio.png">$INFO[VideoPlayer.studio,special://skin/images/studios/,.png]</texture>
                <include>media-infopanel-effect</include>
                <visible>!Window.IsActive(VideoOSD)</visible>
                <visible>videoplayer.content(Episodes)</visible>
                <visible>IsEmpty(Control.GetLabel(7014)) + IsEmpty(Control.GetLabel(7015))</visible>
                <visible>Skin.HasSetting(clearart)</visible>
            </control>
            <control type="image" id="7014">
                <posx>1075</posx>
                <top>603</top>
                <width>204</width>
                <height>107</height>
                <texture background="true">$INFO[Player.FolderPath]../clearart.png</texture>
                <visible>!Window.IsActive(VideoOSD)</visible>
                <visible>VideoPlayer.Content(episodes)</visible>
                <visible>Skin.HasSetting(clearart)</visible>
            </control>
            <control type="image" id="7015">
                <posx>1075</posx>
                <top>603</top>
                <width>204</width>
                <height>107</height>
                <texture background="true">$INFO[Player.FolderPath]clearart.png</texture>
                <visible>!Window.IsActive(VideoOSD)</visible>
                <visible>VideoPlayer.Content(episodes)</visible>
                <visible>Skin.HasSetting(clearart)</visible>
            </control>
            <control type="image" id="1">
                <description>Cover Image</description>
                <posx>26.65</posx>
                <top>603</top>
                <width>160</width>
                <height>102.50</height>
                <aligny>center</aligny>
                <texture background="true" fallback="defaultlandscapeposter.png" diffuse="mask episode.png">$INFO[Player.Art(thumb)]</texture>
                <aspectratio scalediffuse="false">scale</aspectratio>
                <include>media-infopanel-effect</include>
                <visible>videoplayer.content(Episodes)</visible>
            </control>
            <control type="image" id="1">
                <description>Cover Image</description>
                <posx>26.65</posx>
                <top>603</top>
                <width>160</width>
                <height>102.50</height>
                <aligny>center</aligny>
                <texture background="true">mask episode glass.png</texture>
                <aspectratio>stretch</aspectratio>
                <include>media-infopanel-effect</include>
                <visible>videoplayer.content(Episodes)</visible>
            </control>
            <control type="image" id="1">
                <description>Cover Image</description>
                <posx>14.65</posx>
                <top>503</top>
                <width>184</width>
                <height>202.50</height>
                <texture background="true" fallback="defaultdvdposter.png" diffuse="mask.png">$INFO[Player.Art(thumb)]</texture>
                <aspectratio aligny="bottom">keep</aspectratio>
                <include>media-infopanel-effect</include>
                <visible>!videoplayer.content(Episodes)</visible>
            </control>
            <control type="label" id="1">
                <description>TV current_event_details</description>
                <posx>213.24</posx>
                <top>600.00</top>
                <width>577.52</width>
                <height>31.25</height>
                <scroll>true</scroll>
                <label>$INFO[VideoPlayer.Title]</label>
                <align>left</align>
                <aligny>center</aligny>
                <font>Heading-M</font>
                <textcolor>lightblue</textcolor>
                <shadowcolor>black</shadowcolor>
                <visible>Player.ShowInfo</visible>
                <include>media-infopanel-effect</include>
                <visible>!Window.IsActive(VideoOSD)</visible>
                <visible>videoplayer.content(episodes)</visible>
            </control>
            <control type="fadelabel" id="1">
                <description>TV current_event_details</description>
                <posx>799.65</posx>
                <top>600.00</top>
                <width>266.55</width>
                <height>31.25</height>
                <scroll>true</scroll>
                <label>$INFO[VideoPlayer.TVShowTitle]</label>
                <label>$LOCALIZE[20373] $INFO[VideoPlayer.Season] : $LOCALIZE[20359] $INFO[VideoPlayer.episode]</label>
                <align>right</align>
                <aligny>center</aligny>
                <font>font18</font>
                <textcolor>lightblue</textcolor>
                <shadowcolor>black</shadowcolor>
                <scrollout>false</scrollout>
                <pauseatend>8000</pauseatend>
                <visible>Player.ShowInfo</visible>
                <include>media-infopanel-effect</include>
                <visible>!Window.IsActive(VideoOSD)</visible>
                <visible>videoplayer.content(episodes)</visible>
                <visible>IsEmpty(Control.GetLabel(7014))</visible>
            </control>
            <control type="label" id="1">
                <description>TV current_event_details</description>
                <posx>1066.20</posx>
                <top>600.00</top>
                <width>266.55</width>
                <height>31.25</height>
                <scroll>true</scroll>
                <label>$LOCALIZE[20373] $INFO[VideoPlayer.Season] : $LOCALIZE[20359] $INFO[VideoPlayer.episode]</label>
                <align>right</align>
                <aligny>center</aligny>
                <font>font18</font>
                <textcolor>lightblue</textcolor>
                <shadowcolor>black</shadowcolor>
                <scrollout>false</scrollout>
                <pauseatend>8000</pauseatend>
                <visible>Player.ShowInfo</visible>
                <include>media-infopanel-effect</include>
                <visible>!Window.IsActive(VideoOSD)</visible>
                <visible>videoplayer.content(episodes)</visible>
                <visible>!IsEmpty(Control.GetLabel(7014))</visible>
            </control>
            <control type="label" id="1">
                <description>current_event_details</description>
                <posx>213.24</posx>
                <top>600.00</top>
                <width>852.96</width>
                <height>31.25</height>
                <scroll>true</scroll>
                <label>$INFO[VideoPlayer.Title]</label>
                <align>left</align>
                <aligny>center</aligny>
                <font>Heading-M</font>
                <textcolor>lightblue</textcolor>
                <shadowcolor>black</shadowcolor>
                <visible>Player.ShowInfo</visible>
                <include>media-infopanel-effect</include>
                <visible>!Window.IsActive(VideoOSD)</visible>
                <visible>!videoplayer.content(episodes)</visible>
                <visible>!IsEmpty(VideoPlayer.Plot)</visible>
            </control>
            <control type="grouplist" id="1">
                <posx>215</posx>
                <top>615</top>
                <width>850</width>
                <height>35</height>
                <itemgap>10</itemgap>
                <orientation>horizontal</orientation>
                <visible>Player.ShowInfo</visible>
                <visible>!Window.IsActive(VideoOSD)</visible>
                <visible>!videoplayer.content(episodes)</visible>
                <visible>IsEmpty(VideoPlayer.Plot)</visible>
                <control type="label" id="1">
                    <width min="10" max="850">auto</width>
                    <height>35</height>
                    <description>current_event_details</description>
                    <scroll>true</scroll>
                    <label>$INFO[VideoPlayer.Title]</label>
                    <align>left</align>
                    <aligny>center</aligny>
                    <font>Heading-M</font>
                    <textcolor>lightblue</textcolor>
                    <shadowcolor>black</shadowcolor>
                </control>
            </control>
            <control type="grouplist" id="1">
                <description>Media Codec Flagging Images</description>
                <posx>215</posx>
                <top>665</top>
                <width>800</width>
                <itemgap>10</itemgap>
                <orientation>horizontal</orientation>
                <include>OSDFlaggingConditions</include>
                <align>left</align>
                <visible>Player.ShowInfo</visible>
                <visible>!Window.IsActive(VideoOSD)</visible>
                <visible>!videoplayer.content(episodes)</visible>
                <visible>IsEmpty(VideoPlayer.Plot)</visible>
            </control>
        </control>
    </controls>
</window>