<?xml version="1.0" encoding="utf-8"?>
<window id="2004">
    <defaultcontrol>2</defaultcontrol>
    <animation effect="fade" time="1000">WindowOpen</animation>
    <animation effect="fade" time="1000">WindowClose</animation>
    <controls>
        <control type="group">
            <posx>18</posx>
            <posy>481</posy>
            <control type="image">
                <description>Background image</description>
                <posx>0</posx>
                <posy>0</posy>
                <width>292</width>
                <height>209</height>
                <texture>List background2.png</texture>
                <aspectratio>stretch</aspectratio>
                <visible>!Window.Next(Home)</visible>
                <animation effect="fade" time="1" delay="500">WindowOpen</animation>
                <animation effect="fade" time="1" delay="0">VisibleChange</animation>
                <visible>Player.HasMedia + !Skin.HasSetting(video-preview)</visible>
            </control>
            <control type="image">
                <description>Background image</description>
                <posx>0</posx>
                <posy>0</posy>
                <width>292</width>
                <height>209</height>
                <texture>List background2.png</texture>
                <aspectratio>stretch</aspectratio>
                <visible>!Window.Next(Home)</visible>
                <animation effect="fade" time="1" delay="500">WindowOpen</animation>
                <animation effect="fade" time="1" delay="0">VisibleChange</animation>
                <visible>Player.HasMedia + !Skin.HasSetting(video-preview)</visible>
            </control>
            <control type="image">
                <description>Background image</description>
                <posx>0</posx>
                <posy>0</posy>
                <width>292</width>
                <height>209</height>
                <texture>List background2.png</texture>
                <aspectratio>stretch</aspectratio>
                <visible>!Window.Next(Home)</visible>
                <animation effect="fade" time="1" delay="500">WindowOpen</animation>
                <animation effect="fade" time="1" delay="0">VisibleChange</animation>
                <visible>Player.HasMedia + !Skin.HasSetting(video-preview)</visible>
            </control>
            <control type="label">
                <posx>9</posx>
                <posy>180</posy>
                <width>274</width>
                <height>19</height>
                <font>font10</font>
                <align>center</align>
                <aligny>center</aligny>
                <textcolor>white</textcolor>
                <shadowcolor>black</shadowcolor>
                <include>selectedcolor</include>
                <info>VideoPlayer.Title</info>
                <visible>!Window.Next(Home)</visible>
                <animation effect="fade" time="1" delay="500">WindowOpen</animation>
                <animation effect="fade" time="1" delay="0">VisibleChange</animation>
                <visible>Player.HasMedia + !Skin.HasSetting(video-preview)</visible>
                <visible>!Window.IsActive(PlayerControls)</visible>
            </control>
            <control type="image">
                <description>Background image</description>
                <posx>18</posx>
                <posy>12</posy>
                <width>256</width>
                <height>144</height>
                <texture>background2.png</texture>
                <visible>!Window.Next(Home)</visible>
                <animation effect="fade" time="1" delay="500">WindowOpen</animation>
                <animation effect="fade" time="1" delay="0">VisibleChange</animation>
                <visible>Player.HasMedia + !Skin.HasSetting(video-preview)</visible>
            </control>
            <control type="videowindow">
                <description>Video Preview</description>
                <posx>18</posx>
                <posy>25</posy>
                <width>256</width>
                <height>112</height>
                <aspectratio>keep</aspectratio>
                <visible>!Window.Next(Home)</visible>
                <animation effect="fade" time="1" delay="500">WindowOpen</animation>
                <animation effect="fade" time="1" delay="0">VisibleChange</animation>
                <visible>Player.HasMedia + !Skin.HasSetting(video-preview)</visible>
            </control>
            <control type="image">
                <description>Background image</description>
                <posx>18</posx>
                <posy>12</posy>
                <width>36</width>
                <height>144</height>
                <texture>Left Curtain panel.png</texture>
                <visible>!Window.Next(Home)</visible>
                <animation effect="fade" time="1" delay="500">WindowOpen</animation>
                <animation effect="fade" time="1" delay="0">VisibleChange</animation>
                <visible>Player.HasMedia + !Skin.HasSetting(video-preview)</visible>
            </control>
            <control type="image">
                <description>Background image</description>
                <posx>238</posx>
                <posy>12</posy>
                <width>36</width>
                <height>144</height>
                <texture>right Curtain panel.png</texture>
                <visible>!Window.Next(Home)</visible>
                <animation effect="fade" time="1" delay="500">WindowOpen</animation>
                <animation effect="fade" time="1" delay="0">VisibleChange</animation>
                <visible>Player.HasMedia + !Skin.HasSetting(video-preview)</visible>
            </control>
            <visible>!Window.IsActive(3) + !Window.IsActive(4)</visible>
            <visible>!Window.IsActive(7) + !Window.IsActive(56) + !Window.IsActive(28)</visible>
            <visible>!Window.IsActive(AppearanceSettings) + !Window.IsActive(MyVideosSettings)</visible>
            <visible>!Window.IsActive(MyMusicSettings) + !Window.IsActive(SystemSettings)</visible>
            <visible>!Window.IsActive(0)</visible>
            <visible>!Window.IsActive(2003)</visible>
        </control>
    </controls>
</window>