<?xml version="1.0" encoding="utf-8"?>
<window id="122">
    <defaultcontrol>2</defaultcontrol>
    <include>dialog-effect</include>
    <coordinates>
        <system>1</system>
        <origin x="265" y="219">true</origin>
    </coordinates>
    <controls>
        <control type="image" id="0">
            <description>background image</description>
            <posx>0</posx>
            <posy>31</posy>
            <width>750</width>
            <height>400</height>
            <texture>black.png</texture>
        </control>
        <control type="image" id="0">
            <description>background image</description>
            <posx>0</posx>
            <posy>-6</posy>
            <width>750</width>
            <height>39</height>
            <texture>background2.png</texture>
            <colordiffuse>bbffffff</colordiffuse>
        </control>
        <control type="label" id="3">
            <description>Presets Label</description>
            <posx>0</posx>
            <posy>2</posy>
            <width>747</width>
            <align>center</align>
            <font>font14</font>
        </control>
        <control type="label" id="4">
            <description>No Presets Label</description>
            <posx>0</posx>
            <posy>150</posy>
            <width>747</width>
            <align>center</align>
            <label>13389</label>
        </control>
        <control type="list" id="2">
            <posx>18</posx>
            <posy>38</posy>
            <width>747</width>
            <height>375</height>
            <onleft>60</onleft>
            <onright>60</onright>
            <onup>2</onup>
            <ondown>2</ondown>
            <pagecontrol>60</pagecontrol>
            <scrolltime tween="sine" easing="inout">200</scrolltime>
            <itemlayout height="30" width="410">
                <control type="label">
                    <posx>18</posx>
                    <posy>6</posy>
                    <width>702</width>
                    <height>25</height>
                    <font>fontKB</font>
                    <textcolor>grey</textcolor>
                    <selectedcolor>white</selectedcolor>
                    <align>left</align>
                    <aligny>center</aligny>
                    <label>$INFO[ListItem.Label]</label>
                </control>
            </itemlayout>
            <focusedlayout height="30" width="410">
                <control type="image">
                    <posx>9</posx>
                    <posy>0</posy>
                    <width>720</width>
                    <height>38</height>
                    <texture>input-nofocus.png</texture>
                    <visible>!Control.HasFocus(2)</visible>
                </control>
                <control type="image">
                    <posx>9</posx>
                    <posy>0</posy>
                    <width>720</width>
                    <height>38</height>
                    <texture>input-focus.png</texture>
                    <visible>Control.HasFocus(2)</visible>
                </control>
                <control type="label">
                    <posx>18</posx>
                    <posy>6</posy>
                    <width>702</width>
                    <height>25</height>
                    <font>fontKB</font>
                    <textcolor>lightgrey</textcolor>
                    <selectedcolor>white</selectedcolor>
                    <align>left</align>
                    <aligny>center</aligny>
                    <label>$INFO[ListItem.Label]</label>
                </control>
            </focusedlayout>
        </control>
        <control type="scrollbar" id="60">
            <posx>9</posx>
            <posy>38</posy>
            <width>7</width>
            <height>375</height>
            <texturesliderbackground border="0,16,0,16">scrollbar_background.png</texturesliderbackground>
            <texturesliderbar border="0,16,0,16">scrollbar_background.png</texturesliderbar>
            <texturesliderbarfocus border="0,16,0,16">scrollbar_background.png</texturesliderbarfocus>
            <textureslidernib>scrollbar_nib.png</textureslidernib>
            <textureslidernibfocus>scrollbar_nib_focus.png</textureslidernibfocus>
            <onleft>2</onleft>
            <onright>2</onright>
            <ondown>60</ondown>
            <onup>60</onup>
            <showonepage>false</showonepage>
            <orientation>vertical</orientation>
        </control>
    </controls>
</window>