<colors>
<color name="white">FFffffff</color>
<color name="grey">60ffffff</color>
<color name="red">FF0066FF</color>
<color name="shadow">DD000000</color>
<color name="lightgrey">d0ffffff</color>
<color name="disabled">60d0d0d0</color>
<color name="rss head">FF0066FF</color>
<color name="rss main">FFffffff</color>
<color name="cyan">FF79CDCD</color>
<color name="lightblue">F399CCFF</color>
<color name="blue">FF5599CC</color>
<color name="selectedcolor">d0ffffff</color>
<color name="listselectedcolor">d0ffffff</color>
</colors>