<colors>
<color name="white">FFffffff</color>
<color name="grey">60ffffff</color>
<color name="red">ffCD0000</color>
<color name="shadow">dd000000</color>
<color name="lightgrey">d0ffffff</color>
<color name="disabled">90ffffff</color>
<color name="rss head">FFee0000</color>
<color name="rss main">FFffffff</color>
<color name="cyan">FF79CDCD</color>
<color name="lightblue">F399CCFF</color>
<color name="blue">FF5599CC</color>
<color name="selectedcolor">d0ffffff</color>
<color name="listselectedcolor">d0ffffff</color>
</colors>