<?xml version="1.0" encoding="utf-8"?>
<addon id="skin.blackglassnova" version="1.1.0" name="Black Glass Nova" provider-name="Tgx">
	<requires>
		<import addon="xbmc.gui" version="5.0.1"/>
        <import addon="script.favourites" version="3.2.0"/>
		<import addon="service.skin.widgets" version="0.0.27"/>
	</requires>
	<extension point="xbmc.gui.skin" defaultthemename="Textures.xbt" debugging="false">
		<res width="1920" height="1080" aspect="16:9" default="true" folder="1080i"/>
	</extension>
	<extension point="xbmc.addon.metadata">
            <description lang="de">Von Mediaportal portiert, ist Black Glass Nova ein einfach zu bedienendes und ein an Fankunst orientiertes Skin.</description>
            <description lang="el">Προερχόμενο από το Mediaportal, το Black Glass Nova είναι ένα εύκολο στη χρήση κέλυφος, με προσανατολισμό στα fanart.</description>
            <description lang="en">Ported from Mediaportal, Black Glass Nova is an easy to use and fanart oriented skin.</description>
            <description lang="es">Portado desde Mediaportal, Black Glass Nova es una piel facil de usar hecha para fanart</description>
            <description lang="fr_CA">Porté de Mediaportal, Black Glass Nova est un habillage simple à utiliser et consacré au fanart.</description>
            <description lang="hu">A Mediaportal portolása, Black Glass Nova egy könnyen használható fanart orientált felszín.</description>
            <description lang="ko">Mediaportal에서 포팅된 Black Glass Nova는 사용하기 쉽고 팬아트를 지원하는 스킨입니다.</description>
            <description lang="lt">Perkeltas iš MediaPortal, 'Black Glass Nova' paprasta naudotis ir orentuotas į FanArt.</description>
            <description lang="ms">Diambil dari  Mediaportal, Black Glass Nova merupakan kulit berorientasikan seni peminat yang mudah digunakan.</description>
            <description lang="nl">Gepoort van Mediaportal, Black Glass Nova is een gemakkelijk in gebruik zijnde en fan-art georiënteerde skin.</description>
            <description lang="pt">Convertido do Mediaportal, Black Glass Nova é um tema fácil de usar e orientado para uso de fanart.</description>
            <description lang="pt_BR">Portada do Mediaportal, a Black Glass Nova é uma skin fácil de usar e orientada a fanart.</description>
            <description lang="ru">Портирована с Mediaportal, Black Glass Nova - это простая в использовании и ориентированная на фанарты обложка.</description>
            <description lang="sv">Black Glass Nova är ett lätthanterat och fanart orienterat skal som är porterat från Mediaportal.</description>
            <description lang="zh">由Mediaportal移植而来，Black Glass Nova 是一个面向易用和同人画的皮肤。</description>
            <platform>all</platform>
        </extension>
</addon>

