<?xml version="1.0" encoding="utf-8"?>
<window>
    <defaultcontrol always="true">50</defaultcontrol>
    <include>OpenClose</include>
    <controls>
        <include>Settings_Art</include>
        <include>Player_Show</include>
        <include>Time</include>
        <control type="label">
            <include>WindowTitle</include>
            <label>$LOCALIZE[10040]</label>
        </control>
        <control type="label">
            <include>WindowTitleSub</include>
            <label>$VAR[GlobalSubTitles]</label>
        </control>
        <control type="group" description="Content">
            <visible>Control.IsVisible(50)+!IsEmpty(ListItem.Property(Addon.Description))</visible>
            <include>Icon_Fade</include>
            <control type="group">
                <posx>0</posx>
                <posy>260</posy>
                <control type="image" description="fa overlay">
                    <posx>-795</posx>
                    <posy>90</posy>
                    <width>2058</width>
                    <height>1160</height>
                    <texture border="90">common/bg_tvguide.png</texture>
                </control>
                <control type="image">
                    <posx>242</posx>
                    <posy>139</posy>
                    <height>700</height>
                    <width>250</width>
                    <texture>list/bg_strip_horizontal_left.png</texture>
                    <colordiffuse>90ffffff</colordiffuse>
                </control>
                <control type="image">
                    <posx>493</posx>
                    <posy>139</posy>
                    <width>2</width>
                    <height>700</height>
                    <texture>list/bg_facade_vertical.png</texture>
                </control>
                <control type="image" description="Thumb">
                    <posx>18</posx>
                    <posy>151</posy>
                    <width>470</width>
                    <height>470</height>
                    <include>SquareThumb</include>
                    <include>ThumbBorder</include>
                </control>
            </control>
            <control type="group" description="Media info">
                <posx>495</posx>
                <posy>426</posy>
                <control type="label" description="Title">
                    <posx>TextMargin</posx>
                    <posy>-12</posy>
                    <width>630</width>
                    <height>71</height>
                    <font>InfoTitleFont</font>
                    <textcolor>MainColor</textcolor>
                    <align>left</align>
                    <scroll>false</scroll>
                    <label>$INFO[ListItem.Label]</label>
                </control>
                <control type="image">
                    <posx>0</posx>
                    <posy>0</posy>
                    <width>721</width>
                    <height>73</height>
                    <texture border="3">list/bg_facade_nofocus_top.png</texture>
                </control>
                <control type="image">
                    <posx>0</posx>
                    <posy>73</posy>
                    <width>721</width>
                    <height>73</height>
                    <texture border="3">list/bg_facade_nofocus_top.png</texture>
                </control>
                <control type="label" description="Details">
                    <posx>TextMargin</posx>
                    <posy>73</posy>
                    <width>630</width>
                    <height>71</height>
                    <font>InfoDetailsFont</font>
                    <textcolor>AlternateColor</textcolor>
                    <scroll>false</scroll>
                    <label>$VAR[Details]</label>
                </control>
                <control type="textbox" description="Plot51">
                    <posx>TextMargin</posx>
                    <posy>157</posy>
                    <width>630</width>
                    <height>450</height>
                    <font>InfoPlotFont</font>
                    <textcolor>MainColor</textcolor>
                    <label>$INFO[ListItem.Property(Addon.Description)]</label>
                </control>
            </control>
        </control>
        <control type="image">
            <posx>1224</posx>
            <posy>350</posy>
            <width>2058</width>
            <height>900</height>
            <texture border="90">common/bg_tvguide.png</texture>
        </control>
        <control type="image">
            <posx>1260</posx>
            <posy>353</posy>
            <width>660</width>
            <height>73</height>
            <texture border="3">list/bg_facade_nofocus_top.png</texture>
        </control>
        <control type="image">
            <visible>!IntegerGreaterThan(Container(50).NumItems,7)</visible>
            <posx>1260</posx>
            <posy>937</posy>
            <width>660</width>
            <height>73</height>
            <texture border="3">list/bg_facade_nofocus_top.png</texture>
        </control>
        <control type="label">
            <include>FacadeNumItems</include>
            <label>$INFO[Container.NumItems] $LOCALIZE[31025]</label>
        </control>
        <control type="list" id="50" description="No Thumbs">
            <viewtype label="List">list</viewtype>
            <posx>1260</posx>
            <posy>426</posy>
            <width>660</width>
            <height>584</height>
            <pagecontrol>60</pagecontrol>
            <onleft>9000</onleft>
            <onright>60</onright>
            <onup>50</onup>
            <ondown>50</ondown>
            <itemlayout height="73" width="660">
                <control type="image">
                    <posx>0</posx>
                    <posy>0</posy>
                    <height>73</height>
                    <width>660</width>
                    <texture border="3">list/bg_facade_nofocus.png</texture>
                </control>
                <control type="label" description="Main Label">
                    <visible>[StringCompare(ListItem.Property(Addon.Creator),)+IsEmpty(ListItem.Label2)]</visible>
                    <posx>25</posx>
                    <height>71</height>
                    <width>605</width>
                    <font>FacadeListMainFont</font>
                    <textcolor>ListNoFocusColor</textcolor>
                    <label>$INFO[ListItem.Label]</label>
                </control>
                <control type="label" description="Main Label">
                    <visible>![StringCompare(ListItem.Property(Addon.Creator),)+IsEmpty(ListItem.Label2)]</visible>
                    <posx>25</posx>
                    <height>42</height>
                    <width>605</width>
                    <font>FacadeListMainFont</font>
                    <textcolor>ListNoFocusColor</textcolor>
                    <label>$INFO[ListItem.Label]</label>
                </control>
                <control type="label" description="Label2">
                    <visible>![StringCompare(ListItem.Property(Addon.Creator),)+IsEmpty(ListItem.Label2)]</visible>
                    <posx>25</posx>
                    <posy>39</posy>
                    <height>28</height>
                    <width>380</width>
                    <font>FacadeListSubFont</font>
                    <textcolor>SublistNoFocusColor</textcolor>
                    <label>$VAR[Details]</label>
                </control>
                <control type="label" description="Label2">
                    <visible>![StringCompare(ListItem.Property(Addon.Creator),)+IsEmpty(ListItem.Label2)]</visible>
                    <posx>630</posx>
                    <posy>39</posy>
                    <height>28</height>
                    <width>200</width>
                    <align>right</align>
                    <font>FacadeListSubFont</font>
                    <textcolor>SublistNoFocusColor</textcolor>
                    <label>$INFO[ListItem.Label2]</label>
                </control>
            </itemlayout>
            <focusedlayout height="73" width="660">
                <control type="image">
                    <posx>0</posx>
                    <posy>0</posy>
                    <height>73</height>
                    <width>660</width>
                    <texture border="3">list/bg_facade_focus.png</texture>
                </control>
                <control type="label" description="Main Label">
                    <visible>[StringCompare(ListItem.Property(Addon.Creator),)+IsEmpty(ListItem.Label2)]</visible>
                    <posx>25</posx>
                    <height>71</height>
                    <width>605</width>
                    <font>FacadeListMainFont</font>
                    <textcolor>ListFocusColor</textcolor>
                    <label>$INFO[ListItem.Label]</label>
                </control>
                <control type="label" description="Main Label">
                    <visible>![StringCompare(ListItem.Property(Addon.Creator),)+IsEmpty(ListItem.Label2)]</visible>
                    <posx>25</posx>
                    <height>42</height>
                    <width>605</width>
                    <font>FacadeListMainFont</font>
                    <textcolor>ListFocusColor</textcolor>
                    <label>$INFO[ListItem.Label]</label>
                </control>
                <control type="label" description="Label2">
                    <visible>![StringCompare(ListItem.Property(Addon.Creator),)+IsEmpty(ListItem.Label2)]</visible>
                    <posx>25</posx>
                    <posy>39</posy>
                    <height>28</height>
                    <width>380</width>
                    <font>FacadeListSubFont</font>
                    <textcolor>SublistFocusColor</textcolor>
                    <label>$VAR[Details]</label>
                </control>
                <control type="label" description="Label2">
                    <visible>![StringCompare(ListItem.Property(Addon.Creator),)+IsEmpty(ListItem.Label2)]</visible>
                    <posx>630</posx>
                    <posy>39</posy>
                    <height>28</height>
                    <width>200</width>
                    <align>right</align>
                    <font>FacadeListSubFont</font>
                    <textcolor>SublistFocusColor</textcolor>
                    <label>$INFO[ListItem.Label2]</label>
                </control>
            </focusedlayout>
        </control>
        <!-- SIDE MENU -->
        <control type="group" description="Side menu 9000 group">
            <include>LeftMenu</include>
            <control type="label">
                <include>LeftMenuTitleLabel</include>
                <label>$LOCALIZE[582]</label>
            </control>
            <control type="grouplist" id="9000">
                <include>LeftMenuButtonGroup</include>
                <onleft>9000</onleft>
                <onright>50</onright>
                <onup>9000</onup>
                <ondown>9000</ondown>
                <onback>50</onback>
                <!-- <include>9000GrouplistParameters</include> -->
                <!-- <control type="button" id="2">
                    <include>LeftMenuButton</include>
                    <label>-</label>
                </control> -->
                <control type="button" id="3">
                    <include>LeftMenuButton</include>
                    <label>$LOCALIZE[103]</label>
                </control>
                <control type="togglebutton" id="4">
                    <include>LeftMenuButton</include>
                    <label>$LOCALIZE[31051]</label>
                    <altlabel>$LOCALIZE[31050]</altlabel>
                    <usealttexture>Container.SortDirection(Ascending)</usealttexture>
                </control>
                <control type="radiobutton" id="5">
                    <include>LeftMenuButton</include>
                    <label>$LOCALIZE[24063]</label>
                </control>
                <control type="radiobutton" id="6">
                    <include>LeftMenuButton</include>
                    <label>$LOCALIZE[25000]</label>
                </control>
                <control type="radiobutton" id="7">
                    <include>LeftMenuButton</include>
                    <label>$LOCALIZE[25001]</label>
                </control>
            </control>
        </control>
        <control type="scrollbar" id="60">
            <animation effect="slide" start="0,0" end="-8,0" time="150">Focus</animation>
            <animation effect="slide" start="-8,0" end="0,0" time="300">UnFocus</animation>
            <posx>1899</posx>
            <posy>426</posy>
            <height>584</height>
            <include>VerticalScroller</include>
            <onleft>50</onleft>
            <onright>9000</onright>
        </control>
    </controls>
</window>
