<?xml version="1.0" encoding="utf-8"?>
<window type="dialog" id="1115">
    <defaultcontrol always="true">9000</defaultcontrol>
    <include>DialogOpenClose</include>
    <controls>
        <include>DimBG</include>
        <control type="group" description="MENU">
            <control type="image" description="Menu BG">
                <posx>605</posx>
                <posy>197</posy>
                <width>710</width>
                <height>686</height>
                <texture border="84">common/bg_dialog.png</texture>
            </control>
            <control type="label" description="Heading">
                <posx>695</posx>
                <posy>252</posy>
                <width>530</width>
                <height>100</height>
                <font>InfoTitleFont</font>
                <textcolor>MainColor</textcolor>
                <align>center</align>
                <label>$LOCALIZE[342]</label>
            </control>
            <control type="image">
                <posx>650</posx>
                <posy>272</posy>
                <width>620</width>
                <height>79</height>
                <texture>list/bg_facade_nofocus_top.png</texture>
            </control>
            <control type="grouplist" id="9000" description="Movie entry points">
                <posx>650</posx>
                <posy>351</posy>
                <width>620</width>
                <height>500</height>
                <onleft>noop</onleft>
                <onright>noop</onright>
                <onup>9000</onup>
                <ondown>9000</ondown>
                <itemgap>0</itemgap>
                <scrolltime>280</scrolltime>
                <defaultcontrol always="true">701</defaultcontrol>
                <control type="radiobutton" id="701" description="All Movies">
                    <width>620</width>
                    <radioposx>520</radioposx>
                    <include>LeftMenuButton</include>
                    <label>$LOCALIZE[31502]</label>
                    <onclick>Skin.Reset(CustomMovie.1.Label)</onclick>
                    <onclick>Skin.Reset(CustomMovie.1.Path)</onclick>
                    <onclick>Skin.Reset(movie_entries)</onclick>
                    <selected>IsEmpty(Skin.String(movie_entries)) + IsEmpty(Skin.String(CustomMovie.1.Path))</selected>
                </control>
                <control type="radiobutton" id="702" description="Playlists">
                    <width>620</width>
                    <radioposx>520</radioposx>
                    <include>LeftMenuButton</include>
                    <label>$LOCALIZE[136]</label>
                    <onclick>Skin.Reset(CustomMovie.1.Label)</onclick>
                    <onclick>Skin.Reset(CustomMovie.1.Path)</onclick>
                    <onclick>Skin.SetString(movie_entries,playlists)</onclick>
                    <selected>StringCompare(Skin.String(movie_entries),playlists)</selected>
                </control>
                <control type="radiobutton" id="703" description="Files">
                    <width>620</width>
                    <radioposx>520</radioposx>
                    <include>LeftMenuButton</include>
                    <label>$LOCALIZE[744]</label>
                    <onclick>Skin.Reset(CustomMovie.1.Label)</onclick>
                    <onclick>Skin.Reset(CustomMovie.1.Path)</onclick>
                    <onclick>Skin.SetString(movie_entries,files)</onclick>
                    <selected>StringCompare(Skin.String(movie_entries),files)</selected>
                </control>
                <control type="radiobutton" id="704" description="Library">
                    <width>620</width>
                    <radioposx>520</radioposx>
                    <include>LeftMenuButton</include>
                    <label>$LOCALIZE[15100]</label>
                    <onclick>Skin.Reset(CustomMovie.1.Label)</onclick>
                    <onclick>Skin.Reset(CustomMovie.1.Path)</onclick>
                    <onclick>Skin.SetString(movie_entries,library)</onclick>
                    <selected>StringCompare(Skin.String(movie_entries),library)</selected>
                </control>
                <control type="radiobutton" id="705" description="Custom">
                    <visible>IsEmpty(Skin.String(CustomMovie.1.Path))</visible>
                    <width>620</width>
                    <radioposx>520</radioposx>
                    <include>LeftMenuButton</include>
                    <label>636</label>
                    <onclick>Skin.Reset(movie_entries)</onclick>
                    <onclick>RunScript(script.favourites,changetitle=true&amp;property=CustomMovie.1)</onclick>
                    <selected>false</selected>
                </control>
                <control type="radiobutton" id="706" description="Custom">
                    <visible>!IsEmpty(Skin.String(CustomMovie.1.Path))</visible>
                    <width>620</width>
                    <radioposx>520</radioposx>
                    <include>LeftMenuButton</include>
                    <label>$INFO[Skin.String(CustomMovie.1.Label)]</label>
                    <onclick>Skin.Reset(movie_entries)</onclick>
                    <onclick>RunScript(script.favourites,changetitle=true&amp;property=CustomMovie.1)</onclick>
                    <selected>!IsEmpty(Skin.String(CustomMovie.1.Path))</selected>
                </control>
            </control>
        </control>
    </controls>
</window>
