<?xml version="1.0" encoding="utf-8"?>
<window type="dialog" id="1114">
    <defaultcontrol always="true">9000</defaultcontrol>
    <include>DialogOpenClose</include>
    <controls>
        <include>DimBG</include>
        <control type="group" description="MENU">
            <posy>-35</posy>
            <control type="image" description="Menu BG">
                <posx>605</posx>
                <posy>197</posy>
                <width>710</width>
                <height>757</height>
                <texture border="84">common/bg_dialog.png</texture>
            </control>
            <control type="label" description="Heading">
                <posx>695</posx>
                <posy>252</posy>
                <width>530</width>
                <height>100</height>
                <font>InfoTitleShortFont</font>
                <textcolor>MainColor</textcolor>
                <align>center</align>
                <label>$LOCALIZE[13008]</label>
            </control>
            <control type="image">
                <posx>650</posx>
                <posy>272</posy>
                <width>620</width>
                <height>79</height>
                <texture>list/bg_facade_nofocus_top.png</texture>
            </control>
            <control type="grouplist" id="9000" description="Video OSD Options">
                <posx>650</posx>
                <posy>351</posy>
                <width>620</width>
                <height>497</height>
                <onleft>noop</onleft>
                <onright>noop</onright>
                <onup>9000</onup>
                <ondown>9000</ondown>
                <itemgap>0</itemgap>
                <scrolltime>280</scrolltime>
                <defaultcontrol always="true">701</defaultcontrol>
                <control type="radiobutton" id="701" description="Menu">
                    <width>620</width>
                    <radioposx>520</radioposx>
                    <include>LeftMenuButton</include>
                    <label>$LOCALIZE[31983]</label>
                    <onclick>Skin.Reset(shutdown)</onclick>
                    <selected>IsEmpty(Skin.String(shutdown))</selected>
                </control>
                <control type="radiobutton" id="702" description="Suspend">
                    <width>620</width>
                    <radioposx>520</radioposx>
                    <include>LeftMenuButton</include>
                    <enable>System.CanSuspend</enable>
                    <label>$LOCALIZE[13011]</label>
                    <onclick>Skin.SetString(shutdown,suspend)</onclick>
                    <selected>StringCompare(Skin.String(shutdown),suspend)</selected>
                </control>
                <control type="radiobutton" id="703" description="Hibernate">
                    <width>620</width>
                    <radioposx>520</radioposx>
                    <include>LeftMenuButton</include>
                    <enable>System.CanHibernate</enable>
                    <label>$LOCALIZE[13010]</label>
                    <onclick>Skin.SetString(shutdown,hibernate)</onclick>
                    <selected>StringCompare(Skin.String(shutdown),hibernate)</selected>
                </control>
                <control type="radiobutton" id="704" description="Shutdown">
                    <width>620</width>
                    <radioposx>520</radioposx>
                    <include>LeftMenuButton</include>
                    <enable>System.CanPowerdown</enable>
                    <label>$LOCALIZE[13005]</label>
                    <onclick>Skin.SetString(shutdown,powerdown)</onclick>
                    <selected>StringCompare(Skin.String(shutdown),powerdown)</selected>
                </control>
                <control type="radiobutton" id="705" description="Reboot">
                    <width>620</width>
                    <radioposx>520</radioposx>
                    <include>LeftMenuButton</include>
                    <enable>System.CanReboot</enable>
                    <label>$LOCALIZE[13013]</label>
                    <onclick>Skin.SetString(shutdown,reboot)</onclick>
                    <selected>StringCompare(Skin.String(shutdown),reboot)</selected>
                </control>
                <control type="radiobutton" id="706" description="Quit">
                    <width>620</width>
                    <radioposx>520</radioposx>
                    <include>LeftMenuButton</include>
                    <label>$LOCALIZE[13009]</label>
                    <onclick>Skin.SetString(shutdown,quit)</onclick>
                    <selected>StringCompare(Skin.String(shutdown),quit)</selected>
                </control>
                <control type="radiobutton" id="707" description="Custom Shutdown Timer">
                    <width>620</width>
                    <radioposx>520</radioposx>
                    <include>LeftMenuButton</include>
                    <enable>System.CanPowerDown | System.CanSuspend | System.CanHibernate</enable>
                    <label>$LOCALIZE[20144]</label>
                    <onclick>Skin.SetString(shutdown,timer)</onclick>
                    <selected>StringCompare(Skin.String(shutdown),timer)</selected>
                </control>
            </control>
        </control>
    </controls>
</window>
