<?xml version="1.0" encoding="utf-8"?>
<window id="1119">
    <defaultcontrol always="true">50</defaultcontrol>
    <include>OpenClose</include>
    <controls>
        <control type="group" description="fanart">
            <include>Fanart_Art</include>
        </control>
        <include>Player_Show</include>
        <include>Time</include>
        <control type="label">
            <include>WindowTitle</include>
            <label>$LOCALIZE[0]</label>
        </control>
        <control type="label">
            <include>WindowTitleSub</include>
            <label>$VAR[GlobalSubTitles]</label>
        </control>
        <!-- COMMON -->
        <control type="group" description="COMMON">
            <control type="group" description="Generic Thumb">
                <posy>219</posy>
                <control type="image" description="Thumb">
                    <posx>18</posx>
                    <posy>411</posy>
                    <width>435</width>
                    <height>435</height>
                    <include>SquareThumb</include>
                    <include>ThumbBorder</include>
                </control>
            </control>
        </control>
        <control type="image">
            <posx>1224</posx>
            <posy>350</posy>
            <width>2058</width>
            <height>900</height>
            <texture border="90">common/bg_tvguide.png</texture>
        </control>
        <control type="image">
            <posx>1260</posx>
            <posy>353</posy>
            <width>660</width>
            <height>73</height>
            <texture border="3">list/bg_facade_nofocus_top.png</texture>
        </control>
        <control type="image">
            <visible>!IntegerGreaterThan(Container(50).NumItems,7)</visible>
            <posx>1260</posx>
            <posy>937</posy>
            <width>660</width>
            <height>73</height>
            <texture border="3">list/bg_facade_nofocus_top.png</texture>
        </control>
        <control type="list" id="50">
            <viewtype label="535">List</viewtype>
            <posx>1260</posx>
            <posy>426</posy>
            <width>660</width>
            <height>584</height>
            <pagecontrol>60</pagecontrol>
            <onleft>9000</onleft>
            <onright>60</onright>
            <onup>50</onup>
            <ondown>50</ondown>
            <preloaditems>4</preloaditems>
            <include>List_Layout</include>
            <content>
                <item id="2" description="Program apps">
                    <visible>!Skin.HasSetting(Addons.Hide)</visible>
                    <label>$LOCALIZE[0]</label>
                    <onclick condition="!System.Platform.Android">ActivateWindow(Programs,Addons,return)</onclick>
                    <onclick condition="System.Platform.Android">ActivateWindow(Programs)</onclick>
                </item>
                <item id="3" description="Video apps">
                    <visible>!Skin.HasSetting(Addons.Hide)</visible>
                    <label>$LOCALIZE[1037]</label>
                    <onclick>ActivateWindow(VideoLibrary,Addons,return)</onclick>
                </item>
                <item id="4" description="Music apps">
                    <visible>!Skin.HasSetting(Addons.Hide)</visible>
                    <label>$LOCALIZE[1038]</label>
                    <onclick condition="Library.HasContent(Music)">ActivateWindow(MusicLibrary,Addons,return)</onclick>
                    <onclick condition="!Library.HasContent(Music)">ActivateWindow(MusicFiles,Addons,return)</onclick>
                </item>
                <item id="5" description="Picture apps">
                    <visible>!Skin.HasSetting(Addons.Hide)</visible>
                    <label>$LOCALIZE[1039]</label>
                    <onclick>XBMC.ActivateWindow(Pictures,Addons,return)</onclick>
                </item>
                <item id="51" description="Plexbmc Picture channels">
                    <visible>Skin.HasSetting(plexbmc)</visible>
                    <label>$LOCALIZE[31000]</label>
                    <onclick>ActivateWindow(pictures,"plugin://plugin.video.plexbmc/?url=http://photo&amp;mode=22",return)</onclick>
                </item>
                <item id="52" description="Plexbmc Video channels">
                    <visible>Skin.HasSetting(plexbmc)</visible>
                    <label>$LOCALIZE[31001]</label>
                    <onclick>ActivateWindow(Videos,"plugin://plugin.video.plexbmc/?url=http://video&amp;mode=22",return)</onclick>
                </item>
                <item id="53" description="Plexbmc Music channels">
                    <visible>Skin.HasSetting(plexbmc)</visible>
                    <label>$LOCALIZE[31002]</label>
                    <onclick condition="!Library.HasContent(music)">ActivateWindow(MusicFiles,"plugin://plugin.video.plexbmc/?url=http://music&amp;mode=22",return)</onclick>
                    <onclick condition="Library.HasContent(music)">ActivateWindow(MusicLibrary,"plugin://plugin.video.plexbmc/?url=http://music&amp;mode=22",return)</onclick>
                </item>
                <item id="50" description="Channels">
                    <visible>Skin.HasSetting(plexbmc)</visible>
                    <label>$LOCALIZE[31003]</label>
                    <thumb>special://skin/backgrounds/Channels.jpg</thumb>
                    <onclick>ActivateWindow(Videos,"plugin://plugin.video.plexbmc/?mode=22&amp;url=http://online%2fsystem%2fplugins%2fall",return)</onclick>
                </item>
                <item id="2" description="Addons">
                    <visible>!Skin.HasSetting(Addons.Hide)</visible>
                    <label>$LOCALIZE[10040]</label>
                    <thumb fallback="special://skin/backgrounds/Addons.jpg">$INFO[Skin.String(Addons.Background)]</thumb>
                    <onclick>ActivateWindow(AddonBrowser,root)</onclick>
                </item>
            </content>
        </control>
        <control type="scrollbar" id="60">
            <animation effect="slide" start="0,0" end="-8,0" time="150">Focus</animation>
            <animation effect="slide" start="-8,0" end="0,0" time="300">UnFocus</animation>
            <posx>1899</posx>
            <posy>421</posy>
            <height>586</height>
            <include>VerticalScroller</include>
            <onleft>50</onleft>
            <onright>9000</onright>
        </control>
        <control type="label">
            <include>FacadeNumItems</include>
            <label>$INFO[Container(50).NumItems] $LOCALIZE[31025]</label>
        </control>
    </controls>
</window>
