<?xml version="1.0" encoding="utf-8"?>
<window>
    <defaultcontrol always="true">10</defaultcontrol>
    <include>DialogOpenClose</include>
    <controls>
        <include>DimBG</include>
        <control type="image">
            <posx>483</posx>
            <posy>280</posy>
            <width>954</width>
            <height>520</height>
            <texture border="94">common/bg_dialog.png</texture>
        </control>
        <control type="group">
            <posx>528</posx>
            <posy>317</posy>
            <control type="label" description="Heading">
                <posx>45</posx>
                <posy>18</posy>
                <width>774</width>
                <height>100</height>
                <font>InfoTitleFont</font>
                <textcolor>MainColor</textcolor>
                <align>center</align>
                <label>$ADDON[pvr.wmc 30120]</label>
            </control>
            <control type="image">
                <posx>0</posx>
                <posy>38</posy>
                <width>864</width>
                <height>79</height>
                <texture>list/bg_facade_nofocus_top.png</texture>
            </control>
            <control type="label" description="program title" id="20">
                <posx>45</posx>
                <posy>117</posy>
                <height>71</height>
                <width>774</width>
                <label>-</label>
                <font>InfoDetailsFont</font>
                <textcolor>AlternateColor</textcolor>
            </control>
            <control type="group" id="9001">
                <posy>0</posy>
                <control type="radiobutton" id="10" description="Episode rec">
                    <posx>45</posx>
                    <posy>187</posy>
                    <height>73</height>
                    <width>774</width>
                    <label>-</label>
                    <font>InfoDetailsFont</font>
                    <textcolor>MainColor</textcolor>
                    <label>$ADDON[pvr.wmc 30121]</label>
                    <textoffsetx>0</textoffsetx>
                    <radioposx>700</radioposx>
                    <texturefocus>-</texturefocus>
                    <texturenofocus>-</texturenofocus>
                    <onup>1</onup>
                    <ondown>11</ondown>
                </control>
                <control type="radiobutton" id="11" description="Series rec">
                    <posx>45</posx>
                    <posy>256</posy>
                    <height>73</height>
                    <width>774</width>
                    <label>-</label>
                    <font>InfoDetailsFont</font>
                    <textcolor>AlternateColor</textcolor>
                    <label>$ADDON[pvr.wmc 30122]</label>
                    <textoffsetx>0</textoffsetx>
                    <radioposx>700</radioposx>
                    <texturefocus>-</texturefocus>
                    <texturenofocus>-</texturenofocus>
                    <onup>10</onup>
                    <ondown>1</ondown>
                </control>
            </control>
            <control type="image">
                <posx>0</posx>
                <posy>250</posy>
                <width>864</width>
                <height>79</height>
                <texture>list/bg_facade_nofocus_top.png</texture>
            </control>
            <control type="grouplist" id="9000">
                <posx>0</posx>
                <posy>336</posy>
                <width>864</width>
                <height>90</height>
                <itemgap>30</itemgap>
                <aligny>bottom</aligny>
                <align>center</align>
                <orientation>horizontal</orientation>
                <control type="button" id="1" description="OK">
                    <label>$LOCALIZE[186]</label>
                    <onup>11</onup>
                    <onleft>2</onleft>
                    <onright>2</onright>
                    <ondown>10</ondown>
                </control>
                <control type="button" id="2" description="Cancel">
                    <label>$LOCALIZE[222]</label>
                    <onup>11</onup>
                    <onleft>1</onleft>
                    <onright>1</onright>
                    <ondown>10</ondown>
                </control>
            </control>
        </control>
    </controls>
</window>
