<?xml version="1.0" encoding="utf-8"?>
<window type="dialog">
    <defaultcontrol always="true">10</defaultcontrol>
    <include>DialogOpenClose</include>
    <controls>
        <include>DimBG</include>
        <control type="image">
            <posx>483</posx>
            <posy>280</posy>
            <width>954</width>
            <height>520</height>
            <texture border="94">common/bg_dialog.png</texture>
        </control>
        <control type="group">
            <posx>528</posx>
            <posy>317</posy>
            <control type="label" id="1" description="Heading">
                <posx>45</posx>
                <posy>18</posy>
                <width>774</width>
                <height>100</height>
                <font>InfoTitleFont</font>
                <textcolor>MainColor</textcolor>
                <align>center</align>
            </control>
            <control type="image">
                <posx>0</posx>
                <posy>38</posy>
                <width>864</width>
                <height>79</height>
                <texture>list/bg_facade_nofocus_top.png</texture>
            </control>
            <control type="label" id="2" description="Line 1">
                <posx>45</posx>
                <posy>117</posy>
                <height>71</height>
                <width>774</width>
                <label>-</label>
                <font>InfoDetailsFont</font>
                <textcolor>AlternateColor</textcolor>
                <align>center</align>
            </control>
            <control type="label" id="3" description="Line 2">
                <posx>45</posx>
                <posy>187</posy>
                <height>71</height>
                <width>774</width>
                <label>-</label>
                <font>InfoDetailsFont</font>
                <textcolor>MainColor</textcolor>
                <align>center</align>
            </control>
            <control type="label" id="4" description="Line 3">
                <posx>45</posx>
                <posy>257</posy>
                <height>71</height>
                <width>774</width>
                <label>-</label>
                <font>InfoDetailsFont</font>
                <textcolor>AlternateColor</textcolor>
                <align>center</align>
            </control>
            <control type="image">
                <posx>0</posx>
                <posy>250</posy>
                <width>864</width>
                <height>79</height>
                <texture>list/bg_facade_nofocus_top.png</texture>
            </control>
            <control type="grouplist">
                <posx>0</posx>
                <posy>336</posy>
                <width>864</width>
                <height>90</height>
                <itemgap>30</itemgap>
                <aligny>bottom</aligny>
                <align>center</align>
                <orientation>horizontal</orientation>
                <control type="button" id="10" description="OK">
                    <label>$LOCALIZE[186]</label>
                </control>
            </control>
        </control>
    </controls>
</window>
