<?xml version="1.0" encoding="utf-8"?>
<window>
    <defaultcontrol always="true">20</defaultcontrol>
    <include>DialogOpenClose</include>
    <controls>
        <include>DimBG</include>
        <control type="image">
            <posx>333</posx>
            <posy>163</posy>
            <width>1254</width>
            <height>754</height>
            <texture border="94">common/bg_dialog.png</texture>
        </control>
        <control type="group">
            <posx>378</posx>
            <posy>200</posy>
            <control type="label" id="1" description="Heading">
                <posx>45</posx>
                <posy>18</posy>
                <width>1074</width>
                <height>100</height>
                <font>InfoTitleFont</font>
                <textcolor>MainColor</textcolor>
                <align>center</align>
                <label>$LOCALIZE[35000]</label>
            </control>
            <control type="image">
                <posx>0</posx>
                <posy>38</posy>
                <width>1164</width>
                <height>79</height>
                <texture>list/bg_facade_nofocus_top.png</texture>
            </control>
            <control type="list" id="20">
                <posx>0</posx>
                <posy>117</posy>
                <width>1164</width>
                <height>505</height>
                <itemgap>0</itemgap>
                <orientation>vertical</orientation>
                <onup>20</onup>
                <ondown>20</ondown>
                <scrolltime>300</scrolltime>
                <itemlayout height="101" width="1164">
                    <control type="image">
                        <posx>0</posx>
                        <posy>0</posy>
                        <height>101</height>
                        <width>1164</width>
                        <texture border="3">list/bg_facade_nofocus.png</texture>
                    </control>
                    <control type="label" description="Name">
                        <posx>25</posx>
                        <height>42</height>
                        <width>1114</width>
                        <font>FacadeListMainFont</font>
                        <textcolor>ListNoFocusColor</textcolor>
                        <label>$INFO[ListItem.Label]</label>
                    </control>
                    <control type="label" description="Product ID Vendor ID">
                        <posx>25</posx>
                        <posy>39</posy>
                        <height>28</height>
                        <width>1114</width>
                        <font>FacadeListSubFont</font>
                        <textcolor>SublistNoFocusColor</textcolor>
                        <label>$LOCALIZE[35504]: $INFO[ListItem.Property(Product)]  •  $LOCALIZE[35503]: $INFO[ListItem.Property(Vendor)]</label>
                    </control>
                    <control type="label" description="class">
                        <posx>25</posx>
                        <posy>67</posy>
                        <height>28</height>
                        <width>1114</width>
                        <font>FacadeListSubFont</font>
                        <textcolor>SublistNoFocusColor</textcolor>
                        <label>$LOCALIZE[35501]: $INFO[ListItem.Property(Class)]</label>
                    </control>
                </itemlayout>
                <itemlayout height="101" width="1164">
                    <control type="image">
                        <posx>0</posx>
                        <posy>0</posy>
                        <height>101</height>
                        <width>1164</width>
                        <texture border="3">list/bg_facade_focus.png</texture>
                    </control>
                    <control type="label" description="Name">
                        <posx>25</posx>
                        <height>42</height>
                        <width>1114</width>
                        <font>FacadeListMainFont</font>
                        <textcolor>ListFocusColor</textcolor>
                        <label>$INFO[ListItem.Label]</label>
                    </control>
                    <control type="label" description="Product ID Vendor ID">
                        <posx>25</posx>
                        <posy>39</posy>
                        <height>28</height>
                        <width>1114</width>
                        <font>FacadeListSubFont</font>
                        <textcolor>SublistFocusColor</textcolor>
                        <label>$LOCALIZE[35504]: $INFO[ListItem.Property(Product)]  •  $LOCALIZE[35503]: $INFO[ListItem.Property(Vendor)]</label>
                    </control>
                    <control type="label" description="class">
                        <posx>25</posx>
                        <posy>67</posy>
                        <height>28</height>
                        <width>1114</width>
                        <font>FacadeListSubFont</font>
                        <textcolor>SublistFocusColor</textcolor>
                        <label>$LOCALIZE[35501]: $INFO[ListItem.Property(Class)]</label>
                    </control>
                </itemlayout>
            </control>
            <control type="label" description="Item count">
                <posx>5816</posx>
                <posy>780</posy>
                <width>846</width>
                <height>40</height>
                <font>ItemCount</font>
                <scroll>true</scroll>
                <align>right</align>
                <label>$INFO[Container(20).NumItems] $LOCALIZE[31025]</label>
            </control>
        </control>
    </controls>
</window>
