<?xml version="1.0" encoding="utf-8"?>
<window>
    <defaultcontrol always="true">3</defaultcontrol>
    <coordinates>
        <system>1</system>
        <posx>0</posx>
        <posy>0</posy>
    </coordinates>
    <include>OpenClose</include>
    <controls>
        <include>Settings_Art</include>
        <include>Player_Show</include>
        <include>Time</include>
        <control type="label">
            <include>WindowTitle</include>
            <label>$LOCALIZE[5]</label>
        </control>
        <control type="group">
            <posy>-173</posy>
            <control type="image">
                <posx>233</posx>
                <posy>244</posy>
                <width>1454</width>
                <height>939</height>
                <texture border="90">common/bg_dialog.png</texture>
            </control>
            <control type="image">
                <posx>278</posx>
                <posy>319</posy>
                <width>1364</width>
                <height>79</height>
                <texture>list/bg_facade_nofocus_top.png</texture>
            </control>
            <control type="group">
                <control type="label">
                    <posx>323</posx>
                    <posy>296</posy>
                    <height>100</height>
                    <width>1274</width>
                    <align>center</align>
                    <font>InfoTitleFont</font>
                    <textcolor>MainColor</textcolor>
                    <label>$LOCALIZE[20344]</label>
                </control>
            </control>
            <control type="spincontrolex" id="3">
                <description>Content Picker</description>
                <posx>278</posx>
                <posy>398</posy>
                <width>931</width>
                <height>73</height>
                <align>left</align>
                <include>LeftMenuButton</include>
                <onup>28</onup>
                <ondown>5</ondown>
                <onleft>4</onleft>
                <onright>4</onright>
                <subtype>text</subtype>
            </control>
            <control type="grouplist" id="5">
                <description>control area</description>
                <posx>278</posx>
                <posy>471</posy>
                <width>931</width>
                <height>657</height>
                <itemgap>0</itemgap>
                <onup>3</onup>
                <ondown>28</ondown>
                <onleft>4</onleft>
                <onright>4</onright>
            </control>
            <control type="button" id="7">
                <description>Default Button</description>
                <posx>0</posx>
                <posy>0</posy>
                <width>931</width>
                <height>73</height>
                <include>LeftMenuButton</include>
            </control>
            <control type="radiobutton" id="8">
                <posx>0</posx>
                <posy>0</posy>
                <width>931</width>
                <height>73</height>
                <radioposx>828</radioposx>
                <include>LeftMenuButton</include>
            </control>
            <control type="group" description="Right side options group">
                <posx>0</posx>
                <posy>16</posy>
                <control type="image">
                    <posx>1209</posx>
                    <posy>382</posy>
                    <width>2</width>
                    <height>629</height>
                    <texture>list/bg_facade_vertical.png</texture>
                </control>
                <control type="image">
                    <posx>1209</posx>
                    <posy>382</posy>
                    <height>629</height>
                    <width>375</width>
                    <texture flipx="true">list/bg_strip_horizontal_left.png</texture>
                    <colordiffuse>90ffffff</colordiffuse>
                </control>
                <control type="image">
                    <posx>1209</posx>
                    <posy>376</posy>
                    <width>433</width>
                    <height>79</height>
                    <texture>list/bg_facade_nofocus_top.png</texture>
                </control>
                <control type="label" description="Options title right menu">
                    <posx>1234</posx>
                    <posy>402</posy>
                    <width>383</width>
                    <height>71</height>
                    <label>$LOCALIZE[24018]</label>
                    <font>LeftMenuTitleFont</font>
                    <align>left</align>
                    <textcolor>AlternateColor</textcolor>
                </control>
                <control type="panel" id="4" description="Scrapers">
                    <posx>1209</posx>
                    <posy>455</posy>
                    <width>433</width>
                    <height>219</height>
                    <onup>28</onup>
                    <ondown>28</ondown>
                    <onleft>3</onleft>
                    <onright>3</onright>
                    <scrolltime>200</scrolltime>
                    <itemlayout width="433" height="73">
                        <control type="image">
                            <posx>0</posx>
                            <posy>0</posy>
                            <height>73</height>
                            <width>433</width>
                            <texture border="3">list/bg_facade_nofocus.png</texture>
                        </control>
                        <control type="label" description="Main Label">
                            <posx>25</posx>
                            <height>71</height>
                            <width>383</width>
                            <font>FacadeListMainFont</font>
                            <textcolor>ListNoFocusColor</textcolor>
                            <label>$INFO[ListItem.Label]</label>
                        </control>
                    </itemlayout>
                    <focusedlayout width="433" height="73">
                        <control type="image">
                            <posx>0</posx>
                            <posy>0</posy>
                            <height>73</height>
                            <width>433</width>
                            <texture border="3">list/bg_facade_focus.png</texture>
                        </control>
                        <control type="label" description="Main Label">
                            <posx>25</posx>
                            <height>71</height>
                            <width>383</width>
                            <font>FacadeListMainFont</font>
                            <textcolor>ListFocusColor</textcolor>
                            <label>$INFO[ListItem.Label]</label>
                        </control>
                    </focusedlayout>
                </control>
            </control>
            <control type="image" description="Service Logo">
                <posx>1277</posx>
                <posy>710</posy>
                <width>300</width>
                <height>300</height>
                <aspectratio>keep</aspectratio>
                <texture>$INFO[ListItem.Icon]</texture>
                <include>ThumbBorder</include>
            </control>
            <control type="group" description="Bottom buttons">
                <posy>700</posy>
                <control type="image">
                    <posx>278</posx>
                    <posy>250</posy>
                    <width>1364</width>
                    <height>79</height>
                    <texture>list/bg_facade_nofocus_top.png</texture>
                </control>
                <control type="grouplist">
                    <posx>278</posx>
                    <posy>336</posy>
                    <width>1364</width>
                    <height>90</height>
                    <itemgap>30</itemgap>
                    <aligny>bottom</aligny>
                    <align>center</align>
                    <orientation>horizontal</orientation>
                    <control type="button" id="6">
                        <label>$LOCALIZE[5]</label>
                        <onleft>29</onleft>
                        <onright>28</onright>
                        <onup>3</onup>
                        <ondown>3</ondown>
                    </control>
                    <control type="button" id="28">
                        <label>$LOCALIZE[186]</label>
                        <onleft>6</onleft>
                        <onright>29</onright>
                        <onup>3</onup>
                        <ondown>3</ondown>
                    </control>
                    <control type="button" id="29">
                        <label>$LOCALIZE[222]</label>
                        <onleft>28</onleft>
                        <onright>6</onright>
                        <onup>3</onup>
                        <ondown>3</ondown>
                    </control>
                </control>
            </control>
        </control>
    </controls>
</window>
