<?xml version="1.0" encoding="utf-8"?>
<window>
    <defaultcontrol always="true">20</defaultcontrol>
    <coordinates>
        <system>1</system>
        <posx>32</posx>
        <posy>15</posy>
    </coordinates>
    <controls>
        <control type="group">
            <control type="image" description="Speaker">
                <visible>!player.passthrough</visible>
                <posx>0</posx>
                <posy>0</posy>
                <width>100</width>
                <height>100</height>
                <texture>volume/Volume.png</texture>
            </control>
            <control type="image" description="Speaker passthrough">
                <visible>player.passthrough</visible>
                <posx>0</posx>
                <posy>0</posy>
                <width>100</width>
                <height>100</height>
                <texture>volume/VolumeMuted.png</texture>
            </control>
            <control type="group">
                <visible>!player.passthrough</visible>
                <control type="progress" id="20">
                    <posx>-300</posx>
                    <posy>-300</posy>
                    <width>324</width>
                    <height>81</height>
                    <texturebg>-</texturebg>
                    <height>80</height>
                    <texturebg>-</texturebg>
                    <lefttexture>-</lefttexture>
                    <midtexture>-</midtexture>
                    <righttexture>-</righttexture>
                    <info>Player.Volume</info>
                </control>
                <control type="label">
                    <posx>100</posx>
                    <posy>0</posy>
                    <width>353</width>
                    <height>100</height>
                    <font>WindowTitleFont</font>
                    <textcolor>AlternateColor</textcolor>
                    <label>$INFO[Control.GetLabel(20)]</label>
                </control>
            </control>
        </control>
    </controls>
</window>
