<?xml version="1.0" encoding="utf-8"?>
<window type="dialog">
    <coordinates>
        <system>1</system>
        <posx>0</posx>
        <posy>0</posy>
    </coordinates>
    <controls>
        <control type="progress" id="10" description="Progress bar">
            <posx>708</posx>
            <posy>550</posy>
            <width>150</width>
            <height>8</height>
            <texturebg>-</texturebg>
            <midtexture>-</midtexture>
            <righttexture>-</righttexture>
            <lefttexture>-</lefttexture>
        </control>
        <control type="group" description="Content">
            <animation effect="slide" start="0,-88" end="0,0" time="200">WindowOpen</animation>
            <animation effect="slide" start="0,0" end="0,-88" time="200">WindowClose</animation>
            <posy>0</posy>
            <control type="image">
                <posx>695</posx>
                <posy>-318</posy>
                <width>530</width>
                <height>417</height>
                <texture border="90">common/bg_dialog.png</texture>
            </control>
            <control type="label" id="1" description="Progress label">
                <visible>IntegerGreaterThan(Control.GetLabel(10), 0)</visible>
                <posx>475</posx>
                <posy>0</posy>
                <height>46</height>
                <width>970</width>
                <align>center</align>
                <font>NotificationFont</font>
                <textcolor>MainColor</textcolor>
                <label>$LOCALIZE[31979]$INFO[Control.GetLabel(10), ,%]</label>
            </control>
            <control type="label" description="Progress label">
                <visible>!IntegerGreaterThan(Control.GetLabel(10), 0)</visible>
                <posx>475</posx>
                <posy>0</posy>
                <height>46</height>
                <width>970</width>
                <align>center</align>
                <font>NotificationFont</font>
                <textcolor>MainColor</textcolor>
                <label>$LOCALIZE[31979]</label>
            </control>
        </control>
    </controls>
</window>
