<?xml version="1.0" encoding="utf-8"?>
<window>
    <defaultcontrol always="true">10</defaultcontrol>
    <include>DialogOpenClose</include>
    <controls>
        <include>DimBG</include>
        <control type="image">
            <posx>333</posx>
            <posy>173</posy>
            <width>1254</width>
            <height>734</height>
            <texture border="94">common/bg_dialog.png</texture>
        </control>
        <control type="group">
            <posx>378</posx>
            <posy>210</posy>
            <control type="label" id="2" description="Heading">
                <posx>45</posx>
                <posy>18</posy>
                <width>1074</width>
                <height>100</height>
                <font>InfoTitleFont</font>
                <textcolor>MainColor</textcolor>
                <align>center</align>
                <label>$LOCALIZE[1007]</label>
            </control>
            <control type="image">
                <posx>0</posx>
                <posy>38</posy>
                <width>1164</width>
                <height>79</height>
                <texture>list/bg_facade_nofocus_top.png</texture>
            </control>
            <control type="group" id="9001">
                <posy>117</posy>
                <control type="spincontrolex" id="10" description="Protocol">
                    <label>$LOCALIZE[1008]</label>
                    <posy>0</posy>
                    <width>1164</width>
                    <onright>9000</onright>
                    <onup>18</onup>
                    <ondown>11</ondown>
                    <include>LeftMenuButton</include>
                </control>
                <control type="button" id="11" description="Server Name">
                    <posy>71</posy>
                    <width>1164</width>
                    <onright>9000</onright>
                    <onup>10</onup>
                    <ondown>16</ondown>
                    <include>LeftMenuButton</include>
                </control>
                <control type="button" id="16" description="Shared folder">
                    <posy>142</posy>
                    <width>1164</width>
                    <onright>12</onright>
                    <onup>11</onup>
                    <ondown>13</ondown>
                    <include>LeftMenuButton</include>
                </control>
                <control type="button" id="13" description="Port">
                    <label>$LOCALIZE[1013]</label>
                    <posy>213</posy>
                    <width>1164</width>
                    <onright>9000</onright>
                    <onup>16</onup>
                    <ondown>14</ondown>
                    <include>LeftMenuButton</include>
                </control>
                <control type="button" id="14" description="Username">
                    <label>$LOCALIZE[1014]</label>
                    <posy>284</posy>
                    <width>1164</width>
                    <onright>19</onright>
                    <onup>13</onup>
                    <ondown>15</ondown>
                    <include>LeftMenuButton</include>
                </control>
                <control type="button" id="15" description="Password">
                    <label>$LOCALIZE[15052]</label>
                    <posy>355</posy>
                    <width>1164</width>
                    <onright>18</onright>
                    <onup>14</onup>
                    <ondown>18</ondown>
                    <include>LeftMenuButton</include>
                </control>
            </control>
            <control type="group">
                <posx>0</posx>
                <posy>214</posy>
                <control type="image">
                    <posx>0</posx>
                    <posy>250</posy>
                    <width>1164</width>
                    <height>79</height>
                    <texture>list/bg_facade_nofocus_top.png</texture>
                </control>
                <control type="grouplist" id="9000">
                    <posx>0</posx>
                    <posy>336</posy>
                    <width>1164</width>
                    <height>90</height>
                    <itemgap>10</itemgap>
                    <aligny>bottom</aligny>
                    <align>center</align>
                    <orientation>horizontal</orientation>
                    <onup>15</onup>
                    <ondown>15</ondown>
                    <control type="button" id="12" description="Browse">
                        <width>360</width>
                        <label>$LOCALIZE[1024]</label>
                    </control>
                    <control type="button" id="19" description="Cancel">
                        <width>360</width>
                        <label>$LOCALIZE[222]</label>
                    </control>
                    <control type="button" id="18" description="OK">
                        <width>360</width>
                        <label>$LOCALIZE[186]</label>
                    </control>
                </control>
            </control>
        </control>
    </controls>
</window>
