<?xml version="1.0" encoding="utf-8"?>
<window type="dialog">
    <defaultcontrol always="true">7</defaultcontrol>
    <include>DialogOpenClose</include>
    <controls>
        <include>DimBG</include>
        <control type="group">
            <control type="image">
                <posx>233</posx>
                <posy>190</posy>
                <width>1454</width>
                <height>700</height>
                <texture border="94">common/bg_dialog.png</texture>
            </control>
            <control type="group" description="Media Info">
                <include>VisibleFadeEffect</include>
                <control type="group" description="INFO">
                    <posx>278</posx>
                    <posy>227</posy>
                    <control type="label" description="Title">
                        <posx>45</posx>
                        <posy>18</posy>
                        <width>1274</width>
                        <height>100</height>
                        <font>InfoTitleFont</font>
                        <textcolor>MainColor</textcolor>
                        <label>$INFO[ListItem.Title]</label>
                    </control>
                    <control type="image">
                        <posx>0</posx>
                        <posy>38</posy>
                        <width>1364</width>
                        <height>79</height>
                        <texture>list/bg_facade_nofocus_top.png</texture>
                    </control>
                    <control type="label">
                        <posx>45</posx>
                        <posy>117</posy>
                        <width>1274</width>
                        <height>71</height>
                        <font>InfoDetailsFont</font>
                        <textcolor>AlternateColor</textcolor>
                        <label>$INFO[ListItem.Genre]</label>
                    </control>
                    <control type="image">
                        <posx>0</posx>
                        <posy>111</posy>
                        <width>1364</width>
                        <height>79</height>
                        <texture>list/bg_facade_nofocus_top.png</texture>
                    </control>
                    <control type="label">
                        <posx>45</posx>
                        <posy>190</posy>
                        <width>612</width>
                        <height>71</height>
                        <font>InfoDetailsFont</font>
                        <textcolor>MainColor</textcolor>
                        <label>$INFO[ListItem.StartTime,, / ]$INFO[ListItem.EndTime]</label>
                    </control>
                    <control type="label">
                        <posx>1319</posx>
                        <posy>190</posy>
                        <width>612</width>
                        <height>71</height>
                        <align>right</align>
                        <font>InfoDetailsFont</font>
                        <textcolor>MainColor</textcolor>
                        <label>$INFO[ListItem.Duration]</label>
                    </control>
                    <control type="image">
                        <posx>0</posx>
                        <posy>184</posy>
                        <width>1364</width>
                        <height>79</height>
                        <texture>list/bg_facade_nofocus_top.png</texture>
                    </control>
                    <control type="textbox" description="Plot Value for TV">
                        <posx>45</posx>
                        <posy>278</posy>
                        <width>1274</width>
                        <height>210</height>
                        <pagecontrol>-</pagecontrol>
                        <textcolor>AlternateColor</textcolor>
                        <label>$INFO[ListItem.Plot]</label>
                    </control>
                    <control type="image">
                        <posx>0</posx>
                        <posy>430</posy>
                        <width>1364</width>
                        <height>79</height>
                        <texture>list/bg_facade_nofocus_top.png</texture>
                    </control>
                    <control type="grouplist">
                        <posx>0</posx>
                        <posy>516</posy>
                        <width>1364</width>
                        <height>90</height>
                        <itemgap>30</itemgap>
                        <aligny>bottom</aligny>
                        <align>center</align>
                        <orientation>horizontal</orientation>
                        <control type="button" id="5" description="Play">
                            <label>$LOCALIZE[19165]</label>
                            <altlabel>$LOCALIZE[1024]</altlabel>
                        </control>
                        <control type="button" id="6" description="Record">
                            <label>-</label>
                        </control>
                        <control type="button" id="7" description="OK">
                            <label>$LOCALIZE[186]</label>
                        </control>
                    </control>
                </control>
            </control>
        </control>
    </controls>
</window>
