<?xml version="1.0" encoding="utf-8"?>
<window>
    <defaultcontrol always="true">11</defaultcontrol>
    <include>DialogOpenClose</include>
    <controls>
        <control type="group">
            <posx>735</posx>
            <posy>105</posy>
            <control type="image">
                <posx>0</posx>
                <posy>-40</posy>
                <width>450</width>
                <height>330</height>
                <texture border="90">common/bg_dialog.png</texture>
            </control>
            <control type="image">
                <posx>46</posx>
                <posy>15</posy>
                <width>358</width>
                <height>90</height>
                <texture border="3">list/bg_facade_nofocus_top.png</texture>
            </control>
            <control type="image">
                <posx>46</posx>
                <posy>62</posy>
                <width>358</width>
                <height>90</height>
                <texture border="3">list/bg_facade_nofocus_top.png</texture>
            </control>
            <control type="label" id="10" description="Heading">
                <posx>95</posx>
                <posy>19</posy>
                <width>260</width>
                <height>80</height>
                <font>OSDTitleFont</font>
                <align>center</align>
                <textcolor>MainColor</textcolor>
                <wrapmultiline>true</wrapmultiline>
            </control>
            <control type="slider" id="11" description="Slider">
                <posx>105</posx>
                <posy>97</posy>
                <width>240</width>
                <onup>noop</onup>
                <ondown>noop</ondown>
                <onleft>11</onleft>
                <onright>11</onright>
            </control>
            <control type="label" id="12" description="Slider value">
                <posx>95</posx>
                <posy>154</posy>
                <width>260</width>
                <height>80</height>
                <align>center</align>
                <font>OSDFont</font>
                <textcolor>MainColor</textcolor>
                <wrapmultiline>true</wrapmultiline>
            </control>
        </control>
    </controls>
</window>
