<?xml version="1.0" encoding="utf-8"?>
<window>
    <defaultcontrol always="true">450</defaultcontrol>
    <include>DialogOpenClose</include>
    <coordinates>
        <system>1</system>
        <posx>0</posx>
        <posy>0</posy>
    </coordinates>
    <controls>
        <include>DimBG</include>
        <control type="group" description="Content">
            <posx>500</posx>
            <posy>202</posy>
            <control type="image">
                <posx>0</posx>
                <posy>0</posy>
                <width>920</width>
                <height>675</height>
                <texture border="90">common/bg_dialog.png</texture>
            </control>
            <control type="label" description="Header">
                <posx>90</posx>
                <posy>55</posy>
                <width>740</width>
                <height>100</height>
                <align>center</align>
                <font>InfoTitleFont</font>
                <textcolor>MainColor</textcolor>
                <info>ListItem.Label</info>
            </control>
            <control type="image">
                <posx>45</posx>
                <posy>75</posy>
                <width>830</width>
                <height>79</height>
                <texture>list/bg_facade_nofocus_top.png</texture>
            </control>
            <control type="list" id="450">
                <posx>45</posx>
                <posy>154</posy>
                <width>830</width>
                <height>438</height>
                <onleft>450</onleft>
                <onright>450</onright>
                <onup>450</onup>
                <ondown>450</ondown>
                <itemlayout width="830" height="73">
                    <control type="image">
                        <posx>0</posx>
                        <posy>0</posy>
                        <height>73</height>
                        <width>830</width>
                        <texture border="3">list/bg_facade_nofocus.png</texture>
                    </control>
                    <control type="label">
                        <posx>TextMargin</posx>
                        <height>71</height>
                        <width>740</width>
                        <font>FacadeListMainFont</font>
                        <textcolor>ListNoFocusColor</textcolor>
                        <info>ListItem.Label</info>
                    </control>
                </itemlayout>
                <focusedlayout width="830" height="73">
                    <control type="image">
                        <posx>0</posx>
                        <posy>0</posy>
                        <height>73</height>
                        <width>830</width>
                        <texture border="3">list/bg_facade_focus.png</texture>
                    </control>
                    <control type="label">
                        <posx>TextMargin</posx>
                        <height>71</height>
                        <width>740</width>
                        <font>FacadeListMainFont</font>
                        <textcolor>ListFocusColor</textcolor>
                        <info>ListItem.Label</info>
                    </control>
                </focusedlayout>
            </control>
        </control>
    </controls>
</window>
