<?xml version="1.0" encoding="utf-8"?>
<window type="dialog">
    <defaultcontrol always="true">10</defaultcontrol>
    <include>DialogOpenClose</include>
    <controls>
        <include>DimBG</include>
        <control type="group">
            <control type="image">
                <posx>233</posx>
                <posy>115</posy>
                <width>1454</width>
                <height>850</height>
                <texture border="94">common/bg_dialog.png</texture>
            </control>
            <control type="group" description="Media Info">
                <include>VisibleFadeEffect</include>
                <control type="group" description="INFO">
                    <posx>278</posx>
                    <posy>152</posy>
                    <control type="label" description="Title">
                        <posx>45</posx>
                        <posy>18</posy>
                        <width>1274</width>
                        <height>100</height>
                        <font>InfoTitleFont</font>
                        <textcolor>MainColor</textcolor>
                        <label>$INFO[ListItem.Title]</label>
                    </control>
                    <control type="image">
                        <posx>0</posx>
                        <posy>38</posy>
                        <width>1364</width>
                        <height>79</height>
                        <texture>list/bg_facade_nofocus_top.png</texture>
                    </control>
                    <control type="image" description="TV Logo">
                        <posx>57</posx>
                        <posy>149</posy>
                        <width>396</width>
                        <height>223</height>
                        <aspectratio>keep</aspectratio>
                        <texture fallback="defaultChannelTvBig.png">$INFO[ListItem.Thumb]</texture>
                    </control>
                    <control type="image">
                        <posx>30</posx>
                        <posy>122</posy>
                        <width>450</width>
                        <height>277</height>
                        <texture border="37">common/JewelCase.png</texture>
                    </control>
                    <control type="label">
                        <posx>510</posx>
                        <posy>117</posy>
                        <width>827</width>
                        <height>71</height>
                        <font>InfoDetailsFont</font>
                        <textcolor>MainColor</textcolor>
                        <label>$INFO[ListItem.StartDate]     $INFO[ListItem.StartTime]</label>
                    </control>
                    <control type="image">
                        <posx>467</posx>
                        <posy>111</posy>
                        <width>897</width>
                        <height>79</height>
                        <texture>list/bg_facade_nofocus_top.png</texture>
                    </control>
                    <control type="label">
                        <posx>510</posx>
                        <posy>190</posy>
                        <width>827</width>
                        <height>71</height>
                        <font>InfoDetailsFont</font>
                        <textcolor>AlternateColor</textcolor>
                        <label>$INFO[ListItem.Duration]</label>
                    </control>
                    <control type="image">
                        <posx>467</posx>
                        <posy>184</posy>
                        <width>897</width>
                        <height>79</height>
                        <texture>list/bg_facade_nofocus_top.png</texture>
                    </control>
                    <control type="label">
                        <posx>510</posx>
                        <posy>263</posy>
                        <width>827</width>
                        <height>71</height>
                        <font>InfoDetailsFont</font>
                        <textcolor>MainColor</textcolor>
                        <label>$INFO[ListItem.ChannelName]</label>
                    </control>
                    <control type="image">
                        <posx>467</posx>
                        <posy>257</posy>
                        <width>897</width>
                        <height>79</height>
                        <texture>list/bg_facade_nofocus_top.png</texture>
                    </control>
                    <control type="label">
                        <posx>510</posx>
                        <posy>336</posy>
                        <width>827</width>
                        <height>71</height>
                        <font>InfoDetailsFont</font>
                        <textcolor>AlternateColor</textcolor>
                        <label fallback="161">$INFO[ListItem.Genre]</label>
                    </control>
                    <control type="image">
                        <posx>0</posx>
                        <posy>330</posy>
                        <width>1364</width>
                        <height>79</height>
                        <texture>list/bg_facade_nofocus_top.png</texture>
                    </control>
                    <control type="textbox" id="400" description="Plot">
                        <posx>45</posx>
                        <posy>426</posy>
                        <width>1274</width>
                        <height>210</height>
                        <pagecontrol>-</pagecontrol>
                        <textcolor>AlternateColor</textcolor>
                        <label fallback="161">$INFO[ListItem.Plot]</label>
                    </control>
                    <control type="image">
                        <posx>0</posx>
                        <posy>580</posy>
                        <width>1364</width>
                        <height>79</height>
                        <texture>list/bg_facade_nofocus_top.png</texture>
                    </control>
                    <control type="grouplist" id="9000">
                        <posx>0</posx>
                        <posy>666</posy>
                        <width>1364</width>
                        <height>90</height>
                        <itemgap>30</itemgap>
                        <aligny>bottom</aligny>
                        <align>center</align>
                        <orientation>horizontal</orientation>
                        <control type="button" id="10" description="Play">
                            <label>$LOCALIZE[186]</label>
                            <altlabel>$LOCALIZE[1024]</altlabel>
                        </control>
                    </control>
                </control>
            </control>
        </control>
    </controls>
</window>
