<?xml version="1.0" encoding="utf-8"?>
<window>
    <allowoverlay>no</allowoverlay>
    <include>DialogOpenClose</include>
    <controls>
        <include>DimBG</include>
        <control type="group">
            <posy>-173</posy>
            <control type="image">
                <posx>233</posx>
                <posy>244</posy>
                <width>1454</width>
                <height>939</height>
                <texture border="90">common/bg_dialog.png</texture>
            </control>
            <control type="image">
                <posx>278</posx>
                <posy>319</posy>
                <width>1364</width>
                <height>79</height>
                <texture>list/bg_facade_nofocus_top.png</texture>
            </control>
            <!-- ** Required ** Do not change <id>or<type>-->
            <control type="group">
                <control type="label" id="100" description="Active service Header">
                    <posx>323</posx>
                    <posy>286</posy>
                    <height>100</height>
                    <width>1274</width>
                    <align>center</align>
                    <font>InfoTitleFont</font>
                    <textcolor>MainColor</textcolor>
                </control>
                <control type="label" description="Video File name">
                    <posx>323</posx>
                    <posy>346</posy>
                    <width>1274</width>
                    <align>center</align>
                    <font>InfoTitleSubFont</font>
                    <textcolor>AlternateColor</textcolor>
                    <label>$INFO[Player.Filename]</label>
                </control>
            </control>
            <!-- ** Required ** Do not change <id>or<type>-->
            <control type="list" id="120" description="Main list">
                <posx>278</posx>
                <posy>398</posy>
                <width>931</width>
                <height>657</height>
                <onleft>60</onleft>
                <onright>150</onright>
                <onup>120</onup>
                <ondown>120</ondown>
                <viewtype label="535">list</viewtype>
                <pagecontrol>60</pagecontrol>
                <scrolltime>200</scrolltime>
                <itemlayout height="73" width="931">
                    <control type="image">
                        <posx>0</posx>
                        <posy>0</posy>
                        <height>73</height>
                        <width>931</width>
                        <texture border="3">list/bg_facade_nofocus.png</texture>
                    </control>
                    <control type="label" description="Main Label">
                        <posx>25</posx>
                        <height>42</height>
                        <width>560</width>
                        <font>FacadeListMainFont</font>
                        <textcolor>ListNoFocusColor</textcolor>
                        <label>$INFO[ListItem.Label]</label>
                    </control>
                    <control type="label" description="Label2">
                        <posx>25</posx>
                        <posy>39</posy>
                        <height>28</height>
                        <width>876</width>
                        <font>FacadeListSubFont</font>
                        <textcolor>SublistNoFocusColor</textcolor>
                        <label>$INFO[ListItem.Label2]</label>
                    </control>
                    <control type="image">
                        <posx>594</posx>
                        <posy>3</posy>
                        <width>36</width>
                        <height>36</height>
                        <aspectratio>keep</aspectratio>
                        <texture>badges/subtitle_sync.png</texture>
                        <visible>ListItem.property(sync)</visible>
                    </control>
                    <control type="image">
                        <posx>660</posx>
                        <posy>3</posy>
                        <width>36</width>
                        <height>36</height>
                        <aspectratio>keep</aspectratio>
                        <texture>badges/subtitle_cc.png</texture>
                        <visible>ListItem.property(hearing_imp)</visible>
                    </control>
                    <control type="image">
                        <posx>726</posx>
                        <posy>3</posy>
                        <width>180</width>
                        <height>36</height>
                        <texture>badges/rating$INFO[ListItem.ActualIcon].png</texture>
                    </control>
                </itemlayout>
                <focusedlayout height="73" width="931">
                    <control type="image">
                        <posx>0</posx>
                        <posy>0</posy>
                        <height>73</height>
                        <width>931</width>
                        <texture border="3">list/bg_facade_focus.png</texture>
                    </control>
                    <control type="label" description="Main Label">
                        <posx>25</posx>
                        <height>42</height>
                        <width>560</width>
                        <font>FacadeListMainFont</font>
                        <textcolor>ListFocusColor</textcolor>
                        <label>$INFO[ListItem.Label]</label>
                    </control>
                    <control type="label" description="Label2">
                        <posx>25</posx>
                        <posy>39</posy>
                        <height>28</height>
                        <width>876</width>
                        <font>FacadeListSubFont</font>
                        <textcolor>SublistFocusColor</textcolor>
                        <label>$INFO[ListItem.Label2]</label>
                    </control>
                    <control type="image">
                        <posx>594</posx>
                        <posy>3</posy>
                        <width>36</width>
                        <height>36</height>
                        <aspectratio>keep</aspectratio>
                        <texture>badges/subtitle_sync.png</texture>
                        <visible>ListItem.property(sync)</visible>
                    </control>
                    <control type="image">
                        <posx>660</posx>
                        <posy>3</posy>
                        <width>36</width>
                        <height>36</height>
                        <aspectratio>keep</aspectratio>
                        <texture>badges/subtitle_cc.png</texture>
                        <visible>ListItem.property(hearing_imp)</visible>
                    </control>
                    <control type="image">
                        <posx>726</posx>
                        <posy>3</posy>
                        <width>180</width>
                        <height>36</height>
                        <texture>badges/rating$INFO[ListItem.ActualIcon].png</texture>
                    </control>
                </focusedlayout>
            </control>
            <control type="scrollbar" id="60">
                <animation effect="slide" start="0,0" end="-6,0" time="150">Focus</animation>
                <animation effect="slide" start="-6,0" end="0,0" time="300">UnFocus</animation>
                <posx>1178</posx>
                <posy>398</posy>
                <height>657</height>
                <include>VerticalScroller</include>
                <onleft>120</onleft>
                <onright>120</onright>
            </control>
            <control type="group" id="250" description="Right side options group">
                <posx>0</posx>
                <posy>16</posy>
                <control type="image">
                    <posx>1209</posx>
                    <posy>382</posy>
                    <width>2</width>
                    <height>735</height>
                    <texture>list/bg_facade_vertical.png</texture>
                </control>
                <control type="image">
                    <posx>1209</posx>
                    <posy>382</posy>
                    <height>735</height>
                    <width>375</width>
                    <texture flipx="true">list/bg_strip_horizontal_left.png</texture>
                    <colordiffuse>90ffffff</colordiffuse>
                </control>
                <control type="image">
                    <posx>1209</posx>
                    <posy>376</posy>
                    <width>433</width>
                    <height>79</height>
                    <texture>list/bg_facade_nofocus_top.png</texture>
                </control>
                <control type="label" description="Options title right menu">
                    <posx>1234</posx>
                    <posy>402</posy>
                    <width>383</width>
                    <height>71</height>
                    <label>$LOCALIZE[24018]</label>
                    <font>LeftMenuTitleFont</font>
                    <align>left</align>
                    <textcolor>AlternateColor</textcolor>
                </control>
                <control type="list" id="150">
                    <posx>1209</posx>
                    <posy>455</posy>
                    <width>433</width>
                    <height>292</height>
                    <onleft>120</onleft>
                    <onright>61</onright>
                    <onup>150</onup>
                    <ondown>160</ondown>
                    <scrolltime>200</scrolltime>
                    <pagecontrol>61</pagecontrol>
                    <itemlayout width="433" height="73">
                        <control type="image">
                            <posx>0</posx>
                            <posy>0</posy>
                            <height>73</height>
                            <width>433</width>
                            <texture border="3">list/bg_facade_nofocus.png</texture>
                        </control>
                        <control type="label" description="Main Label">
                            <posx>25</posx>
                            <height>71</height>
                            <width>383</width>
                            <font>FacadeListMainFont</font>
                            <textcolor>ListNoFocusColor</textcolor>
                            <label>$INFO[ListItem.Label]</label>
                        </control>
                    </itemlayout>
                    <focusedlayout width="433" height="73">
                        <control type="image">
                            <posx>0</posx>
                            <posy>0</posy>
                            <height>73</height>
                            <width>433</width>
                            <texture border="3">list/bg_facade_focus.png</texture>
                        </control>
                        <control type="label" description="Main Label">
                            <posx>25</posx>
                            <height>71</height>
                            <width>383</width>
                            <font>FacadeListMainFont</font>
                            <textcolor>ListFocusColor</textcolor>
                            <label>$INFO[ListItem.Label]</label>
                        </control>
                    </focusedlayout>
                </control>
                <control type="scrollbar" id="61">
                    <posx>1611</posx>
                    <posy>455</posy>
                    <height>292</height>
                    <include>VerticalScroller</include>
                    <onleft>150</onleft>
                    <onright>150</onright>
                </control>
                <control type="image">
                    <posx>1209</posx>
                    <posy>745</posy>
                    <width>433</width>
                    <height>8</height>
                    <texture>list/bg_facade_separator.png</texture>
                </control>
                <control type="button" id="160">
                    <description>Manual search button</description>
                    <posx>1209</posx>
                    <posy>753</posy>
                    <width>433</width>
                    <onleft>120</onleft>
                    <onright>120</onright>
                    <onup>150</onup>
                    <ondown>150</ondown>
                    <label>$LOCALIZE[24120]</label>
                    <textoffsetx>25</textoffsetx>
                    <include>LeftMenuButton</include>
                </control>
            </control>
            <control type="image" id="110" description="Service Logo">
                <posx>1242</posx>
                <posy>858</posy>
                <width>370</width>
                <height>231</height>
                <aspectratio>keep</aspectratio>
                <include>ThumbBorder</include>
            </control>
            <control type="label" id="140" description="Searching...">
                <posx>1179</posx>
                <posy>1065</posy>
                <width>876</width>
                <align>right</align>
                <font>FacadeNumItemsFont</font>
                <textcolor>FacadeNumItemsColor</textcolor>
            </control>
            <control type="group" id="111">
                <control type="grouplist">
                    <posx>1242</posx>
                    <posy>1075</posy>
                    <width>370</width>
                    <height>60</height>
                    <align>center</align>
                    <orientation>horizontal</orientation>
                    <itemgap>8</itemgap>
                    <control type="label" id="130" description="Notification Local subtitle available">
                        <width>370</width>
                        <height>60</height>
                        <textcolor>MainColor</textcolor>
                        <label>31357</label>
                        <font>NotificationFont</font>
                        <align>center</align>
                        <aligny>center</aligny>
                        <!-- <wrapmultiline>true</wrapmultiline> -->
                    </control>
                </control>
            </control>
        </control>
    </controls>
</window>
