<?xml version="1.0" encoding="utf-8"?>
<window type="dialog">
    <zorder>3</zorder>
    <coordinates>
        <system>1</system>
        <posx>0</posx>
        <posy>0</posy>
    </coordinates>
    <controls>
        <control type="group" description="Content">
            <animation effect="slide" start="0,-88" end="0,0" time="200">WindowOpen</animation>
            <animation effect="slide" start="0,0" end="0,-88" time="200">WindowClose</animation>
            <posy>0</posy>
            <control type="image">
                <posx>395</posx>
                <posy>-330</posy>
                <width>1130</width>
                <height>417</height>
                <texture>common/bg_dialog.png</texture>
            </control>
            <control type="label" description="Message">
                <posx>475</posx>
                <posy>0</posy>
                <height>46</height>
                <width>970</width>
                <scroll>true</scroll>
                <align>center</align>
                <font>NotificationFont</font>
                <textcolor>MainColor</textcolor>
                <label>$INFO[Control.GetLabel(401)]$INFO[Control.GetLabel(402),  •  ]</label>
            </control>
            <control type="image" id="400" description="File Icon">
                <visible>false</visible>
                <posx>12</posx>
                <posy>312</posy>
                <width>112</width>
                <height>112</height>
                <texture>DefaultIconWarning.png</texture>
            </control>
            <control type="image" id="403" description="Default Icon">
                <visible>false</visible>
                <posx>12</posx>
                <posy>-312</posy>
                <width>112</width>
                <height>112</height>
                <texture>DefaultIconWarning.png</texture>
            </control>
            <control type="image" id="404" description="Default Warning">
                <visible>false</visible>
                <posx>12</posx>
                <posy>-312</posy>
                <width>112</width>
                <height>112</height>
                <texture>DefaultIconWarning.png</texture>
            </control>
            <control type="image" id="405" description="Default Error">
                <visible>false</visible>
                <posx>12</posx>
                <posy>-312</posy>
                <width>112</width>
                <height>112</height>
                <texture>DefaultIconWarning.png</texture>
            </control>
            <control type="label" id="401" description="Heading">
                <posx>153</posx>
                <posy>0</posy>
                <height>40</height>
                <width>570</width>
                <scroll>true</scroll>
                <font>-</font>
            </control>
            <control type="label" id="402" description="Message">
                <posx>153</posx>
                <posy>40</posy>
                <height>40</height>
                <width>570</width>
                <scroll>true</scroll>
                <font>-</font>
            </control>
        </control>
    </controls>
</window>
