<?xml version="1.0" encoding="utf-8"?>
<window>
    <defaultcontrol always="true">10</defaultcontrol>
    <include>DialogOpenClose</include>
    <controls>
        <include>DimBG</include>
        <control type="group">
            <posy>-219</posy>
            <control type="image">
                <posx>133</posx>
                <posy>244</posy>
                <width>1654</width>
                <height>1029</height>
                <texture border="90">common/bg_dialog.png</texture>
            </control>
            <control type="image">
                <posx>178</posx>
                <posy>292</posy>
                <width>1564</width>
                <height>90</height>
                <texture border="3">list/bg_facade_nofocus_top.png</texture>
            </control>
            <control type="label">
                <posx>223</posx>
                <posy>323</posy>
                <height>36</height>
                <width>1474</width>
                <align>center</align>
                <font>InfoTitleFont</font>
                <textcolor>MainColor</textcolor>
                <label>$INFO[ListItem.TrackNumber,,. ]$INFO[ListItem.Title]</label>
            </control>
            <control type="image">
                <posx>1309</posx>
                <posy>382</posy>
                <width>2</width>
                <height>736</height>
                <texture>list/bg_facade_vertical.png</texture>
            </control>
            <control type="image">
                <posx>1309</posx>
                <posy>382</posy>
                <height>736</height>
                <width>375</width>
                <texture flipx="true">list/bg_strip_horizontal_left.png</texture>
                <colordiffuse>90ffffff</colordiffuse>
            </control>
            <control type="grouplist" id="9000">
                <posx>1309</posx>
                <posy>382</posy>
                <width>433</width>
                <height>438</height>
                <itemgap>0</itemgap>
                <orientation>vertical</orientation>
                <scrolltime>200</scrolltime>
                <onup>10</onup>
                <ondown>10</ondown>
                <control type="button" id="14" description="Decrease Rating">
                    <include>RightDialogButton</include>
                    <label>$LOCALIZE[563] -</label>
                    <onclick>DecreaseRating</onclick>
                    <onup>10</onup>
                    <ondown>15</ondown>
                </control>
                <control type="button" id="15" description="Increase Rating">
                    <include>RightDialogButton</include>
                    <label>$LOCALIZE[563] +</label>
                    <onclick>IncreaseRating</onclick>
                    <onup>14</onup>
                    <ondown>12</ondown>
                </control>
                <control type="button" id="12" description="album">
                    <include>RightDialogButton</include>
                    <label>$LOCALIZE[558]</label>
                    <onup>15</onup>
                    <ondown>13</ondown>
                </control>
                <control type="button" id="13" description="get thumb">
                    <include>RightDialogButton</include>
                    <label>$LOCALIZE[13405]</label>
                    <onup>12</onup>
                    <ondown>10</ondown>
                </control>
            </control>
            <control type="image">
                <posx>1342</posx>
                <posy>714</posy>
                <width>370</width>
                <height>370</height>
                <include>SquareThumb</include>
                <include>ThumbBorder</include>
            </control>
            <control type="group">
                <posx>178</posx>
                <posy>382</posy>
                <control type="list" id="49">
                    <posx>0</posx>
                    <posy>0</posy>
                    <width>1131</width>
                    <height>365</height>
                    <pagecontrol>-</pagecontrol>
                    <scrolltime>200</scrolltime>
                    <itemlayout height="73">
                        <control type="image">
                            <posx>0</posx>
                            <posy>0</posy>
                            <height>73</height>
                            <width>1131</width>
                            <texture border="3">list/bg_facade_nofocus.png</texture>
                        </control>
                        <control type="label" description="Label2">
                            <posx>TextMargin</posx>
                            <posy>2</posy>
                            <height>28</height>
                            <width>1041</width>
                            <font>FacadeListSubFont</font>
                            <textcolor>SublistFocusColor</textcolor>
                            <label>$INFO[ListItem.Label]</label>
                        </control>
                        <control type="label" description="Main Label">
                            <posx>TextMargin</posx>
                            <posy>26</posy>
                            <height>42</height>
                            <width>1041</width>
                            <font>FacadeListMainFont</font>
                            <textcolor>ListFocusColor</textcolor>
                            <label>$INFO[ListItem.Label2]</label>
                        </control>
                    </itemlayout>
                    <focusedlayout height="73">
                        <control type="image">
                            <posx>0</posx>
                            <posy>0</posy>
                            <height>73</height>
                            <width>1131</width>
                            <texture border="3">list/bg_facade_nofocus.png</texture>
                        </control>
                        <control type="label" description="Label2">
                            <posx>TextMargin</posx>
                            <posy>2</posy>
                            <height>28</height>
                            <width>1041</width>
                            <font>FacadeListSubFont</font>
                            <textcolor>SublistFocusColor</textcolor>
                            <label>$INFO[ListItem.Label]</label>
                        </control>
                        <control type="label" description="Main Label">
                            <posx>TextMargin</posx>
                            <posy>26</posy>
                            <height>42</height>
                            <width>1041</width>
                            <font>FacadeListMainFont</font>
                            <textcolor>ListFocusColor</textcolor>
                            <label>$INFO[ListItem.Label2]</label>
                        </control>
                    </focusedlayout>
                    <content>
                        <item>
                            <label>$LOCALIZE[557]:</label>
                            <label2>$INFO[ListItem.Artist]</label2>
                            <onclick>noop</onclick>
                            <visible>!IsEmpty(ListItem.Artist)</visible>
                        </item>
                        <item>
                            <label>$LOCALIZE[558]:</label>
                            <label2>$INFO[ListItem.Album]$INFO[listitem.discnumber, - $LOCALIZE[427] ]</label2>
                            <onclick>noop</onclick>
                            <visible>!IsEmpty(ListItem.Album)</visible>
                        </item>
                        <item>
                            <label>$LOCALIZE[515]:</label>
                            <label2>$INFO[ListItem.Genre]</label2>
                            <onclick>noop</onclick>
                            <visible>!IsEmpty(ListItem.Genre)</visible>
                        </item>
                        <item>
                            <label>$LOCALIZE[562]:</label>
                            <label2>$INFO[ListItem.Year]</label2>
                            <onclick>noop</onclick>
                            <visible>!IsEmpty(ListItem.Year)</visible>
                        </item>
                        <item>
                            <label>$LOCALIZE[554]:</label>
                            <label2>$INFO[ListItem.TrackNumber]</label2>
                            <onclick>noop</onclick>
                            <visible>!IsEmpty(ListItem.TrackNumber)</visible>
                        </item>
                    </content>
                </control>
            </control>
            <control type="group">
                <posx>178</posx>
                <posy>382</posy>
                <control type="image">
                    <posx>0</posx>
                    <posy>363</posy>
                    <width>1131</width>
                    <height>8</height>
                    <texture>list/bg_facade_separator.png</texture>
                </control>
                <control type="textbox" id="4">
                    <description>Description</description>
                    <posx>TextMargin</posx>
                    <posy>385</posy>
                    <width>1041</width>
                    <height>330</height>
                    <font>InfoPlotFont</font>
                    <align>justify</align>
                    <textcolor>MainColor</textcolor>
                    <pagecontrol>-</pagecontrol>
                    <label fallback="161">$INFO[ListItem.Comment]</label>
                </control>
            </control>
            <control type="image" description="Stars">
                <posx>1095</posx>
                <posy>692</posy>
                <width>180</width>
                <height>36</height>
                <texture>$INFO[ListItem.StarRating]</texture>
            </control>
            <control type="group">
                <posx>178</posx>
                <posy>790</posy>
                <control type="image">
                    <posx>0</posx>
                    <posy>250</posy>
                    <width>1564</width>
                    <height>79</height>
                    <texture>list/bg_facade_nofocus_top.png</texture>
                </control>
                <control type="grouplist">
                    <posx>0</posx>
                    <posy>336</posy>
                    <width>1564</width>
                    <height>90</height>
                    <itemgap>30</itemgap>
                    <aligny>bottom</aligny>
                    <align>center</align>
                    <orientation>horizontal</orientation>
                    <control type="button" id="11" description="cancel">
                        <label>$LOCALIZE[222]</label>
                        <onup>13</onup>
                        <ondown>14</ondown>
                    </control>
                    <control type="button" id="10" description="OK">
                        <label>$LOCALIZE[186]</label>
                        <onup>13</onup>
                        <ondown>14</ondown>
                    </control>
                </control>
            </control>
        </control>
    </controls>
</window>
