<?xml version="1.0" encoding="utf-8"?>
<window type="buttonmenu" id="111">
    <defaultcontrol always="true">9009</defaultcontrol>
    <coordinates>
        <system>1</system>
        <posx>0</posx>
        <posy>0</posy>
    </coordinates>
    <onload condition="!IntegerGreaterThan(Container(9009).NumItems,0)">close</onload>
    <include>DialogOpenClose</include>
    <controls>
        <include>DimBG</include>
        <control type="group" description="MENU">
            <posy>-72</posy>
            <control type="image" description="Menu BG">
                <posx>655</posx>
                <posy>217</posy>
                <width>610</width>
                <height>790</height>
                <texture border="84">common/bg_dialog.png</texture>
            </control>
            <control type="image">
                <posx>700</posx>
                <posy>242</posy>
                <width>520</width>
                <height>79</height>
                <texture>list/bg_facade_nofocus_top.png</texture>
            </control>
            <control type="panel" id="9009" description="PW Options">
                <posx>700</posx>
                <posy>321</posy>
                <width>520</width>
                <height>584</height>
                <onleft>close</onleft>
                <onright>close</onright>
                <onup>9009</onup>
                <ondown>9009</ondown>
                <scrolltime tween="sine" easing="inout">280</scrolltime>
                <itemlayout height="73" width="520">
                    <control type="image">
                        <posx>0</posx>
                        <posy>0</posy>
                        <height>73</height>
                        <width>520</width>
                        <texture border="3">list/bg_facade_nofocus.png</texture>
                    </control>
                    <control type="label" description="Main Label">
                        <posx>25</posx>
                        <height>71</height>
                        <width>440</width>
                        <font>FacadeListMainFont</font>
                        <textcolor>ListNoFocusColor</textcolor>
                        <label>$INFO[ListItem.Label]</label>
                    </control>
                    <control type="image">
                        <posx>65r</posx>
                        <posy>0</posy>
                        <width>40</width>
                        <height>71</height>
                        <aspectratio>keep</aspectratio>
                        <info>ListItem.Thumb</info>
                    </control>
                </itemlayout>
                <focusedlayout height="73" width="520">
                    <control type="image">
                        <posx>0</posx>
                        <posy>0</posy>
                        <height>73</height>
                        <width>520</width>
                        <texture border="3">list/bg_facade_focus.png</texture>
                    </control>
                    <control type="label" description="Main Label">
                        <posx>25</posx>
                        <height>71</height>
                        <width>440</width>
                        <font>FacadeListMainFont</font>
                        <textcolor>ListFocusColor</textcolor>
                        <label>$INFO[ListItem.Label]</label>
                    </control>
                    <control type="image">
                        <posx>65r</posx>
                        <posy>0</posy>
                        <width>40</width>
                        <height>71</height>
                        <aspectratio>keep</aspectratio>
                        <info>ListItem.ActualIcon</info>
                    </control>
                </focusedlayout>
                <content>
                    <item id="8" description="LogOff">
                        <visible>System.HasLoginScreen | IntegerGreaterThan(System.ProfileCount,1)</visible>
                        <visible>System.Loggedon</visible>
                        <onclick>dialog.close(all,true)</onclick>
                        <onclick>System.LogOff</onclick>
                        <label>$LOCALIZE[20126]</label>
                        <thumb>topbar/topbar_logout_nofocus.png</thumb>
                        <icon>topbar/topbar_logout_focus.png</icon>
                    </item>
                    <item id="9" description="Master mode">
                        <visible>System.HasLocks + System.IsMaster</visible>
                        <onclick>xbmc.mastermode</onclick>
                        <label>$LOCALIZE[20046]</label>
                        <thumb>topbar/topbar_master_nofocus.png</thumb>
                        <icon>topbar/topbar_master_focus.png</icon>
                    </item>
                    <item id="9" description="Master mode">
                        <visible>System.HasLocks + !System.IsMaster</visible>
                        <onclick>xbmc.mastermode</onclick>
                        <label>$LOCALIZE[20045]</label>
                        <thumb>topbar/topbar_nomaster_nofocus.png</thumb>
                        <icon>topbar/topbar_nomaster_focus.png</icon>
                    </item>
                    <item id="11" description="Quit">
                        <visible>!Skin.HasSetting(QuitMenu_Hide_Quit)</visible>
                        <onclick>dialog.close(all,true)</onclick>
                        <onclick>XBMC.Quit()</onclick>
                        <label>$LOCALIZE[13009]</label>
                        <thumb>topbar/topbar_exit_nofocus.png</thumb>
                        <icon>topbar/topbar_exit_focus.png</icon>
                    </item>
                    <item id="12" description="Sleep">
                        <visible>!Skin.HasSetting(QuitMenu_Hide_Sleep)</visible>
                        <visible>System.CanSuspend</visible>
                        <onclick>dialog.close(all,true)</onclick>
                        <onclick>XBMC.Suspend()</onclick>
                        <label>$LOCALIZE[13011]</label>
                        <thumb>topbar/topbar_sleep_nofocus.png</thumb>
                        <icon>topbar/topbar_sleep_focus.png</icon>
                    </item>
                    <item id="15" description="Shutdown">
                        <visible>!Skin.HasSetting(QuitMenu_Hide_Shutdown)</visible>
                        <visible>System.CanPowerDown</visible>
                        <onclick>dialog.close(all,true)</onclick>
                        <onclick>XBMC.Powerdown()</onclick>
                        <label>$LOCALIZE[13005]</label>
                        <thumb>topbar/topbar_shutdown_nofocus.png</thumb>
                        <icon>topbar/topbar_shutdown_focus.png</icon>
                    </item>
                    <item id="14" description="Reboot">
                        <visible>!Skin.HasSetting(QuitMenu_Hide_Reboot)</visible>
                        <visible>System.CanReboot</visible>
                        <onclick>dialog.close(all,true)</onclick>
                        <onclick>XBMC.Reset()</onclick>
                        <label>$LOCALIZE[13013]</label>
                        <thumb>topbar/topbar_restart_nofocus.png</thumb>
                        <icon>topbar/topbar_restart_focus.png</icon>
                    </item>
                    <item id="16" description="Settings">
                        <visible>Skin.HasSetting(QuitMenu_Show_Settings)</visible>
                        <onclick>dialog.close(all,true)</onclick>
                        <onclick>ActivateWindow(Settings,return)</onclick>
                        <label>$LOCALIZE[5]</label>
                        <thumb>topbar/topbar_settings_nofocus.png</thumb>
                        <icon>topbar/topbar_settings_focus.png</icon>
                    </item>
                    <item id="17" description="Timer">
                        <visible>Skin.HasSetting(QuitMenu_Hide_Timer)</visible>
                        <visible>System.CanPowerDown | System.CanSuspend | System.CanHibernate</visible>
                        <onclick>dialog.close(all,true)</onclick>
                        <onclick>XBMC.AlarmClock(shutdowntimer,XBMC.Shutdown())</onclick>
                        <label>$LOCALIZE[20144]</label>
                        <thumb>topbar/topbar_timer_nofocus.png</thumb>
                        <icon>topbar/topbar_timer_focus.png</icon>
                    </item>
                </content>
            </control>
        </control>
    </controls>
</window>
