<?xml version="1.0" encoding="utf-8"?>
<window type="window">
    <defaultcontrol>3</defaultcontrol>
    <include>DialogOpenClose</include>
    <coordinates>
        <system>1</system>
        <posx>0</posx>
        <posy>0</posy>
    </coordinates>
    <controls>
        <include>DimBG</include>
        <control type="group" description="Content">
            <posx>500</posx>
            <posy>202</posy>
            <control type="image">
                <posx>0</posx>
                <posy>0</posy>
                <width>920</width>
                <height>675</height>
                <texture border="90">common/bg_dialog.png</texture>
            </control>
            <control type="label" id="1" description="Header">
                <posx>90</posx>
                <posy>55</posy>
                <width>740</width>
                <height>100</height>
                <align>center</align>
                <font>InfoTitleFont</font>
                <textcolor>MainColor</textcolor>
            </control>
            <control type="image">
                <posx>45</posx>
                <posy>75</posy>
                <width>830</width>
                <height>79</height>
                <texture>list/bg_facade_nofocus_top.png</texture>
            </control>
            <control type="image">
                <visible>!Control.IsVisible(3)</visible>
                <posx>610</posx>
                <posy>154</posy>
                <height>471</height>
                <width>250</width>
                <texture flipx="true">list/bg_strip_horizontal_left.png</texture>
                <colordiffuse>90ffffff</colordiffuse>
            </control>
            <control type="image">
                <visible>!Control.IsVisible(3)</visible>
                <posx>609</posx>
                <posy>154</posy>
                <width>2</width>
                <height>471</height>
                <texture>list/bg_facade_vertical.png</texture>
            </control>
            <control type="image">
                <visible>!Control.IsVisible(3)+IsEmpty(Container(6).ListItem.Thumb)</visible>
                <posx>611</posx>
                <posy>154</posy>
                <width>264</width>
                <height>264</height>
                <texture>defaultExtensionBig.png</texture>
                <aspectratio>keep</aspectratio>
                <include>ThumbBorder</include>
            </control>
            <control type="image" id="5775">
                <visible>!Control.IsVisible(3)</visible>
                <posx>611</posx>
                <posy>154</posy>
                <width>264</width>
                <height>264</height>
                <texture>$INFO[Container(6).ListItem.Thumb]</texture>
                <aspectratio>keep</aspectratio>
                <include>ThumbBorder</include>
            </control>
            <control type="label" description="Author">
                <visible>!Control.IsVisible(3)+!IsEmpty(Container(6).ListItem.Property(Addon.Creator))</visible>
                <posx>636</posx>
                <posy>410</posy>
                <width>214</width>
                <height>70</height>
                <wrapmultiline>true</wrapmultiline>
                <align>center</align>
                <aligny>top</aligny>
                <font>WindowTitleSubFont</font>
                <textcolor>MainColor</textcolor>
                <label>$INFO[Container(6).ListItem.Property(Addon.Creator),$LOCALIZE[21863]: ]</label>
            </control>
            <control type="image">
                <visible>!Control.IsVisible(3)</visible>
                <posx>611</posx>
                <posy>440</posy>
                <width>264</width>
                <height>79</height>
                <texture>list/bg_facade_nofocus_top.png</texture>
            </control>
            <control type="button" id="5" description="Manual Get more common button">
                <visible>!Control.IsVisible(3)</visible>
                <posx>611</posx>
                <posy>519</posy>
                <width>264</width>
                <height>73</height>
                <onright>60</onright>
                <onleft>6</onleft>
                <include>LeftMenuButton</include>
            </control>
            <control type="group" description="Group 6 Thumbs">
                <control type="list" id="6">
                    <posx>45</posx>
                    <posy>154</posy>
                    <width>564</width>
                    <height>438</height>
                    <itemgap>0</itemgap>
                    <orientation>vertical</orientation>
                    <onleft>5</onleft>
                    <onright>5</onright>
                    <onup>6</onup>
                    <ondown>6</ondown>
                    <pagecontrol>60</pagecontrol>
                    <scrolltime>0</scrolltime>
                    <itemlayout width="566" height="73">
                        <control type="image">
                            <posx>0</posx>
                            <posy>0</posy>
                            <height>73</height>
                            <width>565</width>
                            <texture border="3">list/bg_facade_nofocus.png</texture>
                        </control>
                        <control type="label">
                            <visible>IsEmpty(ListItem.Label2)</visible>
                            <posx>25</posx>
                            <height>71</height>
                            <width>515</width>
                            <font>FacadeListMainFont</font>
                            <textcolor>ListNoFocusColor</textcolor>
                            <info>ListItem.Label</info>
                        </control>
                        <control type="label">
                            <visible>!IsEmpty(ListItem.Label2)</visible>
                            <posx>25</posx>
                            <height>42</height>
                            <width>515</width>
                            <font>FacadeListMainFont</font>
                            <textcolor>ListNoFocusColor</textcolor>
                            <info>ListItem.Label</info>
                        </control>
                        <control type="label">
                            <visible>!IsEmpty(ListItem.Label2)</visible>
                            <posx>25</posx>
                            <posy>39</posy>
                            <height>28</height>
                            <width>515</width>
                            <font>FacadeListSubFont</font>
                            <textcolor>SublistNoFocusColor</textcolor>
                            <info>ListItem.Label2</info>
                        </control>
                    </itemlayout>
                    <focusedlayout width="566" height="73">
                        <control type="image">
                            <posx>0</posx>
                            <posy>0</posy>
                            <height>73</height>
                            <width>565</width>
                            <texture border="3">list/bg_facade_focus.png</texture>
                        </control>
                        <control type="label">
                            <visible>IsEmpty(ListItem.Label2)</visible>
                            <posx>25</posx>
                            <height>71</height>
                            <width>515</width>
                            <font>FacadeListMainFont</font>
                            <textcolor>ListFocusColor</textcolor>
                            <info>ListItem.Label</info>
                        </control>
                        <control type="label">
                            <visible>!IsEmpty(ListItem.Label2)</visible>
                            <posx>25</posx>
                            <height>42</height>
                            <width>515</width>
                            <font>FacadeListMainFont</font>
                            <textcolor>ListFocusColor</textcolor>
                            <info>ListItem.Label</info>
                        </control>
                        <control type="label">
                            <visible>!IsEmpty(ListItem.Label2)</visible>
                            <posx>25</posx>
                            <posy>39</posy>
                            <height>28</height>
                            <width>515</width>
                            <font>FacadeListSubFont</font>
                            <textcolor>SublistFocusColor</textcolor>
                            <info>ListItem.Label2</info>
                        </control>
                    </focusedlayout>
                </control>
            </control>
            <control type="group" description="Group 3 Plain list">
                <control type="list" id="3">
                    <posx>45</posx>
                    <posy>154</posy>
                    <width>830</width>
                    <height>438</height>
                    <itemgap>0</itemgap>
                    <orientation>vertical</orientation>
                    <onleft>5</onleft>
                    <onright>60</onright>
                    <onup>3</onup>
                    <ondown>3</ondown>
                    <pagecontrol>60</pagecontrol>
                    <scrolltime>0</scrolltime>
                    <itemlayout width="830" height="73">
                        <control type="image">
                            <posx>0</posx>
                            <posy>0</posy>
                            <height>73</height>
                            <width>830</width>
                            <texture border="3">list/bg_facade_nofocus.png</texture>
                        </control>
                        <control type="label">
                            <posx>TextMargin</posx>
                            <height>71</height>
                            <width>740</width>
                            <font>FacadeListMainFont</font>
                            <textcolor>ListNoFocusColor</textcolor>
                            <info>ListItem.Label</info>
                        </control>
                    </itemlayout>
                    <focusedlayout width="830" height="73">
                        <control type="image">
                            <posx>0</posx>
                            <posy>0</posy>
                            <height>73</height>
                            <width>830</width>
                            <texture border="3">list/bg_facade_focus.png</texture>
                        </control>
                        <control type="label">
                            <posx>TextMargin</posx>
                            <height>71</height>
                            <width>740</width>
                            <font>FacadeListMainFont</font>
                            <textcolor>ListFocusColor</textcolor>
                            <info>ListItem.Label</info>
                        </control>
                    </focusedlayout>
                </control>
                <control type="scrollbar" id="60">
                    <posx>844</posx>
                    <posy>154</posy>
                    <height>438</height>
                    <include>VerticalScroller</include>
                    <onleft>3</onleft>
                </control>
            </control>
        </control>
    </controls>
</window>
