<?xml version="1.0" encoding="utf-8"?>
<window type="dialog">
    <defaultcontrol always="true">9</defaultcontrol>
    <coordinates>
        <system>1</system>
    </coordinates>
    <include>DialogOpenClose</include>
    <controls>
        <include>DimBG</include>
        <control type="image">
            <posx>133</posx>
            <posy>52</posy>
            <width>1654</width>
            <height>975</height>
            <texture border="94">common/bg_dialog.png</texture>
        </control>
        <control type="group">
            <posx>178</posx>
            <posy>89</posy>
            <control type="label" description="Heading">
                <posx>45</posx>
                <posy>5</posy>
                <width>1474</width>
                <height>100</height>
                <font>InfoTitleFont</font>
                <textcolor>MainColor</textcolor>
                <align>center</align>
                <label>$LOCALIZE[19142]</label>
            </control>
            <control type="label">
                <posx>45</posx>
                <posy>65</posy>
                <width>1474</width>
                <align>center</align>
                <font>LeftMenuTitleFont</font>
                <textcolor>AlternateColor</textcolor>
                <label>$LOCALIZE[19001] $LOCALIZE[19002]</label>
            </control>
            <control type="image">
                <posx>0</posx>
                <posy>38</posy>
                <width>1564</width>
                <height>79</height>
                <texture>list/bg_facade_nofocus_top.png</texture>
            </control>
            <control type="edit" id="9" description="Search string">
                <posx>TextMargin</posx>
                <posy>130</posy>
                <width>1474</width>
                <font>ButtonFont</font>
                <align>left</align>
                <onleft>9</onleft>
                <onright>9</onright>
                <onup>26</onup>
                <ondown>10</ondown>
                <aligny>top</aligny>
                <textoffsety>10</textoffsety>
                <texturefocus border="35">buttons/bg_button_text_focus.png</texturefocus>
                <texturenofocus border="35">buttons/bg_button_text_nofocus.png</texturenofocus>
            </control>
            <control type="image">
                <posx>0</posx>
                <posy>135</posy>
                <width>1564</width>
                <height>79</height>
                <texture>list/bg_facade_nofocus_top.png</texture>
            </control>
            <control type="image">
                <posx>782</posx>
                <posy>214</posy>
                <height>568</height>
                <width>250</width>
                <texture flipx="true">list/bg_strip_horizontal_left.png</texture>
                <colordiffuse>90ffffff</colordiffuse>
            </control>
            <control type="image">
                <posx>781</posx>
                <posy>214</posy>
                <width>2</width>
                <height>568</height>
                <texture>list/bg_facade_vertical.png</texture>
            </control>
            <control type="grouplist" description="Left panel">
                <posx>0</posx>
                <posy>214</posy>
                <itemgap>0</itemgap>
                <orientation>vertical</orientation>
                <control type="radiobutton" id="10">
                    <description>Include Description</description>
                    <width>782</width>
                    <font>SmallButtonFont</font>
                    <radioposx>680</radioposx>
                    <label>$LOCALIZE[19134]</label>
                    <include>LeftMenuButton</include>
                    <onleft>12</onleft>
                    <onright>12</onright>
                    <onup>9</onup>
                    <ondown>11</ondown>
                </control>
                <control type="radiobutton" id="11">
                    <description>Case Sensitive</description>
                    <width>782</width>
                    <font>SmallButtonFont</font>
                    <radioposx>680</radioposx>
                    <include>LeftMenuButton</include>
                    <label>$LOCALIZE[19135]</label>
                    <onleft>13</onleft>
                    <onright>13</onright>
                    <onup>10</onup>
                    <ondown>14</ondown>
                </control>
                <control type="edit" id="14">
                    <description>Start Date</description>
                    <width>782</width>
                    <font>SmallButtonFont</font>
                    <include>LeftMenuButton</include>
                    <label>$LOCALIZE[19128]</label>
                    <onright>16</onright>
                    <onleft>16</onleft>
                    <onup>11</onup>
                    <ondown>15</ondown>
                </control>
                <control type="edit" id="15">
                    <description>Stop Date</description>
                    <width>782</width>
                    <font>SmallButtonFont</font>
                    <include>LeftMenuButton</include>
                    <label>$LOCALIZE[19129]</label>
                    <onright>17</onright>
                    <onleft>17</onleft>
                    <onup>14</onup>
                    <ondown>18</ondown>
                </control>
                <control type="spincontrolex" id="18">
                    <description>Genre</description>
                    <width>782</width>
                    <font>SmallButtonFont</font>
                    <include>LeftMenuButton</include>
                    <label>$LOCALIZE[515]</label>
                    <onright>19</onright>
                    <onleft>19</onleft>
                    <onup>15</onup>
                    <ondown>20</ondown>
                </control>
                <control type="radiobutton" id="20">
                    <description>Include unknown Genres</description>
                    <width>782</width>
                    <font>SmallButtonFont</font>
                    <radioposx>680</radioposx>
                    <include>LeftMenuButton</include>
                    <label>$LOCALIZE[19132]</label>
                    <onleft>21</onleft>
                    <onright>21</onright>
                    <onup>18</onup>
                    <ondown>22</ondown>
                </control>
                <control type="radiobutton" id="22">
                    <description>FTA only</description>
                    <width>782</width>
                    <font>SmallButtonFont</font>
                    <radioposx>680</radioposx>
                    <include>LeftMenuButton</include>
                    <label>$LOCALIZE[19123]</label>
                    <onleft>23</onleft>
                    <onright>23</onright>
                    <onup>20</onup>
                    <ondown>24</ondown>
                </control>
                <control type="radiobutton" id="24">
                    <description>Ignore Timers</description>
                    <width>782</width>
                    <font>SmallButtonFont</font>
                    <radioposx>680</radioposx>
                    <include>LeftMenuButton</include>
                    <label>$LOCALIZE[19124]</label>
                    <onleft>27</onleft>
                    <onright>27</onright>
                    <onup>22</onup>
                    <ondown>26</ondown>
                </control>
            </control>
            <control type="grouplist" description="Left panel">
                <posx>782</posx>
                <posy>214</posy>
                <itemgap>0</itemgap>
                <orientation>vertical</orientation>
                <control type="spincontrolex" id="12">
                    <description>Min Duration</description>
                    <width>782</width>
                    <font>SmallButtonFont</font>
                    <include>LeftMenuButton</include>
                    <label>$LOCALIZE[19130]</label>
                    <onright>10</onright>
                    <onleft>10</onleft>
                    <onup>9</onup>
                    <ondown>13</ondown>
                </control>
                <control type="spincontrolex" id="13">
                    <description>Max Duration</description>
                    <width>782</width>
                    <font>SmallButtonFont</font>
                    <include>LeftMenuButton</include>
                    <label>$LOCALIZE[19131]</label>
                    <onright>11</onright>
                    <onleft>11</onleft>
                    <onup>12</onup>
                    <ondown>16</ondown>
                </control>
                <control type="edit" id="16">
                    <description>Start time</description>
                    <width>782</width>
                    <font>SmallButtonFont</font>
                    <include>LeftMenuButton</include>
                    <label>$LOCALIZE[19126]</label>
                    <onright>14</onright>
                    <onleft>14</onleft>
                    <onup>13</onup>
                    <ondown>17</ondown>
                </control>
                <control type="edit" id="17">
                    <description>Stop time</description>
                    <width>782</width>
                    <font>SmallButtonFont</font>
                    <include>LeftMenuButton</include>
                    <label>$LOCALIZE[19127]</label>
                    <onright>15</onright>
                    <onleft>15</onleft>
                    <onup>16</onup>
                    <ondown>19</ondown>
                </control>
                <control type="radiobutton" id="19">
                    <description>avoid repeats</description>
                    <width>782</width>
                    <font>SmallButtonFont</font>
                    <radioposx>680</radioposx>
                    <include>LeftMenuButton</include>
                    <label>$LOCALIZE[19121]</label>
                    <onright>18</onright>
                    <onleft>18</onleft>
                    <onup>17</onup>
                    <ondown>21</ondown>
                </control>
                <control type="spincontrolex" id="21">
                    <description>Groups</description>
                    <width>782</width>
                    <font>SmallButtonFont</font>
                    <include>LeftMenuButton</include>
                    <label>$LOCALIZE[19141]</label>
                    <onright>20</onright>
                    <onleft>20</onleft>
                    <onup>19</onup>
                    <ondown>23</ondown>
                </control>
                <control type="spincontrolex" id="23">
                    <description>Channels</description>
                    <width>782</width>
                    <font>SmallButtonFont</font>
                    <include>LeftMenuButton</include>
                    <label>$LOCALIZE[19148]</label>
                    <onleft>22</onleft>
                    <onright>22</onright>
                    <onup>21</onup>
                    <ondown>27</ondown>
                </control>
                <control type="radiobutton" id="27">
                    <description>Ignore Recordings</description>
                    <width>782</width>
                    <font>SmallButtonFont</font>
                    <radioposx>680</radioposx>
                    <include>LeftMenuButton</include>
                    <label>$LOCALIZE[19125]</label>
                    <onleft>24</onleft>
                    <onright>24</onright>
                    <onup>23</onup>
                    <ondown>26</ondown>
                </control>
            </control>
            <control type="image">
                <posx>0</posx>
                <posy>703</posy>
                <posy>340</posy>
                <width>1564</width>
                <height>79</height>
                <texture>list/bg_facade_nofocus_top.png</texture>
            </control>
            <control type="grouplist" id="9000">
                <posx>0</posx>
                <posy>789</posy>
                <width>1564</width>
                <height>90</height>
                <itemgap>30</itemgap>
                <aligny>bottom</aligny>
                <align>center</align>
                <orientation>horizontal</orientation>
                <control type="button" id="28">
                    <description>Default Buttons</description>
                    <label>$LOCALIZE[409]</label>
                    <onleft>26</onleft>
                    <onright>25</onright>
                    <onup>24</onup>
                    <ondown>9</ondown>
                </control>
                <control type="button" id="25">
                    <description>Cancel Button</description>
                    <label>$LOCALIZE[222]</label>
                    <onleft>28</onleft>
                    <onright>26</onright>
                    <onup>27</onup>
                    <ondown>9</ondown>
                </control>
                <control type="button" id="26">
                    <description>Search Button</description>
                    <label>$LOCALIZE[137]</label>
                    <onleft>25</onleft>
                    <onright>28</onright>
                    <onup>27</onup>
                    <ondown>9</ondown>
                </control>
            </control>
        </control>
    </controls>
</window>
