<?xml version="1.0" encoding="utf-8"?>
<window>
    <defaultcontrol always="true">20</defaultcontrol>
    <include>DialogOpenClose</include>
    <controls>
        <include>Settings_Art</include>
        <include>Player_Show</include>
        <include>Time</include>
        <control type="label">
            <include>WindowTitle</include>
            <label>$LOCALIZE[19199]</label>
        </control>
        <control type="label">
            <visible>IsEmpty(Window.Property(IsRadio))</visible>
            <include>WindowTitleSub</include>
            <label>$LOCALIZE[19023]</label>
        </control>
        <control type="label">
            <visible>!IsEmpty(Window.Property(IsRadio))</visible>
            <include>WindowTitleSub</include>
            <label>$LOCALIZE[19024]</label>
        </control>
        <control type="group">
            <posy>-10</posy>
            <control type="image">
                <posx>3</posx>
                <posy>84</posy>
                <width>1914</width>
                <height>1020</height>
                <texture border="90">common/bg_dialog.png</texture>
            </control>
            <control type="image">
                <posx>48</posx>
                <posy>159</posy>
                <width>1824</width>
                <height>79</height>
                <texture>list/bg_facade_nofocus_top.png</texture>
            </control>
            <control type="label">
                <visible>IsEmpty(Window.Property(IsRadio))</visible>
                <posx>93</posx>
                <posy>136</posy>
                <height>100</height>
                <width>1734</width>
                <align>center</align>
                <font>InfoTitleFont</font>
                <textcolor>MainColor</textcolor>
                <label>$LOCALIZE[19199] - $LOCALIZE[19023]</label>
            </control>
            <control type="label">
                <visible>!IsEmpty(Window.Property(IsRadio))</visible>
                <posx>93</posx>
                <posy>136</posy>
                <height>100</height>
                <width>1734</width>
                <align>center</align>
                <font>InfoTitleFont</font>
                <textcolor>MainColor</textcolor>
                <label>$LOCALIZE[19199] - $LOCALIZE[19024]</label>
            </control>
            <control type="panel" id="20">
                <posx>48</posx>
                <posy>238</posy>
                <width>695</width>
                <height>781</height>
                <onleft>60</onleft>
                <onright>9002</onright>
                <onup>20</onup>
                <ondown>20</ondown>
                <pagecontrol>60</pagecontrol>
                <itemlayout width="695" height="71">
                    <control type="image">
                        <posx>0</posx>
                        <posy>0</posy>
                        <height>71</height>
                        <width>695</width>
                        <texture border="3">list/bg_facade_nofocus.png</texture>
                    </control>
                    <control type="label" description="Number">
                        <posx>40</posx>
                        <height>69</height>
                        <width>80</width>
                        <align>center</align>
                        <aligny>center</aligny>
                        <font>FacadeListSubFont</font>
                        <textcolor>SublistNoFocusColor</textcolor>
                        <info>ListItem.ChannelNumber</info>
                    </control>
                    <control type="label" description="Main Label">
                        <posx>80</posx>
                        <height>40</height>
                        <width>585</width>
                        <font>FacadeListMainFont</font>
                        <textcolor>ListNoFocusColor</textcolor>
                        <label>$INFO[ListItem.Label]</label>
                    </control>
                    <control type="label" description="Label2">
                        <posx>80</posx>
                        <posy>37</posy>
                        <height>28</height>
                        <width>585</width>
                        <font>FacadeListSubFont</font>
                        <textcolor>SublistNoFocusColor</textcolor>
                        <label>$INFO[ListItem.Property(ClientName)]</label>
                    </control>
                </itemlayout>
                <focusedlayout width="695" height="71">
                    <control type="image">
                        <posx>0</posx>
                        <posy>0</posy>
                        <height>71</height>
                        <width>695</width>
                        <texture border="3">list/bg_facade_focus.png</texture>
                    </control>
                    <control type="label" description="Number">
                        <posx>40</posx>
                        <height>69</height>
                        <width>80</width>
                        <align>center</align>
                        <aligny>center</aligny>
                        <font>FacadeListSubFont</font>
                        <textcolor>SublistFocusColor</textcolor>
                        <info>ListItem.ChannelNumber</info>
                    </control>
                    <control type="label" description="Main Label">
                        <posx>80</posx>
                        <height>40</height>
                        <width>585</width>
                        <font>FacadeListMainFont</font>
                        <textcolor>ListFocusColor</textcolor>
                        <label>$INFO[ListItem.Label]</label>
                    </control>
                    <control type="label" description="Label2">
                        <posx>80</posx>
                        <posy>37</posy>
                        <height>28</height>
                        <width>585</width>
                        <font>FacadeListSubFont</font>
                        <textcolor>SublistFocusColor</textcolor>
                        <label>$INFO[ListItem.Property(ClientName)]</label>
                    </control>
                </focusedlayout>
            </control>
            <control type="scrollbar" id="60">
                <posx>712</posx>
                <posy>238</posy>
                <height>781</height>
                <include>VerticalScroller</include>
                <onleft>9000</onleft>
                <onright>20</onright>
            </control>
            <control type="group" description="middle options group">
                <posx>744</posx>
                <posy>238</posy>
                <control type="image">
                    <posx>0</posx>
                    <posy>0</posy>
                    <width>2</width>
                    <height>815</height>
                    <texture>list/bg_facade_vertical.png</texture>
                </control>
                <control type="image">
                    <posx>0</posx>
                    <posy>0</posy>
                    <height>815</height>
                    <width>375</width>
                    <texture flipx="true">list/bg_strip_horizontal_left.png</texture>
                    <colordiffuse>90ffffff</colordiffuse>
                </control>
                <control type="grouplist" id="9002" description="Middle">
                    <posx>0</posx>
                    <width>695</width>
                    <height>781</height>
                    <onleft>20</onleft>
                    <onright>9000</onright>
                    <onup>9002</onup>
                    <ondown>9002</ondown>
                    <itemgap>0</itemgap>
                    <control type="radiobutton" id="7" description="Activate channel">
                        <width>695</width>
                        <radioposx>591</radioposx>
                        <include>LeftMenuButton</include>
                        <label>$LOCALIZE[19074]</label>
                    </control>
                    <control type="edit" id="8" description="Rename">
                        <width>695</width>
                        <include>LeftMenuButton</include>
                        <label>$LOCALIZE[118]</label>
                    </control>
                    <control type="button" id="9" description="Change logo">
                        <width>695</width>
                        <include>LeftMenuButton</include>
                        <label>$LOCALIZE[19202]</label>
                    </control>
                    <control type="radiobutton" id="12" description="EPG active">
                        <width>695</width>
                        <radioposx>591</radioposx>
                        <include>LeftMenuButton</include>
                        <label>$LOCALIZE[19206]</label>
                    </control>
                    <control type="spincontrolex" id="13" description="EPG source">
                        <width>695</width>
                        <include>LeftMenuButton</include>
                        <label>$LOCALIZE[19200]</label>
                    </control>
                    <control type="image" id="29" description="spacer">
                        <width>695</width>
                        <height>142</height>
                        <label/>
                        <texture border="3">list/bg_facade_nofocus.png</texture>
                    </control>
                    <control type="button" id="30" description="Group Manager Button">
                        <width>695</width>
                        <include>LeftMenuButton</include>
                        <label>$LOCALIZE[19205]</label>
                    </control>
                    <control type="button" id="33" description="New channel">
                        <width>695</width>
                        <include>LeftMenuButton</include>
                        <label>$LOCALIZE[19204]</label>
                    </control>
                    <control type="button" id="34" description="TV">
                        <visible>IsEmpty(Window.Property(IsRadio))</visible>
                        <width>695</width>
                        <include>LeftMenuButton</include>
                        <label>$LOCALIZE[19024]</label>
                    </control>
                    <control type="button" id="34" description="Radio">
                        <visible>!IsEmpty(Window.Property(IsRadio))</visible>
                        <width>695</width>
                        <include>LeftMenuButton</include>
                        <label>$LOCALIZE[19023]</label>
                    </control>
                </control>
            </control>
            <control type="group" description="Right side options group">
                <posx>1439</posx>
                <posy>238</posy>
                <control type="image">
                    <posx>0</posx>
                    <posy>0</posy>
                    <width>2</width>
                    <height>815</height>
                    <texture>list/bg_facade_vertical.png</texture>
                </control>
                <control type="image">
                    <posx>0</posx>
                    <posy>0</posy>
                    <height>815</height>
                    <width>375</width>
                    <texture flipx="true">list/bg_strip_horizontal_left.png</texture>
                    <colordiffuse>90ffffff</colordiffuse>
                </control>
                <control type="grouplist" id="9000" description="Right panel">
                    <posx>0</posx>
                    <width>433</width>
                    <height>729</height>
                    <onleft>9002</onleft>
                    <onright>20</onright>
                    <onup>9000</onup>
                    <ondown>9000</ondown>
                    <itemgap>0</itemgap>
                    <control type="button" id="4" description="OK">
                        <label>$LOCALIZE[186]</label>
                        <width>433</width>
                        <include>LeftMenuButton</include>
                    </control>
                    <control type="button" id="5" description="Apply">
                        <label>$LOCALIZE[14070]</label>
                        <width>433</width>
                        <include>LeftMenuButton</include>
                    </control>
                    <control type="button" id="6" description="Cancel">
                        <label>$LOCALIZE[222]</label>
                        <width>433</width>
                        <include>LeftMenuButton</include>
                    </control>
                    <control type="button" id="31" description="Edit">
                        <label>$LOCALIZE[19203]</label>
                        <width>433</width>
                        <include>LeftMenuButton</include>
                    </control>
                    <control type="button" id="32" description="Delete">
                        <label>$LOCALIZE[19211]</label>
                        <width>433</width>
                        <include>LeftMenuButton</include>
                    </control>
                </control>
                <control type="image" id="10">
                    <posx>30</posx>
                    <posy>500</posy>
                    <width>373</width>
                    <height>293</height>
                    <aspectratio aligny="top" align="left">keep</aspectratio>
                    <include>ThumbBorder</include>
                    <texture>$VAR[Thumbs]</texture>
                </control>
            </control>

        </control>
        <!-- <control type="image" id="10">
          <width>600</width>
          <height>45</height>
          <aspectratio>keep</aspectratio>
          <info>ListItem.Property(Icon)</info>
        </control>-->
    </controls>
</window>
