<?xml version="1.0" encoding="utf-8"?>
<window>
    <coordinates>
        <system>1</system>
        <posx>32</posx>
        <posy>15</posy>
    </coordinates>
    <controls>
        <control type="group">
            <control type="image" id="901" description="Speaker passthrough">
                <posx>0</posx>
                <posy>0</posy>
                <width>100</width>
                <height>100</height>
                <texture>volume/VolumeMuted.png</texture>
                <!-- <colordiffuse>ffff0000</colordiffuse> -->
            </control>
        </control>
    </controls>
</window>
