<?xml version="1.0" encoding="utf-8"?>
<window type="dialog">
    <defaultcontrol always="true">8</defaultcontrol>
    <coordinates>
        <system>1</system>
        <posx>0</posx>
        <posy>0</posy>
    </coordinates>
    <include>OpenClose</include>
    <controls>
        <control type="image">
            <include>KenBurns</include>
            <posx>0</posx>
            <posy>0</posy>
            <width>1920</width>
            <height>1080</height>
            <texture background="true">$INFO[ListItem.Art(fanart)]</texture>
            <aspectratio>scale</aspectratio>
        </control>
        <include>Player_Show</include>
        <include>Time</include>
        <control type="label">
            <include>WindowTitle</include>
            <label>$LOCALIZE[3]</label>
        </control>
        <control type="label">
            <include>WindowTitleSub</include>
            <label>$VAR[GlobalSubTitles]</label>
        </control>
        <control type="group">
            <posy>-4</posy>
            <control type="image" description="Menu BG">
                <posx>133</posx>
                <posy>25</posy>
                <width>1654</width>
                <height>1036</height>
                <texture border="84">common/bg_dialog.png</texture>
            </control>
            <control type="label" description="Main Label">
                <posx>223</posx>
                <posy>104</posy>
                <width>1474</width>
                <height>36</height>
                <font>InfoTitleFont</font>
                <textcolor>MainColor</textcolor>
                <align>center</align>
                <info>ListItem.Label</info>
            </control>
            <control type="image">
                <posx>178</posx>
                <posy>73</posy>
                <width>1564</width>
                <height>90</height>
                <texture border="3">list/bg_facade_nofocus_top.png</texture>
            </control>
            <control type="image">
                <posx>1309</posx>
                <posy>163</posy>
                <width>2</width>
                <height>848</height>
                <texture>list/bg_facade_vertical.png</texture>
            </control>
            <control type="image">
                <posx>1309</posx>
                <posy>163</posy>
                <height>848</height>
                <width>375</width>
                <texture flipx="true">list/bg_strip_horizontal_left.png</texture>
                <colordiffuse>90ffffff</colordiffuse>
            </control>
            <control type="group">
                <posx>178</posx>
                <posy>163</posy>
                <control type="panel" id="50">
                    <visible>[Control.HasFocus(50)| Control.HasFocus(61)| Control.HasFocus(9012)]</visible>
                    <include>VisibleFadeEffectDelay</include>
                    <posx>0</posx>
                    <posy>0</posy>
                    <width>1131</width>
                    <height>803</height>
                    <pagecontrol>61</pagecontrol>
                    <onleft>61</onleft>
                    <onright>9000</onright>
                    <include>List_9009_Commons_Actors</include>
                </control>
                <control type="scrollbar" id="61">
                    <visible>[Control.IsVisible(50)]</visible>
                    <posx>1100</posx>
                    <posy>0</posy>
                    <height>803</height>
                    <include>VerticalScroller</include>
                    <onleft>50</onleft>
                    <onright>9000</onright>
                </control>
                <control type="image" description="Thumb">
                    <visible>![Control.hasfocus(50)|Control.hasfocus(9012)| Control.HasFocus(60)]</visible>
                    <posx>1142</posx>
                    <posy>365</posy>
                    <width>410</width>
                    <height>483</height>
                    <aspectratio>keep</aspectratio>
                    <include>PosterThumb</include>
                    <include>ThumbBorder</include>
                </control>
                <control type="image" description="Actor">
                    <visible>[Control.HasFocus(50)| Control.HasFocus(61)| Control.HasFocus(9012)]</visible>
                    <posx>1142</posx>
                    <posy>365</posy>
                    <width>410</width>
                    <height>483</height>
                    <texture>$INFO[Container(50).ListItem.Thumb]</texture>
                    <include>ThumbBorder</include>
                    <aspectratio>keep</aspectratio>
                </control>
                <control type="textbox" description="Plot">
                    <visible>[Control.HasFocus(9013)]</visible>
                    <include>VisibleFadeEffectDelay</include>
                    <posx>TextMargin</posx>
                    <posy>10</posy>
                    <width>1041</width>
                    <height>820</height>
                    <align>justify</align>
                    <font>InfoDetailsFontBig</font>
                    <autoscroll delay="15000" time="5000" repeat="10000">true</autoscroll>
                    <label>$VAR[Plots]</label>
                </control>
                <control type="group" description="Movies">
                    <visible>![Control.HasFocus(9013) |Control.HasFocus(9012) | Control.HasFocus(50) | Control.HasFocus(61)]</visible>
                    <include>VisibleFadeEffectDelay</include>
                    <control type="image">
                        <posx>0</posx>
                        <posy>730</posy>
                        <width>1131</width>
                        <height>8</height>
                        <texture>list/bg_facade_separator.png</texture>
                    </control>
                    <control type="grouplist" description="Flags">
                        <posx>45</posx>
                        <posy>753</posy>
                        <width min="90" max="967">auto</width>
                        <height>90</height>
                        <itemgap>20</itemgap>
                        <orientation>horizontal</orientation>
                        <align>left</align>
                        <aligny>center</aligny>
                        <include>Codecs</include>
                    </control>
                    <control type="panel" id="9009">
                        <visible>![container.content(tvshows) | container.content(episodes) | SubString(Container.FolderPath,videodb://musicvideos,left)]</visible>
                        <include>VisibleFadeEffectDelay</include>
                        <include>List_9009_Commons</include>
                        <content>
                            <item>
                                <label>$LOCALIZE[20376]:</label>
                                <label2>$INFO[ListItem.OriginalTitle]</label2>
                                <onclick>noop</onclick>
                                <visible>!IsEmpty(ListItem.OriginalTitle) + !stringcompare(ListItem.OriginalTitle,Listitem.Title)</visible>
                            </item>
                            <item>
                                <label>$LOCALIZE[20339]:</label>
                                <label2>$INFO[ListItem.Director]</label2>
                                <onclick>SendClick(2003,13)</onclick>
                                <visible>!IsEmpty(ListItem.Director)</visible>
                            </item>
                            <item>
                                <label>$LOCALIZE[20417]:</label>
                                <label2>$INFO[ListItem.Writer]</label2>
                                <onclick>noop</onclick>
                                <visible>!IsEmpty(ListItem.Writer)</visible>
                            </item>
                            <item>
                                <label>$LOCALIZE[572]:</label>
                                <label2>$INFO[ListItem.Studio]</label2>
                                <onclick>noop</onclick>
                                <visible>!IsEmpty(ListItem.Studio)</visible>
                            </item>
                            <item>
                                <label>$LOCALIZE[515]:</label>
                                <label2>$INFO[ListItem.Genre]</label2>
                                <onclick>noop</onclick>
                                <visible>!IsEmpty(ListItem.Genre)</visible>
                            </item>
                            <item>
                                <label>$LOCALIZE[562]:</label>
                                <label2>$INFO[ListItem.Year]</label2>
                                <onclick>noop</onclick>
                                <visible>!IsEmpty(ListItem.Year)</visible>
                            </item>
                            <item>
                                <label>$LOCALIZE[2050]:</label>
                                <label2>$INFO[ListItem.Duration] $LOCALIZE[12391]</label2>
                                <onclick>noop</onclick>
                                <visible>!IsEmpty(ListItem.Duration)</visible>
                            </item>
                            <item>
                                <label>$LOCALIZE[563]:</label>
                                <label2>$INFO[ListItem.RatingAndVotes]</label2>
                                <onclick>noop</onclick>
                                <visible>!IsEmpty(ListItem.RatingAndVotes)</visible>
                            </item>
                            <item>
                                <label>$LOCALIZE[202]:</label>
                                <label2>$INFO[ListItem.TagLine]</label2>
                                <onclick>noop</onclick>
                                <visible>!IsEmpty(ListItem.TagLine)</visible>
                            </item>
                            <item>
                                <label>$LOCALIZE[20074]:</label>
                                <label2>$INFO[ListItem.mpaa]</label2>
                                <onclick>noop</onclick>
                                <visible>!IsEmpty(ListItem.mpaa)</visible>
                            </item>
                            <item>
                                <label>$LOCALIZE[15311]</label>
                                <label2>$INFO[ListItem.FilenameAndPath]</label2>
                                <onclick>noop</onclick>
                                <visible>!IsEmpty(ListItem.FilenameAndPath)</visible>
                            </item>
                        </content>
                    </control>
                    <control type="group" description="TV Shows">
                        <visible>Container.Content(TVShows)</visible>
                        <include>VisibleFadeEffectDelay</include>
                        <control type="panel" id="9009">
                            <include>List_9009_Commons</include>
                            <content>
                                <item>
                                    <label>$LOCALIZE[20360]:</label>
                                    <label2>$INFO[listitem.episode] [COLOR=AlternateColor] ($INFO[ListItem.Property(WatchedEpisodes),, $LOCALIZE[16102]] - $INFO[ListItem.Property(UnWatchedEpisodes), , $LOCALIZE[16101]])[/COLOR]</label2>
                                    <onclick>noop</onclick>
                                    <visible>!IsEmpty(ListItem.Episode)</visible>
                                </item>
                                <item>
                                    <label>$LOCALIZE[31322]:</label>
                                    <label2>$INFO[ListItem.Premiered]</label2>
                                    <onclick>noop</onclick>
                                    <visible>!IsEmpty(ListItem.Premiered)</visible>
                                </item>
                                <item>
                                    <label>$LOCALIZE[515]:</label>
                                    <label2>$INFO[ListItem.Genre]</label2>
                                    <onclick>noop</onclick>
                                    <visible>!IsEmpty(ListItem.Genre)</visible>
                                </item>
                                <item>
                                    <label>$LOCALIZE[562]:</label>
                                    <label2>$INFO[ListItem.Year]</label2>
                                    <onclick>noop</onclick>
                                    <visible>!IsEmpty(ListItem.Year)</visible>
                                </item>
                                <item>
                                    <label>$LOCALIZE[563]:</label>
                                    <label2>$INFO[ListItem.Rating]</label2>
                                    <onclick>noop</onclick>
                                    <visible>!IsEmpty(ListItem.Rating)</visible>
                                </item>
                                <item>
                                    <label>$LOCALIZE[15311]</label>
                                    <label2>$INFO[ListItem.FilenameAndPath]</label2>
                                    <onclick>noop</onclick>
                                    <visible>!IsEmpty(ListItem.FilenameAndPath)</visible>
                                </item>
                            </content>
                        </control>
                    </control>
                    <control type="group" description="Episodes">
                        <visible>container.content(episodes)</visible>
                        <include>VisibleFadeEffectDelay</include>
                        <control type="panel" id="9009">
                            <include>List_9009_Commons</include>
                            <content>
                                <item>
                                    <label>$LOCALIZE[20364]:</label>
                                    <label2>$INFO[ListItem.TVShowTitle]</label2>
                                    <onclick>noop</onclick>
                                    <visible>!IsEmpty(ListItem.TVShowTitle)</visible>
                                </item>
                                <item>
                                    <label>$LOCALIZE[20373]:</label>
                                    <label2>$INFO[ListItem.Season]</label2>
                                    <onclick>noop</onclick>
                                    <visible>!IsEmpty(ListItem.Season)</visible>
                                </item>
                                <item>
                                    <label>$LOCALIZE[20359]:</label>
                                    <label2>$INFO[ListItem.Episode]</label2>
                                    <onclick>noop</onclick>
                                    <visible>!IsEmpty(ListItem.Episode)</visible>
                                </item>
                                <item>
                                    <label>$LOCALIZE[31322]:</label>
                                    <label2>$INFO[ListItem.Premiered]</label2>
                                    <onclick>noop</onclick>
                                    <visible>!IsEmpty(ListItem.Premiered)</visible>
                                </item>
                                <item>
                                    <label>$LOCALIZE[515]:</label>
                                    <label2>$INFO[ListItem.Genre]</label2>
                                    <onclick>noop</onclick>
                                    <visible>!IsEmpty(ListItem.Genre)</visible>
                                </item>
                                <item>
                                    <label>$LOCALIZE[20339]:</label>
                                    <label2>$INFO[ListItem.Director]</label2>
                                    <onclick>SendClick(2003,13)</onclick>
                                    <visible>!IsEmpty(ListItem.Director)</visible>
                                </item>
                                <item>
                                    <label>$LOCALIZE[20417]:</label>
                                    <label2>$INFO[ListItem.Writer]</label2>
                                    <onclick>noop</onclick>
                                    <visible>!IsEmpty(ListItem.Writer)</visible>
                                </item>
                                <item>
                                    <label>$LOCALIZE[562]:</label>
                                    <label2>$INFO[ListItem.Year]</label2>
                                    <onclick>noop</onclick>
                                    <visible>!IsEmpty(ListItem.Year)</visible>
                                </item>
                                <item>
                                    <label>$LOCALIZE[2050]:</label>
                                    <label2>$INFO[ListItem.Duration] $LOCALIZE[12391]</label2>
                                    <onclick>noop</onclick>
                                    <visible>!IsEmpty(ListItem.Duration)</visible>
                                </item>
                                <item>
                                    <label>$LOCALIZE[563]:</label>
                                    <label2>$INFO[ListItem.Rating]</label2>
                                    <onclick>noop</onclick>
                                    <visible>!IsEmpty(ListItem.Rating)</visible>
                                </item>
                                <item>
                                    <label>$LOCALIZE[15311]</label>
                                    <label2>$INFO[ListItem.FilenameAndPath]</label2>
                                    <onclick>noop</onclick>
                                    <visible>!IsEmpty(ListItem.FilenameAndPath)</visible>
                                </item>
                            </content>
                        </control>
                    </control>
                    <control type="group" description="Music Videos">
                        <visible>SubString(Container.FolderPath,videodb://musicvideos,left)</visible>
                        <include>VisibleFadeEffectDelay</include>
                        <control type="panel" id="9009">
                            <include>List_9009_Commons</include>
                            <content>
                                <item>
                                    <label>$LOCALIZE[557]:</label>
                                    <label2>$INFO[ListItem.Artist]</label2>
                                    <onclick>noop</onclick>
                                    <visible>!IsEmpty(ListItem.Artist)</visible>
                                </item>
                                <item>
                                    <label>$LOCALIZE[558]:</label>
                                    <label2>$INFO[ListItem.Album]</label2>
                                    <onclick>noop</onclick>
                                    <visible>!IsEmpty(ListItem.Album)</visible>
                                </item>
                                <item>
                                    <label>$LOCALIZE[515]:</label>
                                    <label2>$INFO[ListItem.Genre]</label2>
                                    <onclick>noop</onclick>
                                    <visible>!IsEmpty(ListItem.Genre)</visible>
                                </item>
                                <item>
                                    <label>$LOCALIZE[572]:</label>
                                    <label2>$INFO[ListItem.Studio]</label2>
                                    <onclick>noop</onclick>
                                    <visible>!IsEmpty(ListItem.Studio)</visible>
                                </item>
                                <item>
                                    <label>$LOCALIZE[20417]:</label>
                                    <label2>$INFO[ListItem.Writer]</label2>
                                    <onclick>noop</onclick>
                                    <visible>!IsEmpty(ListItem.Writer)</visible>
                                </item>
                                <item>
                                    <label>$LOCALIZE[20339]:</label>
                                    <label2>$INFO[ListItem.Director]</label2>
                                    <onclick>noop</onclick>
                                    <visible>!IsEmpty(ListItem.Director)</visible>
                                </item>
                                <item>
                                    <label>$LOCALIZE[562]:</label>
                                    <label2>$INFO[ListItem.Year]</label2>
                                    <onclick>noop</onclick>
                                    <visible>!IsEmpty(ListItem.Year)</visible>
                                </item>
                                <item>
                                    <label>$LOCALIZE[2050]:</label>
                                    <label2>$INFO[ListItem.Duration] $LOCALIZE[12391]</label2>
                                    <onclick>noop</onclick>
                                    <visible>!IsEmpty(ListItem.Duration)</visible>
                                </item>
                                <item>
                                    <label>$LOCALIZE[15311]</label>
                                    <label2>$INFO[ListItem.FilenameAndPath]</label2>
                                    <onclick>noop</onclick>
                                    <visible>!IsEmpty(ListItem.FilenameAndPath)</visible>
                                </item>
                            </content>
                        </control>
                    </control>
                    <control type="scrollbar" id="60">
                        <posx>1100</posx>
                        <posy>0</posy>
                        <height>730</height>
                        <include>VerticalScroller</include>
                        <onleft>49</onleft>
                        <onright>9000</onright>
                    </control>
                </control>
            </control>
            <control type="grouplist" id="9000">
                <posx>1309</posx>
                <posy>163</posy>
                <width>433</width>
                <height>365</height>
                <onleft>9009</onleft>
                <onright>62</onright>
                <onup>9000</onup>
                <ondown>9000</ondown>
                <onback>50</onback>
                <itemgap>0</itemgap>
                <pagecontrol>62</pagecontrol>
                <control type="togglebutton" id="8" description="Play/browse to Show">
                    <include>RightDialogButton</include>
                    <label>$LOCALIZE[208]</label>
                    <altlabel>$LOCALIZE[1024]</altlabel>
                    <usealttexture>Container.Content(TVShows)</usealttexture>
                </control>
                <control type="button" id="299" description="Cinema">
                    <visible>Container.Content(Movies) + system.hasaddon(script.cinema.experience)</visible>
                    <include>RightDialogButton</include>
                    <label>$LOCALIZE[31005]</label>
                    <onclick>Dialog.Close(all,true)</onclick>
                    <onclick>Playlist.Clear</onclick>
                    <onclick>RunScript(script.cinema.experience)</onclick>
                </control>
                <control type="button" id="11" description="Trailer">
                    <include>RightDialogButton</include>
                    <label>$LOCALIZE[20410]</label>
                    <visible>!IsEmpty(ListItem.Trailer)</visible>
                </control>
                <control type="togglebutton" id="9013" description="Plot">
                    <include>RightDialogButton</include>
                    <label>$LOCALIZE[207]</label>
                </control>
                <control type="togglebutton" id="9012" description="Actors">
                    <include>RightDialogButton</include>
                    <label>$LOCALIZE[344]</label>
                    <onclick>Control.SetFocus(50)</onclick>
                    <onleft>Control.SetFocus(50)</onleft>
                </control>
                <control type="button" id="6" description="Refresh">
                    <include>RightDialogButton</include>
                    <label>$LOCALIZE[184]</label>
                </control>
                <control type="togglebutton" id="10" description="Get Art">
                    <include>RightDialogButton</include>
                    <label>$LOCALIZE[13511]</label>
                </control>
                <control type="togglebutton" id="100" description="TvTunes">
                    <visible>Container.Content(TVShows) + System.HasAddon(script.tvtunes) + Skin.HasSetting(TVTunes.Enabled)</visible>
                    <include>RightDialogButton</include>
                    <label>$LOCALIZE[31956]</label>
                    <onclick>XBMC.RunScript(script.tvtunes,mode=solo)</onclick>
                </control>
            </control>
            <control type="scrollbar" id="62">
                <posx>1711</posx>
                <posy>163</posy>
                <height>365</height>
                <include>VerticalScroller</include>
                <onleft>9000</onleft>
                <onright>9000</onright>
            </control>
        </control>
    </controls>
</window>
