<?xml version="1.0" encoding="utf-8"?>
<window type="dialog">
    <visible>![Window.IsVisible(SliderDialog) | Window.IsVisible(OSDVideoSettings) | Window.IsVisible(OSDAudioSettings) | Window.IsVisible(VideoBookmarks) | Window.IsActive(script-XBMC-Subtitles-main.xml)]</visible>
    <visible>Window.IsActive(DialogFullScreenInfo.xml) | Window.IsActive(videoosd.xml) | [Window.IsVisible(FullScreenVideo) + !System.IdleTime(20) + [Player.Caching | Player.Seeking | player.forwarding | player.rewinding | Player.DisplayAfterSeek | Player.Paused]]</visible>
    <include>OSDFade</include>
    <zorder>2</zorder>
    <controls>
        <control type="group" description="Top Bar">
            <visible>![window.IsActive(DialogVolumeBar.xml)|window.IsActive(DialogMuteBug.xml)]</visible>
            <control type="image" description="Background">
                <posx>-15</posx>
                <posy>0</posy>
                <width>1950</width>
                <height>54</height>
                <texture flipy="true" border="3">OSD/osd_progress_background.png</texture>
            </control>
            <control type="label" description="Title">
                <posx>20</posx>
                <posy>0</posy>
                <width>1370</width>
                <height>52</height>
                <align>left</align>
                <aligny>center</aligny>
                <font>OSDFont</font>
                <shadowcolor>ShadowColor</shadowcolor>
                <label>$INFO[VideoPlayer.TVShowTitle]$INFO[VideoPlayer.Season,  •  $LOCALIZE[31973],.]$INFO[VideoPlayer.Episode,,  •  ]$INFO[VideoPlayer.ChannelNumber,,.]$INFO[VideoPlayer.ChannelName,,: ]$INFO[VideoPlayer.Artist,, - ]$INFO[VideoPlayer.Album,, - ]$INFO[VideoPlayer.Title]$VAR[ChapterLabel]</label>
            </control>
            <control type="label" description="Clock">
                <posx>1855</posx>
                <posy>0</posy>
                <width>500</width>
                <height>52</height>
                <align>right</align>
                <aligny>center</aligny>
                <font>OSDFont</font>
                <shadowcolor>ShadowColor</shadowcolor>
                <label>[COLOR=AlternateColor]$LOCALIZE[19127]: $INFO[Player.FinishTime]  •  [/COLOR]$INFO[System.Time]</label>
            </control>
            <control type="image" description="time logo">
                <posx>1867</posx>
                <posy>9</posy>
                <width>36</width>
                <height>36</height>
                <texture border="3">common/time.png</texture>
            </control>
        </control>
        <control type="group" description="Bottom Bar">
            <visible>Window.IsActive(DialogFullScreenInfo.xml) | [Player.Caching | Player.Paused | Player.Seeking | player.forwarding | player.rewinding | Player.DisplayAfterSeek | Window.IsActive(videoosd.xml)]</visible>
            <posy>0</posy>
            <control type="image" description="Background">
                <posx>-15</posx>
                <posy>1026</posy>
                <width>1950</width>
                <height>54</height>
                <texture border="3">OSD/osd_progress_background.png</texture>
            </control>
            <control type="progress" description="Buffer Bar">
                <posx>0</posx>
                <posy>1001</posy>
                <width>1920</width>
                <height>54</height>
                <texturebg>-</texturebg>
                <midtexture border="3">OSD/osd_progress_mid54_green.png</midtexture>
                <info>Player.CacheLevel</info>
                <visible>Player.Caching</visible>
            </control>
            <control type="progress" id="23" description="Progress Bar">
                <posx>0</posx>
                <posy>1001</posy>
                <width>1920</width>
                <height>54</height>
                <texturebg>-</texturebg>
                <midtexture border="3">OSD/osd_progress_mid54.png</midtexture>
                <info>Player.Progress</info>
                <visible>true</visible>
            </control>
            <control type="label" description="Progress time label">
                <posx>20</posx>
                <posy>1026</posy>
                <height>52</height>
                <width>180</width>
                <align>left</align>
                <label>$INFO[Player.Time]</label>
                <font>OSDFont</font>
                <shadowcolor>ShadowColor</shadowcolor>
            </control>
            <control type="label" description="Progress rem time label">
                <posx>1900</posx>
                <posy>1026</posy>
                <height>52</height>
                <width>180</width>
                <align>right</align>
                <label>$INFO[Player.TimeRemaining,-]</label>
                <font>OSDFont</font>
                <shadowcolor>ShadowColor</shadowcolor>
            </control>
        </control>
        <control type="group" id="22929">
            <posy>1026</posy>
            <control type="label" description="Pause">
                <visible>![Player.Caching | Player.Seeking | player.forwarding | player.rewinding | Player.DisplayAfterSeek] + [Player.Paused]</visible>
                <include>SeekbarLabels</include>
                <label>$LOCALIZE[112]</label>
            </control>
            <control type="label" id="24" description="Buffering label">
                <visible>[Player.Paused + Player.Caching] + !Player.Seeking</visible>
                <include>SeekbarLabels</include>
                <label>$INFO[Player.CacheLevel,$LOCALIZE[15107] ,%]</label>
            </control>
            <control type="label" description="2x RW FW label">
                <visible>player.forwarding2x | player.rewinding2x</visible>
                <include>SeekbarLabels</include>
                <label>2 X</label>
            </control>
            <control type="label" description="4x RW FW label">
                <visible>player.forwarding4x | player.rewinding4x</visible>
                <include>SeekbarLabels</include>
                <label>4 X</label>
            </control>
            <control type="label" description="8x RW FW label">
                <visible>player.forwarding8x | player.rewinding8x</visible>
                <include>SeekbarLabels</include>
                <label>8 X</label>
            </control>
            <control type="label" description="16x RW FW label">
                <visible>player.forwarding16x | player.rewinding16x</visible>
                <include>SeekbarLabels</include>
                <label>16 X</label>
            </control>
            <control type="label" description="32x RW FW label">
                <visible>player.forwarding32x | player.rewinding32x</visible>
                <include>SeekbarLabels</include>
                <label>32 X</label>
            </control>
            <control type="label" description="Seek time label">
                <visible>![player.forwarding | player.rewinding]</visible>
                <visible>Player.DisplayAfterSeek</visible>
                <include>SeekbarLabels</include>
                <label>$INFO[Player.SeekOffset,$LOCALIZE[773] ]</label>
            </control>
            <control type="image">
                <visible>player.rewinding</visible>
                <posx>850</posx>
                <posy>2</posy>
                <width>50</width>
                <height>50</height>
                <texture>topbar/topbar_rewind_focus.png</texture>
            </control>
            <control type="image">
                <visible>player.forwarding</visible>
                <posx>1020</posx>
                <posy>2</posy>
                <width>50</width>
                <height>50</height>
                <texture>topbar/topbar_fastforward_focus.png</texture>
            </control>
        </control>
    </controls>
</window>
