<?xml version="1.0" encoding="utf-8"?>
<window type="dialog">
    <defaultcontrol always="true">9000</defaultcontrol>
    <include>OSDFade</include>
    <controls>
        <control type="button" id="9000">
            <include>HiddenButton</include>
            <onleft>Dialog.Close(10142)</onleft>
            <onright>Dialog.Close(10142)</onright>
            <onup>Dialog.Close(10142)</onup>
            <ondown>Dialog.Close(10142)</ondown>
            <onback>Dialog.Close(10142)</onback>
            <onclick>Dialog.Close(10142)</onclick>
            <onfocus>noop</onfocus>
        </control>
        <control type="image">
            <posx>233</posx>
            <posy>483</posy>
            <width>1454</width>
            <height>515</height>
            <texture border="90">common/bg_dialog.png</texture>
        </control>
        <control type="button" description="Quit">
            <posx>1555</posx>
            <posy>557</posy>
            <height>50</height>
            <width>50</width>
            <texturenofocus>topbar/topbar_exit_nofocus.png</texturenofocus>
            <texturefocus>topbar/topbar_exit_focus.png</texturefocus>
            <onclick>Dialog.Close(10142)</onclick>
            <label>-</label>
        </control>
        <control type="image">
            <posx>636</posx>
            <posy>531</posy>
            <width>1006</width>
            <height>90</height>
            <texture border="3">list/bg_facade_nofocus_top.png</texture>
        </control>
        <control type="image">
            <posx>384</posx>
            <posy>539</posy>
            <height>408</height>
            <width>250</width>
            <texture>list/bg_strip_horizontal_left.png</texture>
            <colordiffuse>90ffffff</colordiffuse>
        </control>
        <control type="image">
            <posx>635</posx>
            <posy>539</posy>
            <width>2</width>
            <height>408</height>
            <texture>list/bg_facade_vertical.png</texture>
        </control>
        <control type="image">
            <posx>280</posx>
            <posy>538</posy>
            <width>355</width>
            <height>410</height>
            <texture fallback="defaultVideoBig.png">$INFO[VideoPlayer.Cover]</texture>
            <include>ThumbBorder</include>
            <aspectratio aligny="top" align="center">keep</aspectratio>
        </control>
        <control type="group">
            <posx>400</posx>
            <control type="label" description="Heading">
                <posx>273</posx>
                <posy>562</posy>
                <height>36</height>
                <width>870</width>
                <font>InfoTitleFont</font>
                <textcolor>MainColor</textcolor>
                <label>$INFO[VideoPlayer.TVShowTitle]$INFO[VideoPlayer.Season,  •  $LOCALIZE[31973],.]$INFO[VideoPlayer.Episode,,  •  ]$INFO[VideoPlayer.ChannelNumber,,.]$INFO[VideoPlayer.ChannelName,,: ]$INFO[VideoPlayer.Artist,, - ]$INFO[VideoPlayer.Album,, - ]$INFO[VideoPlayer.Title]$VAR[ChapterLabel]</label>
            </control>
            <control type="textbox">
                <posx>273</posx>
                <posy>625</posy>
                <width>930</width>
                <height>210</height>
                <align>justify</align>
                <label>$INFO[VideoPlayer.Plot]</label>
                <textcolor>AlternateBrightColor</textcolor>
                <font>InfoPlotFont</font>
            </control>
            <control type="image">
                <posx>236</posx>
                <posy>760</posy>
                <width>1006</width>
                <height>90</height>
                <texture border="3">list/bg_facade_nofocus_top.png</texture>
            </control>
            <control type="grouplist" description="Flags">
                <posx>273</posx>
                <posy>865</posy>
                <width>1006</width>
                <height>408</height>
                <itemgap>20</itemgap>
                <orientation>horizontal</orientation>
                <align>left</align>
                <aligny>center</aligny>
                <include>CodecsVideoOSD</include>
            </control>
        </control>
    </controls>
</window>
