<?xml version="1.0" encoding="utf-8"?>
<window>
    <defaultcontrol>5</defaultcontrol>
    <include>DialogOpenClose</include>
    <controls>
        <include>DimBG</include>
        <control type="image">
            <posx>333</posx>
            <posy>173</posy>
            <width>1254</width>
            <height>734</height>
            <texture border="94">common/bg_dialog.png</texture>
        </control>
        <control type="group">
            <posx>378</posx>
            <posy>210</posy>
            <control type="label" description="Heading">
                <posx>45</posx>
                <posy>18</posy>
                <width>1074</width>
                <height>100</height>
                <font>InfoTitleFont</font>
                <textcolor>MainColor</textcolor>
                <align>center</align>
                <label>$LOCALIZE[5] - $LOCALIZE[35000]</label>
            </control>
            <control type="image">
                <posx>0</posx>
                <posy>38</posy>
                <width>1164</width>
                <height>79</height>
                <texture>list/bg_facade_nofocus_top.png</texture>
            </control>
            <control type="grouplist" id="5">
                <description>Control Area</description>
                <posx>0</posx>
                <posy>117</posy>
                <width>1164</width>
                <height>426</height>
                <itemgap>0</itemgap>
                <orientation>vertical</orientation>
                <pagecontrol>60</pagecontrol>
                <onleft>60</onleft>
                <onright>60</onright>
                <onup>9000</onup>
                <ondown>9000</ondown>
            </control>
            <control type="button" id="7">
                <include>LeftMenuButton</include>
            </control>
            <control type="radiobutton" id="8">
                <radioposx>1062</radioposx>
                <include>LeftMenuButton</include>
            </control>
            <control type="spincontrolex" id="9">
                <include>LeftMenuButton</include>
            </control>
            <control type="sliderex" id="10">
                <include>LeftMenuButton</include>
            </control>
            <control type="scrollbar" id="60">
                <posx>1133</posx>
                <posy>117</posy>
                <height>426</height>
                <include>VerticalScroller</include>
                <onleft>5</onleft>
                <onright>5</onright>
            </control>
            <control type="group">
                <posx>0</posx>
                <posy>214</posy>
                <control type="image">
                    <posx>0</posx>
                    <posy>250</posy>
                    <width>1164</width>
                    <height>79</height>
                    <texture>list/bg_facade_nofocus_top.png</texture>
                </control>
                <control type="grouplist" id="9000">
                    <posx>0</posx>
                    <posy>336</posy>
                    <width>1164</width>
                    <height>90</height>
                    <itemgap>10</itemgap>
                    <aligny>bottom</aligny>
                    <align>center</align>
                    <orientation>horizontal</orientation>
                    <onup>5</onup>
                    <ondown>5</ondown>
                    <control type="button" id="50" description="Defaults">
                        <width>360</width>
                        <label>$LOCALIZE[409]</label>
                    </control>
                    <control type="button" id="28" description="OK">
                        <width>360</width>
                        <label>$LOCALIZE[186]</label>
                    </control>
                    <control type="button" id="29" description="Cancel">
                        <width>360</width>
                        <label>$LOCALIZE[222]</label>
                    </control>
                </control>
            </control>
        </control>
    </controls>
</window>
