<?xml version="1.0" encoding="utf-8"?>
<window>
    <defaultcontrol always="true">9000</defaultcontrol>
    <include>DialogOpenClose</include>
    <controls>
        <include>DimBG</include>
        <control type="group">
            <posy>-219</posy>
            <control type="image">
                <posx>133</posx>
                <posy>244</posy>
                <width>1654</width>
                <height>1029</height>
                <texture border="90">common/bg_dialog.png</texture>
            </control>
            <control type="image">
                <posx>178</posx>
                <posy>292</posy>
                <width>1564</width>
                <height>90</height>
                <texture border="3">list/bg_facade_nofocus_top.png</texture>
            </control>
            <control type="label">
                <posx>223</posx>
                <posy>323</posy>
                <height>36</height>
                <width>1474</width>
                <align>center</align>
                <font>InfoTitleFont</font>
                <textcolor>MainColor</textcolor>
                <label>$INFO[ListItem.Property(Addon.Name),$LOCALIZE[24003] - ]</label>
            </control>
            <control type="image">
                <posx>1309</posx>
                <posy>382</posy>
                <width>2</width>
                <height>841</height>
                <texture>list/bg_facade_vertical.png</texture>
            </control>
            <control type="image">
                <posx>1309</posx>
                <posy>382</posy>
                <height>841</height>
                <width>375</width>
                <texture flipx="true">list/bg_strip_horizontal_left.png</texture>
                <colordiffuse>90ffffff</colordiffuse>
            </control>
            <control type="grouplist" id="9000">
                <posx>1309</posx>
                <posy>382</posy>
                <width>433</width>
                <height>438</height>
                <itemgap>0</itemgap>
                <orientation>vertical</orientation>
                <onleft>60</onleft>
                <onright>60</onright>
                <onup>9000</onup>
                <ondown>9000</ondown>
                <scrolltime>200</scrolltime>
                <control type="button" id="9" description="configure">
                    <label>$LOCALIZE[5]</label>
                    <width>433</width>
                    <height>73</height>
                    <include>LeftMenuButton</include>
                </control>
                <control type="button" id="8" description="update">
                    <label>$LOCALIZE[24069]</label>
                    <width>433</width>
                    <height>73</height>
                    <include>LeftMenuButton</include>
                </control>
                <control type="button" id="10" description="changelog">
                    <label>$LOCALIZE[24036]</label>
                    <width>433</width>
                    <height>73</height>
                    <include>LeftMenuButton</include>
                </control>
                <control type="button" id="7" description="enable">
                    <label>$LOCALIZE[24021]</label>
                    <width>433</width>
                    <height>73</height>
                    <include>LeftMenuButton</include>
                </control>
                <control type="button" id="11" description="rollback">
                    <label>$LOCALIZE[24048]</label>
                    <width>433</width>
                    <height>73</height>
                    <include>LeftMenuButton</include>
                </control>
                <control type="button" id="6" description="install">
                    <label>$LOCALIZE[24022]</label>
                    <width>433</width>
                    <height>73</height>
                    <include>LeftMenuButton</include>
                </control>
            </control>
            <control type="image">
                <posx>1342</posx>
                <posy>838</posy>
                <width>370</width>
                <height>370</height>
                <include>SquareThumb</include>
                <include>ThumbBorder</include>
            </control>
            <control type="group">
                <posx>0</posx>
                <posy>382</posy>
                <control type="image">
                    <posx>178</posx>
                    <posy>-6</posy>
                    <width>1131</width>
                    <height>79</height>
                    <texture>list/bg_facade_nofocus_top.png</texture>
                </control>
                <control type="label" description="Type val">
                    <posx>228</posx>
                    <posy>0</posy>
                    <width>1041</width>
                    <height>71</height>
                    <label>$LOCALIZE[146] $INFO[ListItem.Property(Addon.Type)]</label>
                    <scroll>true</scroll>
                    <font>InfoDetailsFont</font>
                    <textcolor>MainColor</textcolor>
                </control>
                <control type="image">
                    <posx>178</posx>
                    <posy>67</posy>
                    <width>1131</width>
                    <height>79</height>
                    <texture>list/bg_facade_nofocus_top.png</texture>
                </control>
                <control type="label" description="Type val">
                    <posx>228</posx>
                    <posy>73</posy>
                    <width>1041</width>
                    <height>71</height>
                    <label>$LOCALIZE[21863]: $INFO[ListItem.Property(Addon.Creator)]</label>
                    <scroll>true</scroll>
                    <font>InfoDetailsFont</font>
                    <textcolor>AlternateColor</textcolor>
                </control>
                <control type="image">
                    <posx>178</posx>
                    <posy>140</posy>
                    <width>1131</width>
                    <height>79</height>
                    <texture>list/bg_facade_nofocus_top.png</texture>
                </control>
                <control type="label" description="Type val">
                    <posx>228</posx>
                    <posy>146</posy>
                    <width>1041</width>
                    <height>71</height>
                    <label>$LOCALIZE[24051] $INFO[ListItem.Property(Addon.Version)]</label>
                    <scroll>true</scroll>
                    <font>InfoDetailsFont</font>
                    <textcolor>MainColor</textcolor>
                </control>
                <control type="image">
                    <description>Rating value</description>
                    <posx>1089</posx>
                    <posy>164</posy>
                    <width>180</width>
                    <height>36</height>
                    <aspectratio>keep</aspectratio>
                    <texture fallback="badges/rating0.png">$INFO[ListItem.Property(Addon.StarRating),badges/]</texture>
                </control>
                <control type="image">
                    <posx>178</posx>
                    <posy>213</posy>
                    <width>1131</width>
                    <height>79</height>
                    <texture>list/bg_facade_nofocus_top.png</texture>
                </control>
                <control type="fadelabel" description="Type val">
                    <posx>228</posx>
                    <posy>219</posy>
                    <width>1041</width>
                    <height>71</height>
                    <label>$LOCALIZE[20037]: $INFO[ListItem.Property(Addon.Summary)]</label>
                    <scroll>true</scroll>
                    <font>InfoDetailsFont</font>
                    <textcolor>AlternateColor</textcolor>
                    <scrollout>false</scrollout>
                    <pauseatend>2000</pauseatend>
                </control>
                <control type="textbox" description="description">
                    <posx>228</posx>
                    <posy>292</posy>
                    <width>1041</width>
                    <height>454</height>
                    <font>InfoPlotFont</font>
                    <align>justify</align>
                    <label>$INFO[ListItem.Property(Addon.Description)]</label>
                </control>
                <control type="image">
                    <posx>178</posx>
                    <posy>689</posy>
                    <width>1131</width>
                    <height>79</height>
                    <texture>list/bg_facade_nofocus_top.png</texture>
                </control>
                <control type="label" description="Disclaimer">
                    <visible>IsEmpty(ListItem.Property(Addon.broken))</visible>
                    <posx>228</posx>
                    <posy>768</posy>
                    <width>1041</width>
                    <height>71</height>
                    <font>InfoDetailsFont</font>
                    <label>$INFO[ListItem.Property(Addon.Disclaimer),[COLOR=WarningColor]$LOCALIZE[24052]: [/COLOR]]</label>
                    <scroll>true</scroll>
                </control>
                <control type="label" description="Broken">
                    <visible>!IsEmpty(ListItem.Property(Addon.broken))</visible>
                    <posx>228</posx>
                    <posy>768</posy>
                    <width>1041</width>
                    <height>71</height>
                    <font>InfoDetailsFont</font>
                    <label>$INFO[ListItem.Property(Addon.broken),[COLOR=WarningColor]$LOCALIZE[24096]: [/COLOR]]</label>
                    <scroll>true</scroll>
                </control>
            </control>
        </control>
    </controls>
</window>
