<?xml version="1.0" encoding="utf-8"?>
<window>
    <defaultcontrol always="true">996</defaultcontrol>
    <include>DialogOpenClose</include>
    <coordinates>
        <system>1</system>
    </coordinates>
    <controls>
        <include>DimBG</include>
        <control type="group" description="MENU">
            <control type="image" id="999" description="Menu BG">
                <posx>0</posx>
                <posy>-20</posy>
                <width>667</width>
                <height>1140</height>
                <texture border="90">common/bg_dialog.png</texture>
            </control>
            <control type="image">
                <posx>45</posx>
                <posy>-2</posy>
                <width>577</width>
                <height>79</height>
                <texture>list/bg_facade_nofocus_top.png</texture>
            </control>
            <control type="grouplist" id="996" description="Context menu container">
                <posx>45</posx>
                <posy>77</posy>
                <width>577</width>
                <height max="949">auto</height>
                <itemgap>0</itemgap>
            </control>
            <control type="button" id="1000" description="Buttons">
                <posx>0</posx>
                <posy>0</posy>
                <align>center</align>
                <textoffsetx>0</textoffsetx>
                <include>LeftMenuButton</include>
            </control>
        </control>
    </controls>
</window>
