<?xml version="1.0" encoding="utf-8"?>
<window type="dialog">
    <defaultcontrol always="true">5</defaultcontrol>
    <include>DialogOpenClose</include>
    <controls>
        <include>DimBG</include>
        <control type="group">
            <posy>-219</posy>
            <control type="image">
                <posx>133</posx>
                <posy>244</posy>
                <width>1654</width>
                <height>1029</height>
                <texture border="90">common/bg_dialog.png</texture>
            </control>
            <control type="image">
                <posx>178</posx>
                <posy>292</posy>
                <width>1564</width>
                <height>90</height>
                <texture border="3">list/bg_facade_nofocus_top.png</texture>
            </control>
            <control type="label">
                <visible>!container.content(artists)</visible>
                <posx>223</posx>
                <posy>323</posy>
                <height>36</height>
                <width>1474</width>
                <align>center</align>
                <font>InfoTitleFont</font>
                <textcolor>MainColor</textcolor>
                <label>$INFO[Listitem.Album]</label>
            </control>
            <control type="label">
                <visible>container.content(artists)</visible>
                <posx>223</posx>
                <posy>323</posy>
                <height>36</height>
                <width>1474</width>
                <align>center</align>
                <font>InfoTitleFont</font>
                <textcolor>MainColor</textcolor>
                <label>$INFO[Listitem.Artist]</label>
            </control>
            <control type="image">
                <posx>1309</posx>
                <posy>382</posy>
                <width>2</width>
                <height>841</height>
                <texture>list/bg_facade_vertical.png</texture>
            </control>
            <control type="image">
                <posx>1309</posx>
                <posy>382</posy>
                <height>841</height>
                <width>375</width>
                <texture flipx="true">list/bg_strip_horizontal_left.png</texture>
                <colordiffuse>90ffffff</colordiffuse>
            </control>
            <control type="grouplist" id="9000">
                <posx>1309</posx>
                <posy>382</posy>
                <width>433</width>
                <height>438</height>
                <itemgap>0</itemgap>
                <orientation>vertical</orientation>
                <onleft>49</onleft>
                <onright>50</onright>
                <onup>50</onup>
                <ondown>49</ondown>
                <scrolltime>200</scrolltime>
                <control type="button" id="5">
                    <description>Cast/Review</description>
                    <include>RightDialogButton</include>
                    <label>206</label>
                </control>
                <control type="button" id="6">
                    <description>Refresh</description>
                    <include>RightDialogButton</include>
                    <label>184</label>
                </control>
                <control type="button" id="10">
                    <description>Get Thumb</description>
                    <include>RightDialogButton</include>
                    <label>13405</label>
                </control>
                <control type="button" id="12">
                    <description>Get Fanart</description>
                    <include>RightDialogButton</include>
                    <label>20413</label>
                </control>
            </control>
            <control type="image">
                <posx>1342</posx>
                <posy>838</posy>
                <width>370</width>
                <height>370</height>
                <include>SquareThumb</include>
                <include>ThumbBorder</include>
            </control>
            <control type="group">
                <visible>Control.HasFocus(12)</visible>
                <posx>178</posx>
                <posy>382</posy>
                <include>VisibleFadeEffect</include>
                <control type="image">
                    <description>Current Fanart image</description>
                    <posx>0</posx>
                    <posy>0</posy>
                    <width>1131</width>
                    <height>365</height>
                    <texture background="true">$INFO[ListItem.Art(fanart)]</texture>
                    <include>ThumbBorder</include>
                    <aspectratio>keep</aspectratio>
                    <visible>!IsEmpty(Listitem.Property(Fanart_Image))</visible>
                </control>
            </control>
            <control type="group">
                <visible>container.content(Albums) + !Control.HasFocus(12)</visible>
                <posx>178</posx>
                <posy>382</posy>
                <include>VisibleFadeEffect</include>
                <control type="panel" id="49">
                    <posx>0</posx>
                    <posy>0</posy>
                    <width>1131</width>
                    <height>365</height>
                    <onleft>60</onleft>
                    <onright>9000</onright>
                    <onup>50</onup>
                    <ondown>50</ondown>
                    <pagecontrol>60</pagecontrol>
                    <scrolltime>200</scrolltime>
                    <itemlayout height="73" width="1131">
                        <control type="image">
                            <posx>0</posx>
                            <posy>0</posy>
                            <height>73</height>
                            <width>1131</width>
                            <texture border="3">list/bg_facade_nofocus.png</texture>
                        </control>
                        <control type="label" description="Label2">
                            <posx>TextMargin</posx>
                            <posy>2</posy>
                            <height>28</height>
                            <width>1041</width>
                            <font>FacadeListSubFont</font>
                            <textcolor>SublistFocusColor</textcolor>
                            <label>$INFO[ListItem.Label]</label>
                        </control>
                        <control type="label" description="Main Label">
                            <posx>TextMargin</posx>
                            <posy>26</posy>
                            <height>42</height>
                            <width>1041</width>
                            <font>FacadeListMainFont</font>
                            <textcolor>ListFocusColor</textcolor>
                            <label>$INFO[ListItem.Label2]</label>
                        </control>
                    </itemlayout>
                    <focusedlayout height="73" width="1131">
                        <control type="image">
                            <posx>0</posx>
                            <posy>0</posy>
                            <height>73</height>
                            <width>1131</width>
                            <texture border="3">list/bg_facade_focus.png</texture>
                        </control>
                        <control type="label" description="Label2">
                            <posx>TextMargin</posx>
                            <posy>2</posy>
                            <height>28</height>
                            <width>1041</width>
                            <font>FacadeListSubFont</font>
                            <textcolor>SublistFocusColor</textcolor>
                            <label>$INFO[ListItem.Label]</label>
                        </control>
                        <control type="label" description="Main Label">
                            <posx>TextMargin</posx>
                            <posy>26</posy>
                            <height>42</height>
                            <width>1041</width>
                            <font>FacadeListMainFont</font>
                            <textcolor>ListFocusColor</textcolor>
                            <label>$INFO[ListItem.Label2]</label>
                        </control>
                    </focusedlayout>
                    <content>
                        <item>
                            <label>$LOCALIZE[557]:</label>
                            <label2>$INFO[ListItem.Artist]</label2>
                            <onclick>noop</onclick>
                            <visible>!IsEmpty(ListItem.Artist)</visible>
                        </item>
                        <item>
                            <label>$LOCALIZE[515]:</label>
                            <label2>$INFO[ListItem.Genre]</label2>
                            <onclick>noop</onclick>
                            <visible>!IsEmpty(ListItem.Genre)</visible>
                        </item>
                        <item>
                            <label>$LOCALIZE[563]:</label>
                            <label2>$INFO[ListItem.Rating]</label2>
                            <onclick>noop</onclick>
                            <visible>!IsEmpty(ListItem.Rating)</visible>
                        </item>
                        <item>
                            <label>$LOCALIZE[175]:</label>
                            <label2>$INFO[ListItem.Property(Album_Mood)]</label2>
                            <onclick>noop</onclick>
                            <visible>!IsEmpty(ListItem.Property(Album_Mood))</visible>
                        </item>
                        <item>
                            <label>$LOCALIZE[176]:</label>
                            <label2>$INFO[ListItem.Property(Album_Style)]</label2>
                            <onclick>noop</onclick>
                            <visible>!IsEmpty(ListItem.Property(Album_Style))</visible>
                        </item>
                        <item>
                            <label>$LOCALIZE[21895]:</label>
                            <label2>$INFO[ListItem.Property(Album_Theme)]</label2>
                            <onclick>noop</onclick>
                            <visible>!IsEmpty(ListItem.Property(Album_Theme))</visible>
                        </item>
                        <item>
                            <label>146</label>
                            <label2>$INFO[ListItem.Property(Album_Type)]</label2>
                            <onclick>noop</onclick>
                            <visible>!IsEmpty(ListItem.Property(Album_Type))</visible>
                        </item>
                        <item>
                            <label>$LOCALIZE[21899]:</label>
                            <label2>$INFO[ListItem.Property(Album_Label)]</label2>
                            <onclick>noop</onclick>
                            <visible>!IsEmpty(ListItem.Property(Album_Label))</visible>
                        </item>
                        <item>
                            <label>$LOCALIZE[562]:</label>
                            <label2>$INFO[ListItem.Year]</label2>
                            <onclick>noop</onclick>
                            <visible>!IsEmpty(ListItem.Year)</visible>
                        </item>
                    </content>
                </control>
                <control type="scrollbar" id="60">
                    <posx>1100</posx>
                    <posy>0</posy>
                    <height>365</height>
                    <include>VerticalScroller</include>
                    <onleft>49</onleft>
                    <onright>9000</onright>
                </control>
            </control>
            <control type="group">
                <visible>container.content(Artists) + !Control.HasFocus(12)</visible>
                <posx>178</posx>
                <posy>382</posy>
                <include>VisibleFadeEffect</include>
                <control type="panel" id="49">
                    <posx>0</posx>
                    <posy>0</posy>
                    <width>1131</width>
                    <height>365</height>
                    <onleft>60</onleft>
                    <onright>9000</onright>
                    <onup>50</onup>
                    <ondown>50</ondown>
                    <pagecontrol>60</pagecontrol>
                    <scrolltime>200</scrolltime>
                    <itemlayout height="73" width="1131">
                        <control type="image">
                            <posx>0</posx>
                            <posy>0</posy>
                            <height>73</height>
                            <width>1131</width>
                            <texture border="3">list/bg_facade_nofocus.png</texture>
                        </control>
                        <control type="label" description="Label2">
                            <posx>TextMargin</posx>
                            <posy>2</posy>
                            <height>28</height>
                            <width>1041</width>
                            <font>FacadeListSubFont</font>
                            <textcolor>SublistFocusColor</textcolor>
                            <label>$INFO[ListItem.Label]</label>
                        </control>
                        <control type="label" description="Main Label">
                            <posx>TextMargin</posx>
                            <posy>26</posy>
                            <height>42</height>
                            <width>1041</width>
                            <font>FacadeListMainFont</font>
                            <textcolor>ListFocusColor</textcolor>
                            <label>$INFO[ListItem.Label2]</label>
                        </control>
                    </itemlayout>
                    <focusedlayout height="73" width="1131">
                        <control type="image">
                            <posx>0</posx>
                            <posy>0</posy>
                            <height>73</height>
                            <width>1131</width>
                            <texture border="3">list/bg_facade_focus.png</texture>
                        </control>
                        <control type="label" description="Label2">
                            <posx>TextMargin</posx>
                            <posy>2</posy>
                            <height>28</height>
                            <width>1041</width>
                            <font>FacadeListSubFont</font>
                            <textcolor>SublistFocusColor</textcolor>
                            <label>$INFO[ListItem.Label]</label>
                        </control>
                        <control type="label" description="Main Label">
                            <posx>TextMargin</posx>
                            <posy>26</posy>
                            <height>42</height>
                            <width>1041</width>
                            <font>FacadeListMainFont</font>
                            <textcolor>ListFocusColor</textcolor>
                            <label>$INFO[ListItem.Label2]</label>
                        </control>
                    </focusedlayout>
                    <content>
                        <item>
                            <label>$LOCALIZE[21893]:</label>
                            <label2>$INFO[ListItem.Property(Artist_Born)]</label2>
                            <onclick>noop</onclick>
                            <visible>!IsEmpty(ListItem.Property(Artist_Born))</visible>
                        </item>
                        <item>
                            <label>$LOCALIZE[21894]:</label>
                            <label2>$INFO[ListItem.Property(Artist_Formed)]</label2>
                            <onclick>noop</onclick>
                            <visible>!IsEmpty(ListItem.Property(Artist_Formed))</visible>
                        </item>
                        <item>
                            <label>$LOCALIZE[515]:</label>
                            <label2>$INFO[ListItem.Genre]</label2>
                            <onclick>noop</onclick>
                            <visible>!IsEmpty(ListItem.Genre)</visible>
                        </item>
                        <item>
                            <label>$LOCALIZE[175]:</label>
                            <label2>$INFO[ListItem.Property(Artist_Mood)]</label2>
                            <onclick>noop</onclick>
                            <visible>!IsEmpty(ListItem.Property(Artist_Mood))</visible>
                        </item>
                        <item>
                            <label>$LOCALIZE[176]:</label>
                            <label2>$INFO[ListItem.Property(Artist_Style)]</label2>
                            <onclick>noop</onclick>
                            <visible>!IsEmpty(ListItem.Property(Artist_Style))</visible>
                        </item>
                        <item>
                            <label>$LOCALIZE[21892]:</label>
                            <label2>$INFO[ListItem.Property(Artist_Instrument)]</label2>
                            <onclick>noop</onclick>
                            <visible>!IsEmpty(ListItem.Property(Artist_Instrument))</visible>
                        </item>
                        <item>
                            <label>$LOCALIZE[21897]:</label>
                            <label2>$INFO[ListItem.Property(Artist_Died)]</label2>
                            <onclick>noop</onclick>
                            <visible>!IsEmpty(ListItem.Property(Artist_Died))</visible>
                        </item>
                        <item>
                            <label>$LOCALIZE[21896]:</label>
                            <label2>$INFO[ListItem.Property(Artist_Disbanded)]</label2>
                            <onclick>noop</onclick>
                            <visible>!IsEmpty(ListItem.Property(Artist_Disbanded))</visible>
                        </item>
                        <item>
                            <label>$LOCALIZE[21898]:</label>
                            <label2>$INFO[ListItem.Property(Artist_YearsActive)]</label2>
                            <onclick>noop</onclick>
                            <visible>!IsEmpty(ListItem.Property(Artist_YearsActive))</visible>
                        </item>
                    </content>
                </control>
                <control type="scrollbar" id="60">
                    <posx>1100</posx>
                    <posy>0</posy>
                    <height>365</height>
                    <include>VerticalScroller</include>
                    <onleft>49</onleft>
                    <onright>9000</onright>
                </control>
            </control>
            <control type="group">
                <posx>178</posx>
                <posy>382</posy>
                <control type="image">
                    <posx>0</posx>
                    <posy>363</posy>
                    <width>1131</width>
                    <height>8</height>
                    <texture>list/bg_facade_separator.png</texture>
                </control>
                <control type="textbox" id="4">
                    <description>Description</description>
                    <posx>TextMargin</posx>
                    <posy>390</posy>
                    <width>1041</width>
                    <height>410</height>
                    <font>InfoPlotFont</font>
                    <align>justify</align>
                    <textcolor>MainColor</textcolor>
                    <pagecontrol>-</pagecontrol>
                    <visible>!Control.IsVisible(50)</visible>
                </control>
                <control type="panel" id="50">
                    <posx>0</posx>
                    <posy>371</posy>
                    <width>1131</width>
                    <height>438</height>
                    <onleft>9000</onleft>
                    <onright>9000</onright>
                    <onup>9000</onup>
                    <ondown>9000</ondown>
                    <viewtype label="">list</viewtype>
                    <pagecontrol>61</pagecontrol>
                    <scrolltime>200</scrolltime>
                    <orientation>vertical</orientation>
                    <itemlayout condition="Container.Content(Albums)" height="73" width="1131">
                        <control type="image">
                            <posx>0</posx>
                            <posy>0</posy>
                            <height>73</height>
                            <width>1131</width>
                            <texture border="3">list/bg_facade_nofocus.png</texture>
                        </control>
                        <control type="label" description="Main Label">
                            <posx>TextMargin</posx>
                            <height>42</height>
                            <width>1041</width>
                            <font>FacadeListMainFont</font>
                            <textcolor>ListNoFocusColor</textcolor>
                            <label>$INFO[ListItem.TrackNumber] - $INFO[ListItem.Label]</label>
                        </control>
                        <control type="label" description="Label2">
                            <posx>TextMargin</posx>
                            <posy>39</posy>
                            <height>28</height>
                            <width>1041</width>
                            <font>FacadeListSubFont</font>
                            <textcolor>SublistNoFocusColor</textcolor>
                            <label>$INFO[ListItem.Duration]</label>
                        </control>
                    </itemlayout>
                    <focusedlayout condition="Container.Content(Albums)" height="73" width="1131">
                        <control type="image">
                            <posx>0</posx>
                            <posy>0</posy>
                            <height>73</height>
                            <width>1131</width>
                            <texture border="3">list/bg_facade_focus.png</texture>
                        </control>
                        <control type="label" description="Main Label">
                            <posx>TextMargin</posx>
                            <height>42</height>
                            <width>1041</width>
                            <font>FacadeListMainFont</font>
                            <textcolor>ListFocusColor</textcolor>
                            <label>$INFO[ListItem.TrackNumber] - $INFO[ListItem.Label]</label>
                        </control>
                        <control type="label" description="Label2">
                            <posx>TextMargin</posx>
                            <posy>39</posy>
                            <height>28</height>
                            <width>1041</width>
                            <font>FacadeListSubFont</font>
                            <textcolor>SublistFocusColor</textcolor>
                            <label>$INFO[ListItem.Duration]</label>
                        </control>
                    </focusedlayout>
                    <itemlayout condition="Container.Content(Artists)" height="73" width="1131">
                        <control type="image">
                            <posx>0</posx>
                            <posy>0</posy>
                            <height>73</height>
                            <width>1131</width>
                            <texture border="3">list/bg_facade_nofocus.png</texture>
                        </control>
                        <control type="label" description="Main Label">
                            <posx>TextMargin</posx>
                            <posy>0</posy>
                            <height>71</height>
                            <width>1041</width>
                            <font>FacadeListMainFont</font>
                            <textcolor>ListNoFocusColor</textcolor>
                            <label>$INFO[ListItem.Label]</label>
                        </control>
                    </itemlayout>
                    <focusedlayout condition="Container.Content(Artists)" height="73" width="1131">
                        <control type="image">
                            <posx>0</posx>
                            <posy>0</posy>
                            <height>73</height>
                            <width>1131</width>
                            <texture border="3">list/bg_facade_focus.png</texture>
                        </control>
                        <control type="label" description="Main Label">
                            <posx>TextMargin</posx>
                            <posy>0</posy>
                            <height>71</height>
                            <width>1041</width>
                            <font>FacadeListMainFont</font>
                            <textcolor>ListFocusColor</textcolor>
                            <label>$INFO[ListItem.Label]</label>
                        </control>
                    </focusedlayout>
                </control>
            </control>
        </control>
    </controls>
</window>
