<?xml version="1.0" encoding="utf-8"?>
<window>
    <defaultcontrol always="true">300</defaultcontrol>
    <include>DialogOpenClose</include>
    <controls>
        <control type="group">
            <visible>!Window.IsVisible(numericinput)</visible>
            <posx>0</posx>
            <posy>-175</posy>
            <include>DimBG</include>
            <control type="image">
                <posx>383</posx>
                <posy>280</posy>
                <width>1154</width>
                <height>870</height>
                <texture border="94">common/bg_dialog.png</texture>
            </control>
            <control type="group">
                <posx>428</posx>
                <posy>317</posy>
                <control type="label" id="311" description="Heading">
                    <posx>45</posx>
                    <posy>18</posy>
                    <width>974</width>
                    <height>100</height>
                    <font>InfoTitleFont</font>
                    <textcolor>MainColor</textcolor>
                    <align>center</align>
                </control>
                <control type="image">
                    <posx>0</posx>
                    <posy>38</posy>
                    <width>1064</width>
                    <height>79</height>
                    <texture>list/bg_facade_nofocus_top.png</texture>
                </control>
            </control>
            <control type="image">
                <posx>467</posx>
                <posy>460</posy>
                <width>989</width>
                <height>75</height>
                <texture border="35">buttons/bg_button_text_focus.png</texture>
            </control>
            <control type="group">
                <posx>0</posx>
                <posy>150</posy>
                <control type="label" id="310" description="Edit Text">
                    <posx>490</posx>
                    <posy>316</posy>
                    <width>945</width>
                    <height>60</height>
                    <textcolor>MainColor</textcolor>
                    <font>ButtonFont</font>
                    <scroll>true</scroll>
                </control>
                <control type="group">
                    <posx>460</posx>
                    <posy>400</posy>
                    <control type="group" description="1st row">
                        <control type="button" id="65">
                            <description>A button</description>
                            <posx>0</posx>
                            <posy>0</posy>
                            <onleft>306</onleft>
                            <onright>66</onright>
                            <onup>305</onup>
                            <ondown>71</ondown>
                            <include>KeyboardButtons</include>
                        </control>
                        <control type="button" id="66">
                            <description>B button</description>
                            <posx>80</posx>
                            <posy>0</posy>
                            <onleft>65</onleft>
                            <onright>67</onright>
                            <onup>32</onup>
                            <ondown>72</ondown>
                            <include>KeyboardButtons</include>
                        </control>
                        <control type="button" id="67">
                            <description>C button</description>
                            <posx>160</posx>
                            <posy>0</posy>
                            <onleft>66</onleft>
                            <onright>68</onright>
                            <onup>32</onup>
                            <ondown>73</ondown>
                            <include>KeyboardButtons</include>
                        </control>
                        <control type="button" id="68">
                            <description>D button</description>
                            <posx>240</posx>
                            <posy>0</posy>
                            <onleft>67</onleft>
                            <onright>69</onright>
                            <onup>32</onup>
                            <ondown>74</ondown>
                            <include>KeyboardButtons</include>
                        </control>
                        <control type="button" id="69">
                            <description>E button</description>
                            <posx>320</posx>
                            <posy>0</posy>
                            <onleft>68</onleft>
                            <onright>70</onright>
                            <onup>32</onup>
                            <ondown>75</ondown>
                            <include>KeyboardButtons</include>
                        </control>
                        <control type="button" id="70">
                            <description>F button</description>
                            <posx>400</posx>
                            <posy>0</posy>
                            <onleft>69</onleft>
                            <onright>8</onright>
                            <onup>306</onup>
                            <ondown>76</ondown>
                            <include>KeyboardButtons</include>
                        </control>
                    </control>
                    <control type="group" description="2nd row">
                        <posy>72</posy>
                        <control type="button" id="71">
                            <description>G button</description>
                            <posx>0</posx>
                            <posy>0</posy>
                            <onleft>304</onleft>
                            <onright>72</onright>
                            <onup>65</onup>
                            <ondown>77</ondown>
                            <include>KeyboardButtons</include>
                        </control>
                        <control type="button" id="72">
                            <description>H button</description>
                            <posx>80</posx>
                            <posy>0</posy>
                            <onleft>71</onleft>
                            <onright>73</onright>
                            <onup>66</onup>
                            <ondown>78</ondown>
                            <include>KeyboardButtons</include>
                        </control>
                        <control type="button" id="73">
                            <description>I button</description>
                            <posx>160</posx>
                            <posy>0</posy>
                            <onleft>72</onleft>
                            <onright>74</onright>
                            <onup>67</onup>
                            <ondown>79</ondown>
                            <include>KeyboardButtons</include>
                        </control>
                        <control type="button" id="74">
                            <description>J button</description>
                            <posx>240</posx>
                            <posy>0</posy>
                            <onleft>73</onleft>
                            <onright>75</onright>
                            <onup>68</onup>
                            <ondown>80</ondown>
                            <include>KeyboardButtons</include>
                        </control>
                        <control type="button" id="75">
                            <description>K button</description>
                            <posx>320</posx>
                            <posy>0</posy>
                            <onleft>74</onleft>
                            <onright>76</onright>
                            <onup>69</onup>
                            <ondown>81</ondown>
                            <include>KeyboardButtons</include>
                        </control>
                        <control type="button" id="76">
                            <description>L button</description>
                            <posx>400</posx>
                            <posy>0</posy>
                            <onleft>75</onleft>
                            <onright>304</onright>
                            <onup>70</onup>
                            <ondown>82</ondown>
                            <include>KeyboardButtons</include>
                        </control>
                    </control>
                    <control type="group" description="3rd row">
                        <posy>144</posy>
                        <control type="button" id="77">
                            <description>M button</description>
                            <posx>0</posx>
                            <posy>0</posy>
                            <onleft>307</onleft>
                            <onright>78</onright>
                            <onup>71</onup>
                            <ondown>83</ondown>
                            <include>KeyboardButtons</include>
                        </control>
                        <control type="button" id="78">
                            <description>N button</description>
                            <posx>80</posx>
                            <posy>0</posy>
                            <onleft>77</onleft>
                            <onright>79</onright>
                            <onup>72</onup>
                            <ondown>84</ondown>
                            <include>KeyboardButtons</include>
                        </control>
                        <control type="button" id="79">
                            <description>O button</description>
                            <posx>160</posx>
                            <posy>0</posy>
                            <onleft>78</onleft>
                            <onright>80</onright>
                            <onup>73</onup>
                            <ondown>85</ondown>
                            <include>KeyboardButtons</include>
                        </control>
                        <control type="button" id="80">
                            <description>P button</description>
                            <posx>240</posx>
                            <posy>0</posy>
                            <onleft>79</onleft>
                            <onright>81</onright>
                            <onup>74</onup>
                            <ondown>86</ondown>
                            <include>KeyboardButtons</include>
                        </control>
                        <control type="button" id="81">
                            <description>Q button</description>
                            <posx>320</posx>
                            <posy>0</posy>
                            <onleft>80</onleft>
                            <onright>82</onright>
                            <onup>75</onup>
                            <ondown>87</ondown>
                            <include>KeyboardButtons</include>
                        </control>
                        <control type="button" id="82">
                            <description>R button</description>
                            <posx>400</posx>
                            <posy>0</posy>
                            <onleft>81</onleft>
                            <onright>307</onright>
                            <onup>76</onup>
                            <ondown>88</ondown>
                            <include>KeyboardButtons</include>
                        </control>
                    </control>
                    <control type="group" description="4th row">
                        <posy>216</posy>
                        <control type="button" id="83">
                            <description>S button</description>
                            <posx>0</posx>
                            <posy>0</posy>
                            <onleft>303</onleft>
                            <onright>84</onright>
                            <onup>77</onup>
                            <ondown>89</ondown>
                            <include>KeyboardButtons</include>
                        </control>
                        <control type="button" id="84">
                            <description>T button</description>
                            <posx>80</posx>
                            <posy>0</posy>
                            <onleft>83</onleft>
                            <onright>85</onright>
                            <onup>78</onup>
                            <ondown>90</ondown>
                            <include>KeyboardButtons</include>
                        </control>
                        <control type="button" id="85">
                            <description>U button</description>
                            <posx>160</posx>
                            <posy>0</posy>
                            <onleft>84</onleft>
                            <onright>86</onright>
                            <onup>79</onup>
                            <ondown>48</ondown>
                            <include>KeyboardButtons</include>
                        </control>
                        <control type="button" id="86">
                            <description>V button</description>
                            <posx>240</posx>
                            <posy>0</posy>
                            <onleft>85</onleft>
                            <onright>87</onright>
                            <onup>80</onup>
                            <ondown>49</ondown>
                            <include>KeyboardButtons</include>
                        </control>
                        <control type="button" id="87">
                            <description>W button</description>
                            <posx>320</posx>
                            <posy>0</posy>
                            <onleft>86</onleft>
                            <onright>88</onright>
                            <onup>81</onup>
                            <ondown>50</ondown>
                            <include>KeyboardButtons</include>
                        </control>
                        <control type="button" id="88">
                            <description>X button</description>
                            <posx>400</posx>
                            <posy>0</posy>
                            <onleft>87</onleft>
                            <onright>303</onright>
                            <onup>82</onup>
                            <ondown>51</ondown>
                            <include>KeyboardButtons</include>
                        </control>
                    </control>
                    <control type="group" description="5th row">
                        <posy>288</posy>
                        <control type="button" id="89">
                            <description>Y button</description>
                            <posx>0</posx>
                            <posy>0</posy>
                            <onleft>302</onleft>
                            <onright>90</onright>
                            <onup>83</onup>
                            <ondown>52</ondown>
                            <include>KeyboardButtons</include>
                        </control>
                        <control type="button" id="90">
                            <description>Z button</description>
                            <posx>80</posx>
                            <posy>0</posy>
                            <onleft>89</onleft>
                            <onright>48</onright>
                            <onup>84</onup>
                            <ondown>53</ondown>
                            <include>KeyboardButtons</include>
                        </control>
                        <control type="button" id="48">
                            <description>0 button</description>
                            <posx>160</posx>
                            <posy>0</posy>
                            <onleft>90</onleft>
                            <onright>49</onright>
                            <onup>85</onup>
                            <ondown>54</ondown>
                            <include>KeyboardButtons</include>
                        </control>
                        <control type="button" id="49">
                            <description>1 button</description>
                            <posx>240</posx>
                            <posy>0</posy>
                            <onleft>48</onleft>
                            <onright>50</onright>
                            <onup>86</onup>
                            <ondown>55</ondown>
                            <include>KeyboardButtons</include>
                        </control>
                        <control type="button" id="50">
                            <description>2 button</description>
                            <posx>320</posx>
                            <posy>0</posy>
                            <onleft>49</onleft>
                            <onright>51</onright>
                            <onup>87</onup>
                            <ondown>56</ondown>
                            <include>KeyboardButtons</include>
                        </control>
                        <control type="button" id="51">
                            <description>3 button</description>
                            <posx>400</posx>
                            <posy>0</posy>
                            <onleft>50</onleft>
                            <onright>302</onright>
                            <onup>88</onup>
                            <ondown>57</ondown>
                            <include>KeyboardButtons</include>
                        </control>
                    </control>
                    <control type="group" description="6th row">
                        <posy>360</posy>
                        <control type="button" id="52">
                            <description>4 button</description>
                            <posx>0</posx>
                            <posy>0</posy>
                            <onleft>57</onleft>
                            <onright>53</onright>
                            <onup>89</onup>
                            <ondown>32</ondown>
                            <include>KeyboardButtons</include>
                        </control>
                        <control type="button" id="53">
                            <description>5 button</description>
                            <posx>80</posx>
                            <posy>0</posy>
                            <onleft>52</onleft>
                            <onright>54</onright>
                            <onup>90</onup>
                            <ondown>32</ondown>
                            <include>KeyboardButtons</include>
                        </control>
                        <control type="button" id="54">
                            <description>6 button</description>
                            <posx>160</posx>
                            <posy>0</posy>
                            <onleft>53</onleft>
                            <onright>55</onright>
                            <onup>48</onup>
                            <ondown>32</ondown>
                            <include>KeyboardButtons</include>
                        </control>
                        <control type="button" id="55">
                            <description>7 button</description>
                            <posx>240</posx>
                            <posy>0</posy>
                            <onleft>54</onleft>
                            <onright>56</onright>
                            <onup>49</onup>
                            <ondown>32</ondown>
                            <include>KeyboardButtons</include>
                        </control>
                        <control type="button" id="56">
                            <description>8 button</description>
                            <posx>320</posx>
                            <posy>0</posy>
                            <onleft>55</onleft>
                            <onright>57</onright>
                            <onup>50</onup>
                            <ondown>32</ondown>
                            <include>KeyboardButtons</include>
                        </control>
                        <control type="button" id="57">
                            <description>9 button</description>
                            <posx>400</posx>
                            <posy>0</posy>
                            <onleft>56</onleft>
                            <onright>52</onright>
                            <onup>51</onup>
                            <ondown>32</ondown>
                            <include>KeyboardButtons</include>
                        </control>
                    </control>
                    <control type="group" description="7th row">
                        <posy>442</posy>
                        <control type="button" id="32">
                            <description>SPACE button</description>
                            <posx>0</posx>
                            <posy>0</posy>
                            <width>490</width>
                            <label>$LOCALIZE[20182]</label>
                            <onleft>300</onleft>
                            <onright>300</onright>
                            <onup>54</onup>
                            <ondown>67</ondown>
                            <include>KeyboardButtons</include>
                        </control>
                    </control>
                    <control type="group" description="Column 2">
                        <posx>605</posx>
                        <control type="button" id="8">
                            <description>BACKSPACE button</description>
                            <posx>0</posx>
                            <posy>0</posy>
                            <onleft>70</onleft>
                            <onright>305</onright>
                            <onup>300</onup>
                            <ondown>304</ondown>
                            <width>120</width>
                            <include>KeyboardButtons</include>
                        </control>
                        <control type="image" description="Delete Backspace img">
                            <posx>9</posx>
                            <posy>2</posy>
                            <width>99</width>
                            <aspectratio>keep</aspectratio>
                            <include>KeyboardButtons</include>
                            <texture>common/KeyButtonDel.png</texture>
                        </control>
                        <control type="button" id="305">
                            <description>previous button</description>
                            <posx>225</posx>
                            <posy>0</posy>
                            <label>&lt;</label>
                            <onleft>8</onleft>
                            <onright>306</onright>
                            <onup>300</onup>
                            <ondown>304</ondown>
                            <include>KeyboardButtons</include>
                        </control>
                        <control type="button" id="306">
                            <description>next button</description>
                            <posx>310</posx>
                            <posy>0</posy>
                            <label>&gt;</label>
                            <onleft>305</onleft>
                            <onright>65</onright>
                            <onup>300</onup>
                            <ondown>304</ondown>
                            <include>KeyboardButtons</include>
                        </control>
                        <control type="togglebutton" id="304">
                            <description>Symbols button</description>
                            <posx>0</posx>
                            <posy>72</posy>
                            <width>400</width>
                            <label>@ ? , # ; ) !</label>
                            <altlabel>[UPPERCASE]@ ? , # ; ) ![/UPPERCASE]</altlabel>
                            <onleft>76</onleft>
                            <onright>71</onright>
                            <onup>8</onup>
                            <ondown>307</ondown>
                            <include>KeyboardButtons</include>
                        </control>
                        <control type="button" id="307">
                            <description>IP Input button</description>
                            <posx>0</posx>
                            <posy>144</posy>
                            <width>400</width>
                            <label>192.168.1.1</label>
                            <onleft>82</onleft>
                            <onright>77</onright>
                            <onup>304</onup>
                            <ondown>303</ondown>
                            <include>KeyboardButtons</include>
                        </control>
                        <control type="togglebutton" id="303">
                            <description>CAPS LOCK button</description>
                            <posx>0</posx>
                            <posy>216</posy>
                            <width>400</width>
                            <onleft>88</onleft>
                            <onright>83</onright>
                            <onup>307</onup>
                            <ondown>302</ondown>
                            <label>$LOCALIZE[20179]</label>
                            <altlabel>[UPPERCASE]$LOCALIZE[20179][/UPPERCASE]</altlabel>
                            <include>KeyboardButtons</include>
                        </control>
                        <control type="togglebutton" id="302" description="Shift">
                            <posx>0</posx>
                            <posy>288</posy>
                            <width>400</width>
                            <onleft>51</onleft>
                            <onright>89</onright>
                            <onup>303</onup>
                            <ondown>300</ondown>
                            <label>$LOCALIZE[20178]</label>
                            <altlabel>[UPPERCASE]$LOCALIZE[20178][/UPPERCASE]</altlabel>
                            <include>KeyboardButtons</include>
                        </control>
                        <control type="button" id="300" description="DONE button">
                            <posx>0</posx>
                            <posy>442</posy>
                            <width>400</width>
                            <label>[UPPERCASE]$LOCALIZE[20177][/UPPERCASE]</label>
                            <onleft>32</onleft>
                            <onright>32</onright>
                            <onup>302</onup>
                            <ondown>8</ondown>
                            <include>KeyboardButtons</include>
                        </control>
                    </control>
                </control>
            </control>
        </control>
    </controls>
</window>
