<?xml version="1.0" encoding="utf-8"?>
<fonts>
    <fontset id="Default" unicode="true" idloc="31390">
        <font>
            <name>WindowTitleFont</name>
            <filename>Sansation_Regular.ttf</filename>
            <size>46</size>
            <style>bold</style>
        </font>
        <font>
            <name>WindowTitleSubFont</name>
            <filename>Sansation_Regular.ttf</filename>
            <size>26</size>
         </font>
        <font>
            <name>LeftMenuTitleFont</name>
            <filename>Sansation_Regular.ttf</filename>
            <size>20</size>
        </font>
        <font>
            <name>HomeItemFont</name>
            <filename>Sansation_Regular.ttf</filename>
            <size>55</size>
            <style>bold</style>
            <aspect>1</aspect>
        </font>
        <font>
            <name>NotificationFont</name>
            <filename>Sansation_Regular.ttf</filename>
            <size>28</size>
        </font>
        <font>
            <name>OSDTitleFont</name>
            <filename>Sansation_Regular.ttf</filename>
            <size>32</size>
            <style>bold</style>
        </font>
        <font>
            <name>OSDFont</name>
            <filename>Sansation_Regular.ttf</filename>
            <size>32</size>
        </font>
        <font>
            <name>LeftMenuButtonFont</name>
            <filename>Sansation_Regular.ttf</filename>
            <size>35</size>
        </font>
        <font>
            <name>LeftMenuSubButtonFont</name>
            <filename>Sansation_Regular.ttf</filename>
            <size>25</size>
        </font>
        <font>
            <name>DialogSubFont</name>
            <filename>Sansation_Regular.ttf</filename>
            <size>28</size>
        </font>
        <font>
            <name>FacadeListMainFont</name>
            <filename>Sansation_Regular.ttf</filename>
            <size>35</size>
        </font>
        <font>
            <name>FacadeListSubFont</name>
            <filename>Sansation_Regular.ttf</filename>
            <size>25</size>
        </font>
        <font>
            <name>FacadePanelFont</name>
            <filename>Sansation_Regular.ttf</filename>
            <size>28</size>
        </font>
        <font>
            <name>ShelfFont</name>
            <filename>Sansation_Regular.ttf</filename>
            <size>24</size>
        </font>
        <font>
            <name>FacadeNumItemsFont</name>
            <filename>Sansation_Regular.ttf</filename>
            <size>33</size>
        </font>
        <font>
            <name>InfoTitleFont</name>
            <filename>Sansation_Regular.ttf</filename>
            <size>46</size>
            <style>bold</style>
        </font>
        <font>
            <name>InfoTitleShortFont</name>
            <filename>Sansation_Regular.ttf</filename>
            <size>40</size>
            <style>bold</style>
            <aspect>1.0</aspect>
        </font>
        <font>
            <name>InfoTitleSubFont</name>
            <filename>Sansation_Regular.ttf</filename>
            <size>24</size>
        </font>
        <font>
            <name>InfoPlotFont</name>
            <filename>Sansation_Regular.ttf</filename>
            <size>35</size>
            <linespacing>1.00</linespacing>
            <aspect>1.0</aspect>
        </font>
        <font>
            <name>InfoDetailsFont</name>
            <filename>Sansation_Regular.ttf</filename>
            <size>35</size>
        </font>
        <font>
            <name>InfoDetailsFontBig</name>
            <filename>Sansation_Regular.ttf</filename>
            <size>39</size>
        </font>
        <font>
            <name>InfoDetailsContainerFont</name>
            <filename>Sansation_Regular.ttf</filename>
            <size>30</size>
        </font>
        <font>
            <name>InfoRatingFont</name>
            <filename>Sansation_Regular.ttf</filename>
            <size>30</size>
        </font>
        <font>
            <name>TvGuideChannelFont</name>
            <filename>Sansation_Regular.ttf</filename>
            <size>30</size>
        </font>>
        <font>
            <name>TvGuideItemFont</name>
            <filename>Sansation_Regular.ttf</filename>
            <size>33</size>
        </font>
        <font>
            <name>TvGuideHeaderFont</name>
            <filename>Sansation_Regular.ttf</filename>
            <size>30</size>
        </font>
        <font>
            <name>TvGuideFooterFont</name>
            <filename>Sansation_Regular.ttf</filename>
            <size>35</size>
            <style>bold</style>
        </font>
        <font>
            <name>ButtonFont</name>
            <filename>Sansation_Regular.ttf</filename>
            <size>35</size>
        </font>
        <font>
            <name>SmallButtonFont</name>
            <filename>Sansation_Regular.ttf</filename>
            <size>30</size>
        </font>
        <font>
            <name>BadgeFont</name>
            <filename>Sansation_Regular.ttf</filename>
            <size>26</size>
            <aspect>0.95</aspect>
        </font>
        <font>
            <name>rss</name>
            <filename>Sansation_Regular.ttf</filename>
            <size>25</size>
        </font>
        <font>
            <name>font13</name>
            <filename>Sansation_Regular.ttf</filename>
            <size>35</size>
        </font>
    </fontset>
</fonts>
