<?xml version="1.0" encoding="utf-8"?>
<window id="0">
    <include>OpenClose</include>
    <defaultcontrol always="true">300</defaultcontrol>
    <onload condition="System.HasAddon(plugin.video.plexbmc) + Skin.HasSetting(plexbmc)">RunScript(plugin.video.plexbmc,amberskin,nocat)</onload>
    <!--<onload condition="System.HasAddon(plugin.video.plexbmc) + Skin.HasSetting(plexbmc)">RunScript(plugin.video.plexbmc,channelShelf)</onload>-->
    <onload condition="!Skin.HasSetting(Hide.Favourites)">RunScript(script.favourites)</onload>
    <onload condition="!Skin.HasSetting(plexbmc)">SetProperty(SkinWidgets_RandomItems_Update,true)</onload>
    <controls>
        <include condition="Skin.HasSetting(Home_DefaultBG)">Default_Art</include>
        <control type="multiimage">
            <visible>![Player.HasVideo + Skin.HasSetting(Show_Player)] + !Skin.HasSetting(Home_DefaultBG)</visible>
            <include>KenBurns</include>
            <include>Dimensions_Fullscreen</include>
            <timeperimage>12000</timeperimage>
            <fadetime>400</fadetime>
            <imagepath background="true">$INFO[Container(300).ListItem.Icon]</imagepath>
            <randomize>true</randomize>
            <aspectratio aligny="top">scale</aspectratio>
        </control>
        <include>Player_Show</include>
        <include>Time</include>
        <control type="image">
            <visible>![window.IsActive(DialogVolumeBar.xml)|window.IsActive(DialogMuteBug.xml)]</visible>
            <posx>47</posx>
            <posy>24</posy>
            <width>178</width>
            <height>44</height>
            <texture>common/logo.png</texture>
            <colordiffuse>WindowTitleColor</colordiffuse>
        </control>
        <control type="label">
            <visible>![window.IsActive(DialogVolumeBar.xml)|window.IsActive(DialogMuteBug.xml)]</visible>
            <include>WindowTitleSub</include>
            <label>$INFO[Container(300).ListItem.Label]</label>
        </control>
        <control type="group" description="Content">
            <animation effect="fade" start="0" end="100" time="1000" condition="Window.Previous(Startup.xml)">Conditional</animation>
            <animation effect="fade" start="0" end="100" time="200" condition="!Window.Previous(Startup.xml)">Conditional</animation>
            <include condition="Skin.HasSetting(VerticalHome)">Vertical_Home_Layout</include>
            <include condition="!Skin.HasSetting(VerticalHome)">Horizontal_Home_Layout</include>
        </control>
    </controls>
</window>
