<?xml version="1.0" encoding="utf-8"?>
<includes>
    <!--

    CUSTOM WINDOWS LIST
    _1114 Quit * define Quit menu
    _1115 CustomMoviesHomeButton.xml * define movies entry point
    _1116 MenuCustomizer
    _1117 ShelfCustomizer
    _1118 Custom_FullscreenMusic * start fullscreen audio playback
    _1119 CustomAddons * browse addons united under the same roof
    _50 Custom_Debug dialog * my favourite one

   -->
    <include file="Includes_Variables.xml"/>
    <include file="Includes_Codec.xml"/>
    <include file="Includes_PVR.xml"/>
    <include file="defaults.xml"/>
    <include file="Includes_Plexbmc.xml"/>
    <include file="Includes_Horizontal_Home.xml"/>
    <include file="Includes_Vertical_Home.xml"/>
    <include file="Includes_Shelf_Contents.xml"/>
    <include file="View_50.xml"/>
    <include file="View_51_Panel.xml"/>
    <include file="View_52_BigList.xml"/>
    <include file="View_53_Grid.xml"/>
    <include file="View_54_LowList.xml"/>
    <include file="View_55_BigPanel.xml"/>
    <include file="View_56_BannerList.xml"/>
    <include file="View_57_58_59_Showcase.xml"/>
    <include file="View_PVR.xml"/>
    <include name="Player_Show">
        <control type="image" description="fa overlay">
            <visible>[Player.HasVideo] + Skin.HasSetting(Show_Player)</visible>
            <posx>0</posx>
            <posy>0</posy>
            <width>1920</width>
            <height>1080</height>
            <texture>common/BlackDot.png</texture>
        </control>
        <control type="multiimage" description="Slideshow">
            <visible>Player.HasAudio + Skin.HasSetting(Show_Player) + Skin.HasSetting(MusicPlayingFanart) + !IsEmpty(Window(Visualisation).Property(ArtistSlideshow))</visible>
            <include>KenBurns</include>
            <include>Dimensions_Fullscreen</include>
            <imagepath background="true">$INFO[Window(Visualisation).Property(ArtistSlideshow)]</imagepath>
            <aspectratio aligny="top">scale</aspectratio>
            <timeperimage>14000</timeperimage>
            <fadetime>400</fadetime>
            <randomize>true</randomize>
            <animation effect="fade" start="0" end="100" time="250">Visible</animation>
            <animation effect="fade" start="100" end="0" time="250">Hidden</animation>
        </control>
        <control type="image" description="Fanart only">
            <visible>Player.HasAudio + Skin.HasSetting(Show_Player) + Skin.HasSetting(MusicPlayingFanart) + IsEmpty(Window(Visualisation).Property(ArtistSlideshow))</visible>
            <include>Dimensions_Fullscreen</include>
            <include>KenBurns</include>
            <fadetime>400</fadetime>
            <aspectratio>scale</aspectratio>
            <texture background="true">$INFO[MusicPlayer.Property(Fanart_Image)]</texture>
            <animation effect="fade" start="0" end="100" time="250">Visible</animation>
            <animation effect="fade" start="100" end="0" time="250">Hidden</animation>
        </control>
        <control type="visualisation">
            <visible>Player.HasAudio + Skin.HasSetting(Show_Player)</visible>
            <posx>0</posx>
            <posy>0</posy>
            <width>1920</width>
            <height>1080</height>
        </control>
        <control type="videowindow">
            <visible>Player.HasVideo + Skin.HasSetting(Show_Player)</visible>
            <posx>0</posx>
            <posy>0</posy>
            <width>1920</width>
            <height>1080</height>
        </control>
    </include>
    <include name="VisibleFadeEffect">
        <animation effect="fade" time="200">Visible</animation>
        <animation effect="fade" time="200">Hidden</animation>
        <animation effect="fade" start="0" end="100" time="200">WindowOpen</animation>
        <animation effect="fade" start="100" end="0" time="200">WindowClose</animation>
    </include>
    <include name="VisibleFadeEffectDelay">
        <animation effect="fade" time="300" delay="100">Visible</animation>
        <animation effect="fade" time="0">Hidden</animation>
    </include>
    <include name="VisibleFadeEffectDelayShelf">
        <animation effect="fade" time="100">Visible</animation>
        <animation effect="fade" time="50">Hidden</animation>
    </include>
    <include name="OSDFade">
        <animation effect="fade" start="0" end="100" time="100">WindowOpen</animation>
        <animation effect="fade" start="100" end="0" time="50">WindowClose</animation>
    </include>
    <include name="OpenClose">
        <animation effect="fade" time="150">WindowOpen</animation>
        <animation effect="fade" time="150">WindowClose</animation>
    </include>
    <include name="DialogOpenClose">
        <animation type="WindowOpen">
            <effect type="fade" start="0" end="100" time="150"/>
        </animation>
        <animation type="WindowClose">
            <effect type="fade" start="100" end="0" time="150"/>
        </animation>
    </include>
    <include name="PlexbmcFixTrick">
        <animation effect="slide" time="0" start="0,0" end="4000,0">WindowOpen</animation>
        <animation effect="slide" time="0" end="-4000,0">WindowClose</animation>
        <posx>-4000</posx>
    </include>
    <include name="MiniGuideOpenClose">
        <animation effect="slide" tween="circle" easing="out" time="250" start="750,0" end="0,0">WindowOpen</animation>
        <animation effect="slide" tween="circle" easing="out" time="250" end="750,0">WindowClose</animation>
    </include>
    <include name="Icon_Fade">
        <fadetime>200</fadetime>
        <animation effect="fade" time="200">Visible</animation>
        <!--  <animation effect="fade" time="100">Hidden</animation> -->
    </include>
    <include name="Shelf_Delay">
        <visible>System.IdleTime(1)</visible>
        <animation effect="fade" start="0" end="100" time="200" delay="400" condition="System.IdleTime(1)">Conditional</animation>
        <animation effect="fade" start="100" end="0" time="0" condition="!System.IdleTime(1)">Conditional</animation>
    </include>
    <include name="HiddenButton">
        <posx>-30</posx>
        <posy>-30</posy>
        <width>1</width>
        <height>1</height>
        <label>-</label>
        <texturenofocus>-</texturenofocus>
        <texturefocus>-</texturefocus>
    </include>
    <include name="DimBG">
        <control type="image">
            <posx>-1920</posx>
            <posy>-1080</posy>
            <width>5760</width>
            <height>3240</height>
            <texture>common/BlackDotT.png</texture>
        </control>
    </include>
    <include name="Dimensions_Fullscreen">
        <posx>0</posx>
        <posy>0</posy>
        <width>1920</width>
        <height>1080</height>
    </include>
    <include name="FakeTopbarButton">
        <width>10</width>
        <height>50</height>
        <texture>-</texture>
    </include>
    <include name="Time">
        <control type="group">
            <control type="image">
                <posx>-150</posx>
                <posy>-3</posy>
                <texture>common/basichome_upper_gradient.png</texture>
                <width>2220</width>
                <height>240</height>
            </control>
            <control type="group" description="Fix for Plexbmc">
                <include>PlexbmcFixTrick</include>
                <control type="button" id="8998">
                    <description>Fake button for mouse control</description>
                    <posx>395</posx>
                    <posy>0</posy>
                    <width>1130</width>
                    <height>100</height>
                    <label>-</label>
                    <font>-</font>
                    <texturenofocus>-</texturenofocus>
                    <texturefocus>-</texturefocus>
                    <visible>true</visible>
                </control>
                <control type="group" description="Content">
                    <animation effect="slide" start="0,0" end="0,130" time="150" condition="[ControlGroup(9900).HasFocus()|Control.HasFocus(8998)|Control.HasFocus(8997)]+[[Player.HasAudio + !SubString(Window(videolibrary).Property(TvTunesIsAlive),True)]|Player.HasVideo]">Conditional</animation>
                    <animation effect="slide" start="0,0" end="0,85" time="150" condition="[ControlGroup(9900).HasFocus()|Control.HasFocus(8998)|Control.HasFocus(8997)]+![[Player.HasAudio + !SubString(Window(videolibrary).Property(TvTunesIsAlive),True)]|Player.HasVideo]">Conditional</animation>
                    <animation effect="slide" time="150" end="0,-88">WindowClose</animation>
                    <animation effect="slide" tween="circle" easing="out" time="150" start="0,-88" end="0,-50">WindowOpen</animation>
                    <posy>0</posy>
                    <control type="image">
                        <posx>-80</posx>
                        <posy>-90</posy>
                        <texture>common/basichome_upper_gradient.png</texture>
                        <width>2220</width>
                        <height>150</height>
                    </control>
                    <control type="button" id="8997">
                        <description>Fake button for mouse control</description>
                        <posx>395</posx>
                        <posy>-110</posy>
                        <width>1130</width>
                        <height>100</height>
                        <label>-</label>
                        <font>-</font>
                        <texturenofocus>-</texturenofocus>
                        <texturefocus>-</texturefocus>
                        <visible>true</visible>
                    </control>
                    <control type="grouplist" id="9900">
                        <posx>395</posx>
                        <posy>-10</posy>
                        <width>1130</width>
                        <height>100</height>
                        <itemgap>0</itemgap>
                        <scrolltime>200</scrolltime>
                        <orientation>horizontal</orientation>
                        <onleft>9000</onleft>
                        <onright>9000</onright>
                        <onup>9000</onup>
                        <ondown>9000</ondown>
                        <align>center</align>
                        <control type="button" id="600">
                            <width>50</width>
                            <height>50</height>
                            <label>-</label>
                            <font>-</font>
                            <texturefocus>topbar/topbar_back_focus.png</texturefocus>
                            <texturenofocus>topbar/topbar_back_nofocus.png</texturenofocus>
                            <onclick>back</onclick>
                        </control>
                        <control type="image" id="601">
                            <width>60</width>
                            <include>FakeTopbarButton</include>
                        </control>
                        <control type="button" id="602">
                            <width>50</width>
                            <height>50</height>
                            <label>$LOCALIZE[210]</label>
                            <font>-</font>
                            <texturefocus>topbar/topbar_skipback_focus.png</texturefocus>
                            <texturenofocus>topbar/topbar_skipback_nofocus.png</texturenofocus>
                            <onclick>PlayerControl(Previous)</onclick>
                        </control>
                        <control type="image" id="603">
                            <include>FakeTopbarButton</include>
                        </control>
                        <control type="button" id="604">
                            <width>50</width>
                            <height>50</height>
                            <label>$LOCALIZE[31354]</label>
                            <font>-</font>
                            <texturefocus>topbar/topbar_rewind_focus.png</texturefocus>
                            <texturenofocus>topbar/topbar_rewind_nofocus.png</texturenofocus>
                            <onclick>PlayerControl(Rewind)</onclick>
                        </control>
                        <control type="image" id="605">
                            <include>FakeTopbarButton</include>
                        </control>
                        <control type="togglebutton" id="606">
                            <width>50</width>
                            <height>50</height>
                            <label>$LOCALIZE[31351]</label>
                            <altlabel>$LOCALIZE[208]</altlabel>
                            <font>-</font>
                            <texturefocus>topbar/topbar_pause_focus.png</texturefocus>
                            <texturenofocus>topbar/topbar_pause_nofocus.png</texturenofocus>
                            <usealttexture>Player.Paused | Player.Forwarding | Player.Rewinding</usealttexture>
                            <alttexturefocus>topbar/topbar_play_focus.png</alttexturefocus>
                            <alttexturenofocus>topbar/topbar_play_nofocus.png</alttexturenofocus>
                            <onclick>PlayerControl(Play)</onclick>
                        </control>
                        <control type="image" id="607">
                            <include>FakeTopbarButton</include>
                        </control>
                        <control type="button" id="608">
                            <width>50</width>
                            <height>50</height>
                            <label>$LOCALIZE[31352]</label>
                            <font>-</font>
                            <texturefocus>topbar/topbar_stop_focus.png</texturefocus>
                            <texturenofocus>topbar/topbar_stop_nofocus.png</texturenofocus>
                            <onclick>PlayerControl(Stop)</onclick>
                        </control>
                        <control type="image" id="609">
                            <include>FakeTopbarButton</include>
                        </control>
                        <control type="button" id="610">
                            <width>50</width>
                            <height>50</height>
                            <label>$LOCALIZE[31353]</label>
                            <font>-</font>
                            <texturefocus>topbar/topbar_fastforward_focus.png</texturefocus>
                            <texturenofocus>topbar/topbar_fastforward_nofocus.png</texturenofocus>
                            <onclick>PlayerControl(Forward)</onclick>
                        </control>
                        <control type="image" id="611">
                            <include>FakeTopbarButton</include>
                        </control>
                        <control type="button" id="612">
                            <width>50</width>
                            <height>50</height>
                            <label>$LOCALIZE[209]</label>
                            <font>-</font>
                            <texturefocus>topbar/topbar_skipforward_focus.png</texturefocus>
                            <texturenofocus>topbar/topbar_skipforward_nofocus.png</texturenofocus>
                            <onclick>PlayerControl(Next)</onclick>
                        </control>
                        <control type="image" id="613">
                            <width>60</width>
                            <include>FakeTopbarButton</include>
                        </control>
                        <control type="button" id="614">
                            <width>50</width>
                            <height>50</height>
                            <label>$LOCALIZE[13376]</label>
                            <font>-</font>
                            <texturefocus>topbar/topbar_volume_mute_focus.png</texturefocus>
                            <texturenofocus>topbar/topbar_volume_mute_nofocus.png</texturenofocus>
                            <onclick>Mute</onclick>
                        </control>
                        <control type="image" id="615">
                            <include>FakeTopbarButton</include>
                        </control>
                        <control type="button" id="616">
                            <width>50</width>
                            <height>50</height>
                            <label>$LOCALIZE[13376]</label>
                            <font>-</font>
                            <texturefocus>topbar/topbar_volume_down_focus.png</texturefocus>
                            <texturenofocus>topbar/topbar_volume_down_nofocus.png</texturenofocus>
                            <onleft>606</onleft>
                            <onright>608</onright>
                            <onup>9000</onup>
                            <ondown>9000</ondown>
                            <onclick>VolumeDown</onclick>
                        </control>
                        <control type="image" id="617">
                            <include>FakeTopbarButton</include>
                        </control>
                        <control type="button" id="618">
                            <width>50</width>
                            <height>50</height>
                            <label>$LOCALIZE[13376]</label>
                            <font>-</font>
                            <texturefocus>topbar/topbar_volume_up_focus.png</texturefocus>
                            <texturenofocus>topbar/topbar_volume_up_nofocus.png</texturenofocus>
                            <onleft>607</onleft>
                            <onright>609</onright>
                            <onup>9000</onup>
                            <ondown>9000</ondown>
                            <onclick>VolumeUp</onclick>
                        </control>
                        <control type="image" id="619">
                            <width>60</width>
                            <include>FakeTopbarButton</include>
                        </control>
                        <control type="button" id="620">
                            <width>50</width>
                            <height>50</height>
                            <label>$LOCALIZE[13005]</label>
                            <font>-</font>
                            <texturefocus>topbar/topbar_shutdown_focus.png</texturefocus>
                            <texturenofocus>topbar/topbar_shutdown_nofocus.png</texturenofocus>
                            <onleft>608</onleft>
                            <onright>9000</onright>
                            <onup>9000</onup>
                            <ondown>9000</ondown>
                            <onclick>$VAR[QuitAction]</onclick>
                        </control>
                    </control>
                    <control type="button" id="8997">
                        <description>Fake button for mouse control</description>
                        <posx>395</posx>
                        <posy>40</posy>
                        <width>1130</width>
                        <height>30</height>
                        <label>-</label>
                        <font>-</font>
                        <texturenofocus>-</texturenofocus>
                        <texturefocus>-</texturefocus>
                        <visible>true</visible>
                    </control>
                </control>
                <control type="group" description="Content">
                    <visible>[Player.HasAudio + !SubString(Window(videolibrary).Property(TvTunesIsAlive),True)]|Player.HasVideo</visible>
                    <animation effect="slide" start="0,-88" end="0,0" time="200">Visible</animation>
                    <animation effect="slide" start="0,0" end="0,-88" time="200">Hidden</animation>
                    <posy>0</posy>
                    <control type="image">
                        <posx>395</posx>
                        <posy>-330</posy>
                        <width>1130</width>
                        <height>417</height>
                        <texture>common/bg_dialog.png</texture>
                    </control>
                    <control type="label" description="Message">
                        <visible>[Player.HasAudio + !SubString(Window(videolibrary).Property(TvTunesIsAlive),True)]</visible>
                        <posx>460</posx>
                        <posy>0</posy>
                        <height>46</height>
                        <width>750</width>
                        <scroll>false</scroll>
                        <align>left</align>
                        <font>NotificationFont</font>
                        <textcolor>MainColor</textcolor>
                        <label>$INFO[MusicPlayer.Artist,,  •  ]$INFO[MusicPlayer.Title,[COLOR=AlternateColor],[/COLOR]]</label>
                    </control>
                    <control type="label" description="Message">
                        <visible>[Player.HasAudio + !SubString(Window(videolibrary).Property(TvTunesIsAlive),True)]</visible>
                        <posx>1455</posx>
                        <posy>0</posy>
                        <height>46</height>
                        <width>200</width>
                        <scroll>false</scroll>
                        <align>right</align>
                        <font>NotificationFont</font>
                        <textcolor>MainColor</textcolor>
                        <label>$INFO[MusicPlayer.TimeSpeed] - $INFO[MusicPlayer.Duration]</label>
                    </control>
                    <control type="label" description="Message">
                        <visible>Player.hasvideo</visible>
                        <posx>460</posx>
                        <posy>0</posy>
                        <height>46</height>
                        <width>650</width>
                        <scroll>false</scroll>
                        <align>left</align>
                        <font>NotificationFont</font>
                        <textcolor>MainColor</textcolor>
                        <scroll>false</scroll>
                        <label>$INFO[VideoPlayer.Title]</label>
                    </control>
                    <control type="label" description="Message">
                        <visible>Player.hasvideo</visible>
                        <posx>1455</posx>
                        <posy>0</posy>
                        <height>46</height>
                        <width>300</width>
                        <scroll>false</scroll>
                        <align>right</align>
                        <font>NotificationFont</font>
                        <textcolor>AlternateColor</textcolor>
                        <scroll>false</scroll>
                        <label>$INFO[VideoPlayer.TimeSpeed] - $INFO[VideoPlayer.Duration]</label>
                    </control>
                </control>
            </control>
            <control type="label">
                <posx>TextMarginR</posx>
                <posy>18</posy>
                <width>500</width>
                <align>right</align>
                <aligny>top</aligny>
                <font>WindowTitleFont</font>
                <textcolor>WindowTitleColor</textcolor>
                <shadowcolor>-</shadowcolor>
                <label>$INFO[System.Time]</label>
            </control>
            <control type="label">
                <description>Date label</description>
                <posx>TextMarginR</posx>
                <posy>68</posy>
                <width>500</width>
                <align>right</align>
                <aligny>top</aligny>
                <font>WindowTitleSubFont</font>
                <textcolor>WindowTitleSubColor</textcolor>
                <shadowcolor>-</shadowcolor>
                <label>$INFO[System.Date]</label>
            </control>
            <control type="image">
                <posx>1881</posx>
                <posy>-25</posy>
                <width>64</width>
                <height>64</height>
                <texture>OverlayTopRecording.png</texture>
                <visible>PVR.IsRecording</visible>
                <animation effect="fade" start="65" time="3000" condition="true" pulse="true">Conditional</animation>
            </control>
        </control>
    </include>
    <include name="SeekbarLabels">
        <posx>40</posx>
        <posy>0</posy>
        <height>52</height>
        <width>1840</width>
        <align>center</align>
        <textcolor>aaffffff</textcolor>
        <font>OSDFont</font>
        <shadowcolor>ShadowColor</shadowcolor>
        <animation effect="fade" time="50">VisibleChange</animation>
    </include>
    <include name="OSDSeekbarLabels">
        <posx>440</posx>
        <posy>21</posy>
        <height>40</height>
        <width>600</width>
        <align>center</align>
        <font>ListDetails</font>
        <shadowcolor>ShadowColor</shadowcolor>
        <animation effect="fade" time="50">VisibleChange</animation>
    </include>
    <include name="Stars">
        <visible>!IsEmpty(ListItem.StarRating)</visible>
        <height>36</height>
        <width>180</width>
        <aspectratio align="left">keep</aspectratio>
        <texture fallback="rating0.png">$INFO[ListItem.StarRating]</texture>
    </include>
    <include name="ListWatchedOverlayFocus">
        <control type="image">
            <visible>![Container.Content(TVShows) | Container.Content(Seasons)]</visible>
            <posx>58r</posx>
            <posy>0</posy>
            <width>30</width>
            <height>72</height>
            <texture>$VAR[Overlay]</texture>
            <aspectratio aligny="center">keep</aspectratio>
        </control>
        <control type="group">
            <visible>[Container.Content(TVShows) | Container.Content(Seasons)] + IntegerGreaterThan(ListItem.Property(UnWatchedEpisodes),0)</visible>
            <control type="label" description="l2">
                <posx>30r</posx>
                <height>71</height>
                <width>100</width>
                <font>FacadeListSubFont</font>
                <align>right</align>
                <textcolor>SublistFocusColor</textcolor>
                <label>$INFO[ListItem.Property(UnWatchedEpisodes)]</label>
            </control>
        </control>
    </include>
    <include name="ListWatchedOverlayNoFocus">
        <control type="image">
            <visible>![Container.Content(TVShows) | Container.Content(Seasons)]</visible>
            <posx>58r</posx>
            <posy>0</posy>
            <width>30</width>
            <height>72</height>
            <texture>$VAR[Overlay]</texture>
            <colordiffuse>aaffffff</colordiffuse>
            <aspectratio aligny="center">keep</aspectratio>
        </control>
        <control type="group">
            <visible>[Container.Content(TVShows) | Container.Content(Seasons)] + IntegerGreaterThan(ListItem.Property(UnWatchedEpisodes),0)</visible>
            <control type="label" description="l2">
                <posx>30r</posx>
                <height>71</height>
                <width>100</width>
                <font>FacadeListSubFont</font>
                <align>right</align>
                <textcolor>SublistNoFocusColor</textcolor>
                <label>$INFO[ListItem.Property(UnWatchedEpisodes)]</label>
            </control>
        </control>
    </include>
    <include name="ThumbBorder">
        <bordertexture border="27">common/JewelCase.png</bordertexture>
        <bordersize>27</bordersize>
    </include>
    <include name="ThumbBorderOverlay">
        <bordertexture border="27">common/JewelCaseOverlay.png</bordertexture>
        <bordersize>27</bordersize>
    </include>
    <include name="EpisodeThumb">
        <texture fallback="common/BlackDotT.png">$VAR[Thumbs]</texture>
        <aspectratio scalediffuse="false">keep</aspectratio>
    </include>
    <include name="SquareThumb">
        <texture fallback="common/BlackDotT.png">$VAR[Thumbs]</texture>
        <aspectratio scalediffuse="false">keep</aspectratio>
    </include>
    <include name="PosterThumb">
        <texture fallback="common/BlackDotT.png">$VAR[Thumbs]</texture>
        <aspectratio aligny="top" scalediffuse="false">scale</aspectratio>
    </include>
    <include name="9000GrouplistParameters">
        <control type="button" id="2" description="View as">
            <include>LeftMenuButton</include>
        </control>
        <control type="radiobutton" id="9156" description="View 53 Banners">
            <visible>Control.IsVisible(53) + Container.Content(TVShows)</visible>
            <font>LeftMenuSubButtonFont</font>
            <include>LeftMenuButton</include>
            <onclick>Skin.ToggleSetting(53_UseBanners)</onclick>
            <selected>Skin.HasSetting(53_UseBanners)</selected>
            <label>$LOCALIZE[31992]</label>
        </control>
        <control type="radiobutton" id="9157" description="View 53 Bigger">
            <visible>Control.IsVisible(53)+!Skin.HasSetting(53_UseBanners)</visible>
            <font>LeftMenuSubButtonFont</font>
            <include>LeftMenuButton</include>
            <onclick>Skin.ToggleSetting(53_BigGrid)</onclick>
            <selected>Skin.HasSetting(53_BigGrid)</selected>
            <label>$LOCALIZE[538]</label>
        </control>
        <control type="radiobutton" id="9160" description="View 55 Banners">
            <visible>Control.IsVisible(55) + Container.Content(TVShows)</visible>
            <font>LeftMenuSubButtonFont</font>
            <include>LeftMenuButton</include>
            <onclick>Skin.ToggleSetting(55_UseBanners)</onclick>
            <selected>Skin.HasSetting(55_UseBanners)</selected>
            <label>$LOCALIZE[31992]</label>
        </control>
        <control type="radiobutton" id="9162" description="View 57 Enable gallery for EPISODES">
            <visible>Control.IsVisible(57) + container.content(episodes)</visible>
            <font>LeftMenuSubButtonFont</font>
            <include>LeftMenuButton</include>
            <onclick>Skin.ToggleSetting(Episodes_Gallery)</onclick>
            <selected>Skin.HasSetting(Episodes_Gallery)</selected>
            <label>$LOCALIZE[31970]</label>
        </control>
        <control type="radiobutton" id="9165" description="View 58 Enable gallery for MUSIC">
            <visible>Control.IsVisible(58) + [container.content(albums) | container.content(artists)]</visible>
            <font>LeftMenuSubButtonFont</font>
            <include>LeftMenuButton</include>
            <onclick>Skin.ToggleSetting(Music_Gallery)</onclick>
            <selected>Skin.HasSetting(Music_Gallery)</selected>
            <label>$LOCALIZE[31970]</label>
        </control>
        <control type="radiobutton" id="9168" description="View 59 Enable gallery for POSTERS">
            <visible>Control.IsVisible(59) + [[container.content(MusicVideos) + Window.IsActive(myvideonav.xml)] | Container.content(actors) | container.content(movies) | container.content(tvshows) | container.content(seasons)]</visible>
            <font>LeftMenuSubButtonFont</font>
            <include>LeftMenuButton</include>
            <onclick>Skin.ToggleSetting(Posters_Gallery)</onclick>
            <selected>Skin.HasSetting(Posters_Gallery)</selected>
            <label>$LOCALIZE[31970]</label>
        </control>
        <control type="label" id="9181">
            <textoffsety>35</textoffsety>
            <height>69</height>
            <include>LeftMenuTitleLabel</include>
            <include>LeftMenuButton</include>
            <label>$LOCALIZE[581]</label>
        </control>
        <control type="image" id="9182">
            <width>577</width>
            <height>2</height>
            <texture border="0,0,0,2">list/bg_facade_nofocus_top.png</texture>
        </control>
    </include>
    <include name="KeyboardButtons">
        <align>center</align>
        <aligny>center</aligny>
        <textoffsetx>0</textoffsetx>
        <width>90</width>
        <height>85</height>
        <font>ButtonFont</font>
        <focusedcolor>MainColor</focusedcolor>
        <texturefocus border="27">buttons/bg_button_focus.png</texturefocus>
        <texturenofocus border="27">buttons/bg_button_nofocus.png</texturenofocus>
        <alttexturefocus border="27">buttons/bg_button_focus.png</alttexturefocus>
        <alttexturenofocus border="27">buttons/bg_button_nofocus.png</alttexturenofocus>
    </include>
    <include name="List_9009_Commons" description="Video Info metadata container">
        <posx>0</posx>
        <posy>0</posy>
        <width>1131</width>
        <height>730</height>
        <onleft>60</onleft>
        <onright>9000</onright>
        <onup>9000</onup>
        <ondown>9000</ondown>
        <pagecontrol>60</pagecontrol>
        <itemlayout height="73" width="1131">
            <control type="image">
                <posx>0</posx>
                <posy>0</posy>
                <height>73</height>
                <width>1131</width>
                <texture border="3">list/bg_facade_nofocus.png</texture>
            </control>
            <control type="label" description="Label2">
                <posx>TextMargin</posx>
                <posy>2</posy>
                <height>28</height>
                <width>1041</width>
                <font>FacadeListSubFont</font>
                <textcolor>SublistFocusColor</textcolor>
                <label>$INFO[ListItem.Label]</label>
            </control>
            <control type="label" description="Main Label">
                <posx>TextMargin</posx>
                <posy>26</posy>
                <height>42</height>
                <width>1041</width>
                <font>FacadeListMainFont</font>
                <textcolor>ListFocusColor</textcolor>
                <label>$INFO[ListItem.Label2]</label>
            </control>
        </itemlayout>
        <focusedlayout height="73" width="1131">
            <control type="image">
                <posx>0</posx>
                <posy>0</posy>
                <height>73</height>
                <width>1131</width>
                <texture border="3">list/bg_facade_focus.png</texture>
            </control>
            <control type="label" description="Label2">
                <posx>TextMargin</posx>
                <posy>2</posy>
                <height>28</height>
                <width>1041</width>
                <font>FacadeListSubFont</font>
                <textcolor>SublistFocusColor</textcolor>
                <label>$INFO[ListItem.Label]</label>
            </control>
            <control type="label" description="Main Label">
                <posx>TextMargin</posx>
                <posy>26</posy>
                <height>42</height>
                <width>1041</width>
                <font>FacadeListMainFont</font>
                <textcolor>ListFocusColor</textcolor>
                <label>$INFO[ListItem.Label2]</label>
            </control>
        </focusedlayout>
    </include>
    <include name="KenBurns">
        <animation effect="zoom" start="110" end="130" center="auto" time="15000" tween="cubic" easing="inout" pulse="true" condition="Skin.HasSetting(KenBurnsEffect)">Conditional</animation>
        <animation effect="slide" start="-10,-10" end="20,20" time="7000" tween="cubic" easing="inout" pulse="true" condition="Skin.HasSetting(KenBurnsEffect)">Conditional</animation>
    </include>
    <include name="BG.Defaults">
        <posx>0</posx>
        <posy>0</posy>
        <width>1920</width>
        <height>1080</height>
        <timeperimage>9000</timeperimage>
        <randomize>true</randomize>
        <fadetime>400</fadetime>
        <aspectratio aligny="top">scale</aspectratio>
    </include>
    <include name="Default_Art">
        <control type="multiimage">
            <include>KenBurns</include>
            <include>BG.Defaults</include>
            <imagepath background="true">$VAR[Default.Art]</imagepath>
        </control>
    </include>
    <include name="Settings_Art">
        <control type="multiimage">
            <include>KenBurns</include>
            <include>BG.Defaults</include>
            <imagepath background="true">$VAR[Settings.Art]</imagepath>
        </control>
    </include>
    <include name="Pvr_Art">
        <control type="multiimage">
            <include>KenBurns</include>
            <include>BG.Defaults</include>
            <imagepath background="true">$VAR[Pvr.Art]</imagepath>
        </control>
    </include>
    <include name="Weather_Art">
        <control type="multiimage">
            <include>KenBurns</include>
            <include>BG.Defaults</include>
            <imagepath background="true">$VAR[Weather.Art]</imagepath>
        </control>
    </include>
    <include name="Fanart_Art">
        <control type="multiimage">
            <visible>Window.IsActive(MyPics.xml)</visible>
            <include>KenBurns</include>
            <include>BG.Defaults</include>
            <imagepath background="true">$VAR[Pictures.Art]</imagepath>
        </control>
        <control type="multiimage" description="FA fullscreen">
            <visible>!Window.IsActive(MyPics.xml)</visible>
            <include>KenBurns</include>
            <include>BG.Defaults</include>
            <imagepath background="true">$VAR[Fanart.Art]</imagepath>
        </control>
    </include>
    <include name="Home.Main.Menu.Items">
        <include condition="Skin.HasSetting(plexbmc)">Plexbmc.Items</include>
        <item id="21" description="Custom1">
            <visible>!IsEmpty(Skin.String(CustomHome.1.Path))</visible>
            <label>$INFO[Skin.String(CustomHome.1.Label)]</label>
            <thumb fallback="special://skin/backgrounds/default/default.jpg">$INFO[Skin.String(CustomHome.1.Background)]</thumb>
            <icon fallback="special://skin/backgrounds/default/default.jpg">$INFO[Skin.String(CustomHome.1.Icon)]</icon>
            <onclick>$INFO[Skin.String(CustomHome.1.Path)]</onclick>
        </item>
        <item id="1" description="Pictures">
            <visible>!Skin.HasSetting(plexbmc)</visible>
            <visible>!Skin.HasSetting(Pictures.Hide)</visible>
            <label>$LOCALIZE[1]</label>
            <thumb fallback="special://skin/backgrounds/Pictures.jpg">$INFO[Skin.String(Pictures.Background)]</thumb>
            <icon fallback="special://skin/backgrounds/Pictures.jpg">$INFO[Skin.String(Pictures.Icon)]</icon>
            <onclick>ActivateWindow(Pictures,root)</onclick>
        </item>
        <item id="22" description="Custom2">
            <visible>!IsEmpty(Skin.String(CustomHome.2.Path))</visible>
            <label>$INFO[Skin.String(CustomHome.2.Label)]</label>
            <thumb fallback="special://skin/backgrounds/default/default.jpg">$INFO[Skin.String(CustomHome.2.Background)]</thumb>
            <icon fallback="special://skin/backgrounds/default/default.jpg">$INFO[Skin.String(CustomHome.2.Icon)]</icon>
            <onclick>$INFO[Skin.String(CustomHome.2.Path)]</onclick>
        </item>
        <item id="2" description="Addons">
            <visible>!Skin.HasSetting(Addons.Hide)</visible>
            <label>$LOCALIZE[24001]</label>
            <thumb fallback="special://skin/backgrounds/Addons.jpg">$INFO[Skin.String(Addons.Background)]</thumb>
            <icon fallback="special://skin/backgrounds/Addons.jpg">$INFO[Skin.String(Addons.Icon)]</icon>
            <onclick>ActivateWindow(1119)</onclick>
        </item>
        <item id="23" description="Custom3">
            <visible>!IsEmpty(Skin.String(CustomHome.3.Path))</visible>
            <label>$INFO[Skin.String(CustomHome.3.Label)]</label>
            <thumb fallback="special://skin/backgrounds/default/default.jpg">$INFO[Skin.String(CustomHome.3.Background)]</thumb>
            <icon fallback="special://skin/backgrounds/default/default.jpg">$INFO[Skin.String(CustomHome.3.Icon)]</icon>
            <onclick>$INFO[Skin.String(CustomHome.3.Path)]</onclick>
        </item>
        <item id="3" description="Videos">
            <visible>!Skin.HasSetting(plexbmc)</visible>
            <visible>!Skin.HasSetting(Videos.Hide)</visible>
            <label>$LOCALIZE[3]</label>
            <thumb fallback="special://skin/backgrounds/Videos.jpg">$INFO[Skin.String(Videos.Background)]</thumb>
            <icon fallback="special://skin/backgrounds/Videos.jpg">$INFO[Skin.String(Videos.Icon)]</icon>
            <onclick>ActivateWindow(Videos,root)</onclick>
        </item>
        <item id="24" description="Custom.4">
            <visible>!IsEmpty(Skin.String(CustomHome.4.Path))</visible>
            <label>$INFO[Skin.String(CustomHome.4.Label)]</label>
            <thumb fallback="special://skin/backgrounds/default/default.jpg">$INFO[Skin.String(CustomHome.4.Background)]</thumb>
            <icon fallback="special://skin/backgrounds/default/default.jpg">$INFO[Skin.String(CustomHome.4.Icon)]</icon>
            <onclick>$INFO[Skin.String(CustomHome.4.Path)]</onclick>
        </item>
        <item id="4" description="MyMovies">
            <visible>!Skin.HasSetting(plexbmc)</visible>
            <visible>!Skin.HasSetting(Movies.Hide) + Library.HasContent(Movies)</visible>
            <label>$LOCALIZE[20342]</label>
            <thumb fallback="special://skin/backgrounds/Movies.jpg">$INFO[Skin.String(Movies.Background)]</thumb>
            <icon fallback="special://skin/backgrounds/Movies.jpg">$INFO[Skin.String(Movies.Icon)]</icon>
            <onclick>$VAR[MovieEntryPoint]</onclick>
        </item>
        <item id="25" description="Custom.5">
            <visible>!IsEmpty(Skin.String(CustomHome.5.Path))</visible>
            <label>$INFO[Skin.String(CustomHome.5.Label)]</label>
            <thumb fallback="special://skin/backgrounds/default/default.jpg">$INFO[Skin.String(CustomHome.5.Background)]</thumb>
            <icon fallback="special://skin/backgrounds/default/default.jpg">$INFO[Skin.String(CustomHome.5.Icon)]</icon>
            <onclick>$INFO[Skin.String(CustomHome.5.Path)]</onclick>
        </item>
        <item id="5" description="MyTV">
            <visible>!Skin.HasSetting(plexbmc)</visible>
            <visible>!Skin.HasSetting(TVShows.Hide) + Library.HasContent(TVShows)</visible>
            <label>$LOCALIZE[20343]</label>
            <thumb fallback="special://skin/backgrounds/TVShows.jpg">$INFO[Skin.String(TVShows.Background)]</thumb>
            <icon fallback="special://skin/backgrounds/TVShows.jpg">$INFO[Skin.String(TVShows.Icon)]</icon>
            <onclick>ActivateWindow(VideoLibrary,TVShowTitles,return)</onclick>
        </item>
        <item id="26" description="Custom.6">
            <visible>!IsEmpty(Skin.String(CustomHome.6.Path))</visible>
            <label>$INFO[Skin.String(CustomHome.6.Label)]</label>
            <thumb fallback="special://skin/backgrounds/default/default.jpg">$INFO[Skin.String(CustomHome.6.Background)]</thumb>
            <icon fallback="special://skin/backgrounds/default/default.jpg">$INFO[Skin.String(CustomHome.6.Icon)]</icon>
            <onclick>$INFO[Skin.String(CustomHome.6.Path)]</onclick>
        </item>
        <item id="6" description="Music">
            <visible>!Skin.HasSetting(plexbmc)</visible>
            <visible>!Skin.HasSetting(Music.Hide)</visible>
            <label>$LOCALIZE[2]</label>
            <thumb fallback="special://skin/backgrounds/Music.jpg">$INFO[Skin.String(Music.Background)]</thumb>
            <icon fallback="special://skin/backgrounds/Music.jpg">$INFO[Skin.String(Music.Icon)]</icon>
            <onclick condition="Library.HasContent(Music) + !Skin.HasSetting(ArtistView)">ActivateWindow(MusicLibrary,root)</onclick>
            <onclick condition="!Library.HasContent(Music)">ActivateWindow(MusicFiles,root)</onclick>
            <onclick condition="Library.HasContent(Music) + Skin.HasSetting(ArtistView)">ActivateWindow(MusicLibrary,Artists)</onclick>
        </item>
        <item id="27" description="Custom.7">
            <visible>!IsEmpty(Skin.String(CustomHome.7.Path))</visible>
            <label>$INFO[Skin.String(CustomHome.7.Label)]</label>
            <thumb fallback="special://skin/backgrounds/default/default.jpg">$INFO[Skin.String(CustomHome.7.Background)]</thumb>
            <icon fallback="special://skin/backgrounds/default/default.jpg">$INFO[Skin.String(CustomHome.7.Icon)]</icon>
            <onclick>$INFO[Skin.String(CustomHome.7.Path)]</onclick>
        </item>
        <item id="13" description="Clips">
            <visible>!Skin.HasSetting(plexbmc)</visible>
            <visible>Skin.HasSetting(Clips.Show) + Library.HasContent(MusicVideos)</visible>
            <label>$LOCALIZE[31972]</label>
            <thumb fallback="special://skin/backgrounds/Clips.jpg">$INFO[Skin.String(Clips.Background)]</thumb>
            <icon fallback="special://skin/backgrounds/Clips.jpg">$INFO[Skin.String(Clips.Icon)]</icon>
            <onclick condition="Library.HasContent(music)">ActivateWindow(10501,"videodb://musicvideos/")</onclick>
            <onclick condition="!Library.HasContent(music)">ActivateWindow(10502,"videodb://musicvideos/")</onclick>
        </item>
        <item id="14" description="Concerts">
            <visible>!Skin.HasSetting(plexbmc)</visible>
            <visible>Skin.HasSetting(Concerts.Show) + Library.HasContent(MusicVideos)</visible>
            <label>$LOCALIZE[31971]</label>
            <thumb fallback="special://skin/backgrounds/Concerts.jpg">$INFO[Skin.String(Concerts.Background)]</thumb>
            <icon fallback="special://skin/backgrounds/Concerts.jpg">$INFO[Skin.String(Concerts.Icon)]</icon>
            <onclick>ActivateWindow(VideoLibrary,MusicVideoTitles,return)</onclick>
        </item>
        <item id="28" description="Custom.8">
            <visible>!IsEmpty(Skin.String(CustomHome.8.Path))</visible>
            <label>$INFO[Skin.String(CustomHome.8.Label)]</label>
            <thumb fallback="special://skin/backgrounds/default/default.jpg">$INFO[Skin.String(CustomHome.8.Background)]</thumb>
            <icon fallback="special://skin/backgrounds/default/default.jpg">$INFO[Skin.String(CustomHome.8.Icon)]</icon>
            <onclick>$INFO[Skin.String(CustomHome.8.Path)]</onclick>
        </item>
        <item id="300" description="PVR">
            <visible>System.GetBool(pvrmanager.enabled)</visible>
            <label>$LOCALIZE[31500]</label>
            <thumb fallback="special://skin/backgrounds/Pvr.jpg">$INFO[Skin.String(Pvr.Background)]</thumb>
            <icon fallback="special://skin/backgrounds/Pvr.jpg">$INFO[Skin.String(Pvr.Icon)]</icon>
            <onclick>ActivateWindowAndFocus(PVR)</onclick>
        </item>
        <item id="7" description="Favorites">
            <visible>!Skin.HasSetting(Favourites.Hide)</visible>
            <label>$LOCALIZE[1036]</label>
            <thumb fallback="special://skin/backgrounds/default/default.jpg">$INFO[Skin.String(Favourites.Background)]</thumb>
            <icon fallback="special://skin/backgrounds/default/default.jpg">$INFO[Skin.String(Favourites.Icon)]</icon>
            <onclick>ActivateWindow(Favourites)</onclick>
        </item>
        <item id="29" description="Custom.9">
            <visible>!IsEmpty(Skin.String(CustomHome.9.Path))</visible>
            <label>$INFO[Skin.String(CustomHome.9.Label)]</label>
            <thumb fallback="special://skin/backgrounds/default/default.jpg">$INFO[Skin.String(CustomHome.9.Background)]</thumb>
            <icon fallback="special://skin/backgrounds/default/default.jpg">$INFO[Skin.String(CustomHome.9.Icon)]</icon>
            <onclick>$INFO[Skin.String(CustomHome.9.Path)]</onclick>
        </item>
        <item id="8" description="DVD">
            <visible>System.HasMediaDVD + !Skin.HasSetting(DVD.Hide)</visible>
            <label>$LOCALIZE[427]</label>
            <thumb fallback="special://skin/backgrounds/Dvds.jpg">$INFO[Skin.String(DVD.Background)]</thumb>
            <icon fallback="special://skin/backgrounds/Dvds.jpg">$INFO[Skin.String(DVD.Icon)]</icon>
            <onclick condition="System.HasMediaDvd">PlayDVD()</onclick>
            <onclick condition="!System.HasMediaDvd">Notification($LOCALIZE[164],$LOCALIZE[219],5,DefaultIconWarning.png)</onclick>
        </item>
        <item id="15" description="Weather">
            <visible>!Skin.HasSetting(Weather.Hide)</visible>
            <label>$LOCALIZE[8]</label>
            <thumb fallback="special://skin/backgrounds/Weather.jpg">$INFO[Weather.fanartcode,special://skin/backgrounds/weather/,.jpg]</thumb>
            <icon fallback="special://skin/backgrounds/Weather.jpg">$INFO[Weather.fanartcode,special://skin/backgrounds/weather/,.jpg]</icon>
            <!-- <thumb fallback="special://skin/backgrounds/Weather.jpg">$INFO[Skin.String(Weather.Background)]</thumb> -->
            <onclick>ActivateWindow(Weather)</onclick>
        </item>
        <item id="10" description="Settings">
            <visible>!Skin.HasSetting(QuitMenu_Show_Settings)</visible>
            <label>$LOCALIZE[5]</label>
            <thumb fallback="special://skin/backgrounds/Settings.jpg">$INFO[Skin.String(Settings.Background)]</thumb>
            <icon fallback="special://skin/backgrounds/Settings.jpg">$INFO[Skin.String(Settings.Icon)]</icon>
            <onclick>ActivateWindow(Settings)</onclick>
        </item>
        <item id="11" description="Quit">
            <visible>!Skin.HasSetting(Quit.Hide)</visible>
            <label fallback="13009">$VAR[QuitLabel2]</label>
            <thumb fallback="special://skin/backgrounds/Quit.jpg">$INFO[Skin.String(Quit.Background)]</thumb>
            <icon fallback="special://skin/backgrounds/Quit.jpg">$INFO[Skin.String(Quit.Icon)]</icon>
            <onclick>$VAR[QuitAction]</onclick>
        </item>
    </include>
    <include name="Home.Submenu.Items">
        <item id="0" description="Update Library">
            <visible>!Skin.HasSetting(Hide.LibraryUpdate.Button)</visible>
            <visible>Container(300).HasFocus(3) | Container(300).HasFocus(4) | Container(300).HasFocus(5) | Container(300).HasFocus(13) | Container(300).HasFocus(14)</visible>
            <label>$LOCALIZE[653]</label>
            <onclick>UpdateLibrary(video)</onclick>
        </item>
        <item id="0" description="Update Library">
            <visible>!Skin.HasSetting(Hide.LibraryUpdate.Button)</visible>
            <visible>Container(300).HasFocus(6)</visible>
            <label>$LOCALIZE[653]</label>
            <onclick>UpdateLibrary(music)</onclick>
        </item>
        <item id="1" description="DVD eject">
            <visible>Container(300).HasFocus(8)</visible>
            <label>$LOCALIZE[13391]</label>
            <onclick>EjectTray()</onclick>
        </item>
        <item id="2" description="Program apps">
            <visible>Container(300).HasFocus(2) + !Skin.HasSetting(Addons2)</visible>
            <label>$LOCALIZE[0]</label>
            <onclick>XBMC.ActivateWindow(Programs,Addons,return)</onclick>
        </item>
        <item id="3" description="Video apps">
            <visible>Container(300).HasFocus(2) + !Skin.HasSetting(Addons4)</visible>
            <label>$LOCALIZE[157]</label>
            <onclick>ActivateWindow(VideoLibrary,Addons,return)</onclick>
        </item>
        <item id="4" description="Music apps">
            <visible>Container(300).HasFocus(2) + !Skin.HasSetting(Addons5)</visible>
            <label>$LOCALIZE[2]</label>
            <onclick condition="Library.HasContent(Music)">ActivateWindow(MusicLibrary,Addons,return)</onclick>
            <onclick condition="!Library.HasContent(Music)">ActivateWindow(MusicFiles,Addons,return)</onclick>
        </item>
        <item id="5" description="Picture apps">
            <visible>Container(300).HasFocus(2) + !Skin.HasSetting(Addons3)</visible>
            <label>$LOCALIZE[1]</label>
            <onclick>XBMC.ActivateWindow(Pictures,Addons,return)</onclick>
        </item>
        <item id="501" description="Addon Browser">
            <visible>Container(300).HasFocus(2)</visible>
            <label>$LOCALIZE[10040]</label>
            <onclick>XBMC.ActivateWindow(addonbrowser)</onclick>
        </item>
        <item id="6" description="MyTV">
            <visible>Container(300).HasFocus(5)</visible>
            <label>$LOCALIZE[136]</label>
            <onclick>ActivateWindow(Videos,playlists,return)</onclick>
        </item>
        <item id="7" description="RA TV">
            <visible>Container(300).HasFocus(5)</visible>
            <label>$LOCALIZE[575]</label>
            <onclick>ActivateWindow(Videos,"library://video/inprogressshows.xml/",return)</onclick>
        </item>
        <item id="8" description="RA TV">
            <visible>Container(300).HasFocus(5)</visible>
            <label>$LOCALIZE[31020]</label>
            <onclick>ActivateWindow(VideoLibrary,RecentlyAddedEpisodes,return)</onclick>
        </item>
        <item id="9" description="Library">
            <visible>Container(300).HasFocus(5)</visible>
            <label>$LOCALIZE[1024]</label>
            <onclick>ActivateWindow(Videolibrary,root)</onclick>
        </item>
        <item id="10" description="Search">
            <visible>Container(300).HasFocus(5)</visible>
            <label>$LOCALIZE[137]</label>
            <onclick>ActivateWindow(VideoLibrary)</onclick>
            <onclick>SendClick(8)</onclick>
        </item>
        <item id="11" description="MyMovies">
            <visible>Container(300).HasFocus(4) + !Skin.HasSetting(Movies1)</visible>
            <label>$LOCALIZE[136]</label>
            <onclick>ActivateWindow(Videos,playlists,return)</onclick>
        </item>
        <item id="11" description="MyMovies">
            <visible>Container(300).HasFocus(4) + !Skin.HasSetting(Movies1)</visible>
            <label>$LOCALIZE[135]</label>
            <onclick>ActivateWindow(Videos,Moviegenres,return)</onclick>
        </item>
        <item id="12" description="RA Movies">
            <visible>Container(300).HasFocus(4) + !Skin.HasSetting(Movies2)</visible>
            <label>$LOCALIZE[20434]</label>
            <onclick>ActivateWindow(Videos,Moviesets,return)</onclick>
        </item>
        <item id="13" description="RA Movies">
            <visible>Container(300).HasFocus(4) + !Skin.HasSetting(Movies2)</visible>
            <label>$LOCALIZE[31020]</label>
            <onclick>ActivateWindow(Videos,RecentlyAddedMovies,return)</onclick>
        </item>
        <item id="14" description="RA Movies">
            <visible>Container(300).HasFocus(4) + !Skin.HasSetting(Movies2)</visible>
            <label>$LOCALIZE[20459]</label>
            <onclick>ActivateWindow(Videos,MovieTags,return)</onclick>
        </item>
        <item id="15" description="Library">
            <visible>Container(300).HasFocus(4) + !Skin.HasSetting(Movies4)</visible>
            <label>$LOCALIZE[14022]</label>
            <onclick>ActivateWindow(Videolibrary,root)</onclick>
        </item>
        <item id="16" description="Search">
            <visible>Container(300).HasFocus(4) + !Skin.HasSetting(Movies5)</visible>
            <label>$LOCALIZE[137]</label>
            <onclick>ActivateWindow(VideoLibrary)</onclick>
            <onclick>SendClick(8)</onclick>
        </item>
        <item id="17" description="Videos">
            <visible>Container(300).HasFocus(3)</visible>
            <label>$LOCALIZE[136]</label>
            <onclick>ActivateWindow(Videos,playlists,return)</onclick>
        </item>
        <item id="18" description="Music Videos">
            <visible>Container(300).HasFocus(3) + Library.HasContent(MusicVideos)</visible>
            <label>$LOCALIZE[31971]</label>
            <onclick>ActivateWindow(Videos,MusicVideoTitles,return)</onclick>
        </item>
        <item id="19" description="Files Videos">
            <visible>Container(300).HasFocus(3) + !Skin.HasSetting(Movies4)</visible>
            <label>$LOCALIZE[744]</label>
            <onclick>ActivateWindow(Videos,files,return)</onclick>
        </item>
        <item id="20" description="Search">
            <visible>Container(300).HasFocus(3) + !Skin.HasSetting(Movies5)</visible>
            <label>$LOCALIZE[137]</label>
            <onclick>ActivateWindow(VideoLibrary)</onclick>
            <onclick>SendClick(8)</onclick>
        </item>
        <item id="21" description="Music Videos">
            <visible>Container(300).HasFocus(6) + !Skin.HasSetting(Music2) + Library.HasContent(Music)</visible>
            <label>$LOCALIZE[132]</label>
            <onclick>ActivateWindow(MusicLibrary,Albums)</onclick>
        </item>
        <item id="22" description="Artists">
            <visible>Container(300).HasFocus(6) + !Skin.HasSetting(Music1) + Library.HasContent(Music)</visible>
            <label>$LOCALIZE[133]</label>
            <onclick>ActivateWindow(MusicLibrary,Artists)</onclick>
        </item>
        <item id="23" description="Top 100">
            <visible>Container(300).HasFocus(6) + !Skin.HasSetting(Music1) + Library.HasContent(Music)</visible>
            <label>$LOCALIZE[271]</label>
            <onclick>ActivateWindow(MusicLibrary,top100,return)</onclick>
        </item>
        <item id="23" description="Music Videos">
            <visible>Container(300).HasFocus(6) + Library.HasContent(MusicVideos)</visible>
            <label>$LOCALIZE[31972]</label>
            <onclick condition="Library.HasContent(music)">ActivateWindow(10501,"videodb://musicvideos/")</onclick>
            <onclick condition="!Library.HasContent(music)">ActivateWindow(10502,"videodb://musicvideos/")</onclick>
        </item>
        <item id="24" description="Recently added">
            <visible>Container(300).HasFocus(6) + !Skin.HasSetting(Music1) + Library.HasContent(Music)</visible>
            <label>$LOCALIZE[31020]</label>
            <onclick>ActivateWindow(MusicLibrary,recentlyaddedalbums,return)</onclick>
        </item>
        <item id="25" description="Files">
            <visible>Container(300).HasFocus(6) + !Skin.HasSetting(Music4)</visible>
            <label>$LOCALIZE[744]</label>
            <onclick>ActivateWindow(MusicFiles,root)</onclick>
        </item>
        <item id="26" description="Search">
            <visible>Container(300).HasFocus(6) + !Skin.HasSetting(Music5) + Library.HasContent(Music)</visible>
            <label>$LOCALIZE[137]</label>
            <onclick>ActivateWindow(MusicLibrary,root)</onclick>
            <onclick>SendClick(8)</onclick>
        </item>
        <item id="27" description="Master mode button">
            <visible>Container(300).HasFocus(8)</visible>
            <visible>System.HasLocks + System.IsMaster</visible>
            <label>$LOCALIZE[12332]</label>
            <onclick>xbmc.mastermode</onclick>
        </item>
        <item id="28" description="Master mode button">
            <visible>Container(300).HasFocus(8)</visible>
            <visible>System.HasLocks + !System.IsMaster</visible>
            <label>$LOCALIZE[12333]</label>
            <onclick>xbmc.mastermode</onclick>
        </item>
        <item id="29" description="Concerts artists">
            <visible>Container(300).HasFocus(14)</visible>
            <label>$LOCALIZE[133]</label>
            <onclick>ActivateWindow(Videos,MusicVideoArtists,return)</onclick>
        </item>
        <item id="29" description="Recent concerts">
            <visible>Container(300).HasFocus(14)</visible>
            <label>$LOCALIZE[31020]</label>
            <onclick>ActivateWindow(Videos,RecentlyAddedMusicVideos,return)</onclick>
        </item>
        <item id="29" description="Concerts genres">
            <visible>Container(300).HasFocus(14)</visible>
            <label>$LOCALIZE[135]</label>
            <onclick>ActivateWindow(Videos,MusicVideoGenres,return)</onclick>
        </item>
        <item id="30" description="Clips albums">
            <visible>Container(300).HasFocus(13)</visible>
            <label>$LOCALIZE[132]</label>
            <onclick condition="Library.HasContent(music)">ActivateWindow(10501,"videodb://musicvideos/5")</onclick>
            <onclick condition="!Library.HasContent(music)">ActivateWindow(10502,"videodb://musicvideos/5")</onclick>
        </item>
        <item id="30" description="Clips artists">
            <visible>Container(300).HasFocus(13)</visible>
            <label>$LOCALIZE[133]</label>
            <onclick condition="Library.HasContent(music)">ActivateWindow(10501,"videodb://musicvideos/4")</onclick>
            <onclick condition="!Library.HasContent(music)">ActivateWindow(10502,"videodb://musicvideos/4")</onclick>
        </item>
        <item id="30" description="Clips genres">
            <visible>Container(300).HasFocus(13)</visible>
            <label>$LOCALIZE[135]</label>
            <onclick condition="Library.HasContent(music)">ActivateWindow(10501,"videodb://musicvideos/1")</onclick>
            <onclick condition="!Library.HasContent(music)">ActivateWindow(10502,"videodb://musicvideos/1")</onclick>
        </item>
        <item id="90142">
            <visible>Container(300).HasFocus(300)</visible>
            <label>$LOCALIZE[19023]</label>
            <onclick>ActivateWindowAndFocus(MyPVR, 32,0, 11,0)</onclick>
        </item>
        <item id="90143">
            <visible>Container(300).HasFocus(300)</visible>
            <label>$LOCALIZE[19024]</label>
            <onclick>ActivateWindowAndFocus(MyPVR, 33,0, 12,0)</onclick>
        </item>
        <item id="90145">
            <visible>Container(300).HasFocus(300)</visible>
            <label>$LOCALIZE[19163]</label>
            <onclick>ActivateWindowAndFocus(MyPVR, 34,0, 13,0)</onclick>
        </item>
        <item id="90146">
            <visible>Container(300).HasFocus(300)</visible>
            <label>$LOCALIZE[19040]</label>
            <onclick>ActivateWindowAndFocus(MyPVR, 35,0, 14,0)</onclick>
        </item>
        <item id="90147">
            <visible>Container(300).HasFocus(300)</visible>
            <label>$LOCALIZE[137]</label>
            <onclick>ActivateWindowAndFocus(MyPVR, 36,0, 17,0)</onclick>
        </item>
        <item id="90144">
            <visible>Container(300).HasFocus(300)</visible>
            <label>$LOCALIZE[19069]</label>
            <onclick>ActivateWindowAndFocus(MyPVR, 31,0, 10,0)</onclick>
        </item>
        <!--         <item id="50" description="Reload skin">
            <visible>Container(300).HasFocus(10)</visible>
            <label>$LOCALIZE[20183]</label>
            <onclick>XBMC.ReloadSkin()</onclick>
        </item> -->
        <item id="90145" description="Weather">
            <visible>Container(300).HasFocus(10)</visible>
            <label>$LOCALIZE[8]</label>
            <onclick>activatewindow(WeatherSettings)</onclick>
        </item>
        <item id="90146" description="Profiles">
            <visible>Container(300).HasFocus(10)</visible>
            <label>$LOCALIZE[13200]</label>
            <onclick>activatewindow(Profiles)</onclick>
        </item>
        <item id="90147" description="File Manager">
            <visible>Container(300).HasFocus(10)</visible>
            <label>$LOCALIZE[10003]</label>
            <onclick>activatewindow(filemanager)</onclick>
        </item>
        <item id="90200" description="Weather">
            <visible>Container(300).HasFocus(15)</visible>
            <label>$INFO[Weather.Location]</label>
            <onclick>activatewindow(weather)</onclick>
        </item>
        <item id="90201" description="Weather">
            <visible>Container(300).HasFocus(15)</visible>
            <label>$INFO[Weather.Conditions]</label>
            <onclick>activatewindow(weather)</onclick>
        </item>
        <item id="90202" description="Weather">
            <visible>Container(300).HasFocus(15)</visible>
            <label>$INFO[Weather.Temperature]</label>
            <onclick>activatewindow(weather)</onclick>
        </item>
        <include condition="System.HasAddon(plugin.video.plexbmc)">Plexbmc.Submenu.Items</include>
    </include>
    <constant name="TextMargin">45</constant>
    <constant name="TextMarginR">45r</constant>
    <include name="FacadeOverlay">
        <texture>-</texture>
        <colordiffuse>FacadeOverlayColor</colordiffuse>
    </include>
    <include name="WindowTitle">
        <visible>![window.IsActive(DialogVolumeBar.xml)|window.IsActive(DialogMuteBug.xml)]</visible>
        <posx>TextMargin</posx>
        <posy>18</posy>
        <width>1200</width>
        <aligny>top</aligny>
        <font>WindowTitleFont</font>
        <shadowcolor>-</shadowcolor>
        <textcolor>WindowTitleColor</textcolor>
    </include>
    <include name="WindowTitleSub">
        <visible>![window.IsActive(DialogVolumeBar.xml)|window.IsActive(DialogMuteBug.xml)]</visible>
        <posx>TextMargin</posx>
        <posy>68</posy>
        <width>1200</width>
        <aligny>top</aligny>
        <font>WindowTitleSubFont</font>
        <textcolor>WindowTitleSubColor</textcolor>
        <shadowcolor>-</shadowcolor>
    </include>
    <include name="FacadeNumItems">
        <include>VisibleFadeEffect</include>
        <posx>1890</posx>
        <posy>1010</posy>
        <width>594</width>
        <height>68</height>
        <align>right</align>
        <font>FacadeNumItemsFont</font>
        <textcolor>FacadeNumItemsColor</textcolor>
    </include>
    <include name="LeftMenu">
        <animation effect="slide" tween="circle" easing="out" time="250" start="0,0" end="580,0" condition="[ControlGroup(9000).HasFocus()|Control.HasFocus(8999)]">Conditional</animation>
        <animation effect="slide" time="150" end="-600,0">WindowClose</animation>
        <animation effect="slide" tween="circle" easing="out" time="150" start="-20,0" end="20,0">WindowOpen</animation>
        <control type="image">
            <posx>-600</posx>
            <posy>0</posy>
            <width>627</width>
            <height>1080</height>
            <texture>common/bg_left.png</texture>
        </control>
        <control type="button" id="8999">
            <description>Fake button for mouse control</description>
            <posx>-600</posx>
            <posy>0</posy>
            <width>627</width>
            <height>980</height>
            <label>-</label>
            <font>-</font>
            <texturenofocus>-</texturenofocus>
            <texturefocus>-</texturefocus>
            <visible>true</visible>
        </control>
        <control type="image">
            <posx>-600</posx>
            <posy>-1</posy>
            <width>577</width>
            <height>79</height>
            <texture>list/bg_facade_nofocus_top.png</texture>
        </control>
        <control type="image">
            <posx>-600</posx>
            <posy>-1</posy>
            <width>577</width>
            <height>79</height>
            <texture>list/bg_facade_nofocus_top.png</texture>
        </control>
        <control type="image">
            <posx>-600</posx>
            <posy>922</posy>
            <width>577</width>
            <height>79</height>
            <texture>list/bg_facade_nofocus_top.png</texture>
        </control>
    </include>
    <include name="LeftMenuTitleLabel">
        <posx>-600</posx>
        <posy>11</posy>
        <textoffsetx>45</textoffsetx>
        <textoffsety>32</textoffsety>
        <align>left</align>
        <aligny>top</aligny>
        <width>590</width>
        <font>LeftMenuTitleFont</font>
        <textcolor>60ffffff</textcolor>
    </include>
    <include name="LeftMenuButtonGroup">
        <posx>-600</posx>
        <posy>78</posy>
        <width>578</width>
        <height max="923">auto</height>
        <itemgap>0</itemgap>
        <scrolltime>200</scrolltime>
        <orientation>vertical</orientation>
        <onup>9900</onup>
    </include>
    <include name="LeftMenuButton">
        <height>71</height>
        <width>578</width>
        <font>LeftMenuButtonFont</font>
        <align>left</align>
        <radioposx>505</radioposx>
        <textoffsetx>TextMargin</textoffsetx>
        <texturefocus border="4">list/bg_facade_focus.png</texturefocus>
        <texturenofocus border="4">list/bg_facade_nofocus.png</texturenofocus>
        <alttexturefocus border="4">list/bg_facade_focus.png</alttexturefocus>
        <alttexturenofocus border="4">list/bg_facade_nofocus.png</alttexturenofocus>
    </include>
    <include name="RightDialogButton">
        <width>433</width>
        <height>73</height>
        <font>LeftMenuButtonFont</font>
        <align>left</align>
        <radioposx>505</radioposx>
        <textoffsetx>TextMargin</textoffsetx>
        <texturefocus border="4">list/bg_facade_focus.png</texturefocus>
        <texturenofocus border="4">list/bg_facade_nofocus.png</texturenofocus>
        <alttexturefocus border="4">list/bg_facade_focus.png</alttexturefocus>
        <alttexturenofocus border="4">list/bg_facade_nofocus.png</alttexturenofocus>
    </include>
    <include name="VerticalScroller">
        <texturesliderbackground>-</texturesliderbackground>
        <texturesliderbar border="0,31,0,31">buttons/Scrollbar_Vertical_NoFocus.png</texturesliderbar>
        <texturesliderbarfocus border="0,31,0,31">buttons/Scrollbar_Vertical_Focus.png</texturesliderbarfocus>
        <textureslidernib>-</textureslidernib>
        <textureslidernibfocus>-</textureslidernibfocus>
        <showonepage>false</showonepage>
        <orientation>vertical</orientation>
        <width>42</width>
    </include>
    <include name="HorizontalScroller">
        <texturesliderbackground>-</texturesliderbackground>
        <texturesliderbar border="31,0,31,0">buttons/Scrollbar_Horizontal_NoFocus.png</texturesliderbar>
        <texturesliderbarfocus border="31,0,31,0">buttons/Scrollbar_Horizontal_Focus.png</texturesliderbarfocus>
        <textureslidernib>-</textureslidernib>
        <textureslidernibfocus>-</textureslidernibfocus>
        <showonepage>false</showonepage>
        <orientation>horizontal</orientation>
        <height>42</height>
    </include>
    <include name="List_9009_Commons_Actors" description="Video Info metadata container">
        <onleft>8</onleft>
        <onright>8</onright>
        <onup>8</onup>
        <ondown>50</ondown>
        <viewtype label="">list</viewtype>
        <scrolltime>200</scrolltime>
        <orientation>vertical</orientation>
        <itemlayout height="73" width="1131">
            <control type="image">
                <posx>0</posx>
                <posy>0</posy>
                <height>73</height>
                <width>1131</width>
                <texture border="3">list/bg_facade_nofocus.png</texture>
            </control>
            <control type="label">
                <posx>TextMargin</posx>
                <posy>0</posy>
                <width>1041</width>
                <height>71</height>
                <font>InfoDetailsFont</font>
                <align>left</align>
                <aligny>center</aligny>
                <textcolor>ListNoFocusColor</textcolor>
                <scroll>false</scroll>
                <info>ListItem.Label</info>
            </control>
        </itemlayout>
        <focusedlayout height="73" width="1131">
            <control type="image">
                <posx>0</posx>
                <posy>0</posy>
                <height>73</height>
                <width>1131</width>
                <texture border="3">list/bg_facade_focus.png</texture>
            </control>
            <control type="label">
                <posx>TextMargin</posx>
                <posy>0</posy>
                <width>1041</width>
                <height>71</height>
                <font>InfoDetailsFont</font>
                <align>left</align>
                <aligny>center</aligny>
                <textcolor>ListFocusColor</textcolor>
                <scroll>false</scroll>
                <info>ListItem.Label</info>
            </control>
        </focusedlayout>
    </include>
</includes>
