<?xml version="1.0" encoding="utf-8"?>
<includes>
    <include name="Poster_Header">
        <posx>515</posx>
        <align>left</align>
        <posy>340</posy>
        <height>45</height>
        <width>1920</width>
        <textcolor>AlternateColor</textcolor>
        <font>FacadeListSubFont</font>
    </include>
    <include name="Square_Header">
        <posx>515</posx>
        <align>left</align>
        <posy>360</posy>
        <height>45</height>
        <width>1920</width>
        <textcolor>AlternateColor</textcolor>
        <font>FacadeListSubFont</font>
    </include>
    <include name="RecentlyAdded_Posters">
        <include>VisibleFadeEffectDelayShelf</include>
        <posx>505</posx>
        <posy>380</posy>
        <width>1386</width>
        <height>600</height>
        <onleft>300</onleft>
        <onback>300</onback>
        <movement>4</movement>
        <orientation>horizontal</orientation>
        <itemlayout height="600" width="231">
            <control type="image">
                <posx>-6</posx>
                <posy>-6</posy>
                <width>243</width>
                <height>339</height>
                <include>PosterThumb</include>
                <include>ThumbBorder</include>
                <colordiffuse>UnfocusedIconColor</colordiffuse>
            </control>
            <control type="label">
                <visible>Skin.HasSetting(VerticalHome)</visible>
                <posx>115</posx>
                <posy>308</posy>
                <width>200</width>
                <height>70</height>
                <align>center</align>
                <textcolor>ListNoFocusColor</textcolor>
                <font>ShelfFont</font>
                <scroll>false</scroll>
                <label>$INFO[ListItem.Label]</label>
            </control>
            <control type="image" description="Thumb">
                <visible>!Skin.HasSetting(VerticalHome)</visible>
                <posx>21</posx>
                <posy>342</posy>
                <width>189</width>
                <height>235</height>
                <texture flipy="true" diffuse="common/Thumb_Mask.png">$INFO[ListItem.Thumb]</texture>
                <colordiffuse>UnfocusedIconColor</colordiffuse>
            </control>
            <control type="image" description="Thumb">
                <visible>!Skin.HasSetting(VerticalHome)</visible>
                <posx>-6</posx>
                <posy>315</posy>
                <width>243</width>
                <height>235</height>
                <texture border="37" flipy="true" diffuse="common/Thumb_Mask.png">common/JewelCase.png</texture>
                <colordiffuse>UnfocusedIconColor</colordiffuse>
            </control>
        </itemlayout>
        <focusedlayout height="600" width="231">
            <control type="image">
                <posx>-6</posx>
                <posy>-6</posy>
                <width>243</width>
                <height>339</height>
                <include>PosterThumb</include>
                <include>ThumbBorderOverlay</include>
            </control>
            <control type="label">
                <visible>Skin.HasSetting(VerticalHome)</visible>
                <posx>115</posx>
                <posy>308</posy>
                <width>200</width>
                <height>70</height>
                <align>center</align>
                <textcolor>ListFocusColor</textcolor>
                <font>ShelfFont</font>
                <scroll>false</scroll>
                <label>$INFO[ListItem.Label]</label>
            </control>
            <control type="image" description="Thumb">
                <visible>!Skin.HasSetting(VerticalHome)</visible>
                <posx>21</posx>
                <posy>342</posy>
                <width>189</width>
                <height>235</height>
                <texture flipy="true" diffuse="common/Thumb_Mask.png">$INFO[ListItem.Thumb]</texture>
            </control>
            <control type="image" description="Thumb">
                <visible>!Skin.HasSetting(VerticalHome)</visible>
                <posx>-6</posx>
                <posy>315</posy>
                <width>243</width>
                <height>235</height>
                <texture border="37" flipy="true" diffuse="common/Thumb_Mask.png">common/JewelCaseOverlay.png</texture>
            </control>
        </focusedlayout>
    </include>
    <include name="Recommended_Posters">
        <include>VisibleFadeEffectDelayShelf</include>
        <posx>505</posx>
        <posy>380</posy>
        <width>1386</width>
        <height>600</height>
        <onleft>300</onleft>
        <onback>300</onback>
        <movement>4</movement>
        <orientation>horizontal</orientation>
        <itemlayout height="600" width="231">
            <control type="image">
                <posx>-6</posx>
                <posy>-6</posy>
                <width>243</width>
                <height>339</height>
                <include>PosterThumb</include>
                <include>ThumbBorder</include>
                <colordiffuse>UnfocusedIconColor</colordiffuse>
            </control>
            <control type="label">
                <visible>Skin.HasSetting(VerticalHome)</visible>
                <posx>115</posx>
                <posy>308</posy>
                <width>200</width>
                <height>70</height>
                <align>center</align>
                <textcolor>ListNoFocusColor</textcolor>
                <font>ShelfFont</font>
                <scroll>false</scroll>
                <label>$INFO[ListItem.Label]</label>
            </control>
            <control type="image">
                <visible>Control.IsVisible(312)</visible>
                <posx>175</posx>
                <posy>273</posy>
                <width>33</width>
                <height>33</height>
                <texture>OverlayInProgress.png</texture>
            </control>
            <control type="image" description="Thumb">
                <visible>!Skin.HasSetting(VerticalHome)</visible>
                <posx>21</posx>
                <posy>342</posy>
                <width>189</width>
                <height>235</height>
                <texture flipy="true" diffuse="common/Thumb_Mask.png">$INFO[ListItem.Thumb]</texture>
                <colordiffuse>UnfocusedIconColor</colordiffuse>
            </control>
            <control type="image" description="Thumb">
                <visible>!Skin.HasSetting(VerticalHome)</visible>
                <posx>-6</posx>
                <posy>315</posy>
                <width>243</width>
                <height>235</height>
                <texture border="37" flipy="true" diffuse="common/Thumb_Mask.png">common/JewelCase.png</texture>
                <colordiffuse>UnfocusedIconColor</colordiffuse>
            </control>
        </itemlayout>
        <focusedlayout height="600" width="231">
            <control type="image">
                <posx>-6</posx>
                <posy>-6</posy>
                <width>243</width>
                <height>339</height>
                <include>PosterThumb</include>
                <include>ThumbBorderOverlay</include>
            </control>
            <control type="label">
                <visible>Skin.HasSetting(VerticalHome)</visible>
                <posx>115</posx>
                <posy>308</posy>
                <width>200</width>
                <height>70</height>
                <align>center</align>
                <textcolor>ListFocusColor</textcolor>
                <font>ShelfFont</font>
                <scroll>false</scroll>
                <label>$INFO[ListItem.Label]</label>
            </control>
            <control type="image">
                <visible>Control.IsVisible(312)</visible>
                <posx>175</posx>
                <posy>273</posy>
                <width>33</width>
                <height>33</height>
                <texture>OverlayInProgress.png</texture>
            </control>
            <control type="image" description="Thumb">
                <visible>!Skin.HasSetting(VerticalHome)</visible>
                <posx>21</posx>
                <posy>342</posy>
                <width>189</width>
                <height>235</height>
                <texture flipy="true" diffuse="common/Thumb_Mask.png">$INFO[ListItem.Thumb]</texture>
            </control>
            <control type="image" description="Thumb">
                <visible>!Skin.HasSetting(VerticalHome)</visible>
                <posx>-6</posx>
                <posy>315</posy>
                <width>243</width>
                <height>235</height>
                <texture border="37" flipy="true" diffuse="common/Thumb_Mask.png">common/JewelCaseOverlay.png</texture>
            </control>
        </focusedlayout>
    </include>
    <include name="RecentlyAdded_Episodes">
        <include>VisibleFadeEffectDelayShelf</include>
        <posx>505</posx>
        <posy>380</posy>
        <width>1386</width>
        <height>600</height>
        <onleft>300</onleft>
        <onback>300</onback>
        <movement>4</movement>
        <orientation>horizontal</orientation>
        <itemlayout height="600" width="231">
            <control type="image">
                <posx>-6</posx>
                <posy>-6</posy>
                <width>243</width>
                <height>339</height>
                <include>PosterThumb</include>
                <include>ThumbBorder</include>
                <colordiffuse>UnfocusedIconColor</colordiffuse>
            </control>
            <control type="label">
                <visible>Skin.HasSetting(VerticalHome)</visible>
                <posx>115</posx>
                <posy>308</posy>
                <width>200</width>
                <height>70</height>
                <align>center</align>
                <textcolor>ListNoFocusColor</textcolor>
                <font>ShelfFont</font>
                <scroll>false</scroll>
                <label>$INFO[ListItem.Property(SeasonEpisode)]</label>
            </control>
            <control type="image" description="Thumb">
                <visible>!Skin.HasSetting(VerticalHome)</visible>
                <posx>21</posx>
                <posy>342</posy>
                <width>189</width>
                <height>235</height>
                <texture flipy="true" diffuse="common/Thumb_Mask.png">$INFO[ListItem.Thumb]</texture>
                <colordiffuse>UnfocusedIconColor</colordiffuse>
            </control>
            <control type="image" description="Thumb">
                <visible>!Skin.HasSetting(VerticalHome)</visible>
                <posx>-6</posx>
                <posy>315</posy>
                <width>243</width>
                <height>235</height>
                <texture border="37" flipy="true" diffuse="common/Thumb_Mask.png">common/JewelCase.png</texture>
                <colordiffuse>UnfocusedIconColor</colordiffuse>
            </control>
        </itemlayout>
        <focusedlayout height="600" width="231">
            <control type="image">
                <posx>-6</posx>
                <posy>-6</posy>
                <width>243</width>
                <height>339</height>
                <include>PosterThumb</include>
                <include>ThumbBorderOverlay</include>
            </control>
            <control type="label">
                <visible>Skin.HasSetting(VerticalHome)</visible>
                <posx>115</posx>
                <posy>308</posy>
                <width>200</width>
                <height>70</height>
                <align>center</align>
                <textcolor>ListFocusColor</textcolor>
                <font>ShelfFont</font>
                <scroll>false</scroll>
                <label>$INFO[ListItem.Property(SeasonEpisode)]</label>
            </control>
            <control type="image" description="Thumb">
                <visible>!Skin.HasSetting(VerticalHome)</visible>
                <posx>21</posx>
                <posy>342</posy>
                <width>189</width>
                <height>235</height>
                <texture flipy="true" diffuse="common/Thumb_Mask.png">$INFO[ListItem.Thumb]</texture>
            </control>
            <control type="image" description="Thumb">
                <visible>!Skin.HasSetting(VerticalHome)</visible>
                <posx>-6</posx>
                <posy>315</posy>
                <width>243</width>
                <height>235</height>
                <texture border="37" flipy="true" diffuse="common/Thumb_Mask.png">common/JewelCaseOverlay.png</texture>
            </control>
        </focusedlayout>
    </include>
    <include name="Recommended_Episodes">
        <include>VisibleFadeEffectDelayShelf</include>
        <posx>505</posx>
        <posy>380</posy>
        <width>1386</width>
        <height>600</height>
        <onleft>300</onleft>
        <onback>300</onback>
        <movement>4</movement>
        <orientation>horizontal</orientation>
        <itemlayout height="600" width="231">
            <control type="image">
                <posx>-6</posx>
                <posy>-6</posy>
                <width>243</width>
                <height>339</height>
                <include>PosterThumb</include>
                <include>ThumbBorder</include>
                <colordiffuse>UnfocusedIconColor</colordiffuse>
            </control>
            <control type="label">
                <visible>Skin.HasSetting(VerticalHome)</visible>
                <posx>115</posx>
                <posy>308</posy>
                <width>200</width>
                <height>70</height>
                <align>center</align>
                <textcolor>ListNoFocusColor</textcolor>
                <font>ShelfFont</font>
                <scroll>false</scroll>
                <label>$INFO[ListItem.Property(SeasonEpisode)]</label>
            </control>
            <control type="image" description="Thumb">
                <visible>!Skin.HasSetting(VerticalHome)</visible>
                <posx>21</posx>
                <posy>342</posy>
                <width>189</width>
                <height>235</height>
                <texture flipy="true" diffuse="common/Thumb_Mask.png">$INFO[ListItem.Thumb]</texture>
                <colordiffuse>UnfocusedIconColor</colordiffuse>
            </control>
            <control type="image" description="Thumb">
                <visible>!Skin.HasSetting(VerticalHome)</visible>
                <posx>-6</posx>
                <posy>315</posy>
                <width>243</width>
                <height>235</height>
                <texture border="37" flipy="true" diffuse="common/Thumb_Mask.png">common/JewelCase.png</texture>
                <colordiffuse>UnfocusedIconColor</colordiffuse>
            </control>
        </itemlayout>
        <focusedlayout height="600" width="231">
            <control type="image">
                <posx>-6</posx>
                <posy>-6</posy>
                <width>243</width>
                <height>339</height>
                <include>PosterThumb</include>
                <include>ThumbBorderOverlay</include>
            </control>
            <control type="label">
                <visible>Skin.HasSetting(VerticalHome)</visible>
                <posx>115</posx>
                <posy>308</posy>
                <width>200</width>
                <height>70</height>
                <align>center</align>
                <textcolor>ListFocusColor</textcolor>
                <font>ShelfFont</font>
                <scroll>false</scroll>
                <label>$INFO[ListItem.Property(SeasonEpisode)]</label>
            </control>
            <control type="image" description="Thumb">
                <visible>!Skin.HasSetting(VerticalHome)</visible>
                <posx>21</posx>
                <posy>342</posy>
                <width>189</width>
                <height>235</height>
                <texture flipy="true" diffuse="common/Thumb_Mask.png">$INFO[ListItem.Thumb]</texture>
            </control>
            <control type="image" description="Thumb">
                <visible>!Skin.HasSetting(VerticalHome)</visible>
                <posx>-6</posx>
                <posy>315</posy>
                <width>243</width>
                <height>235</height>
                <texture border="37" flipy="true" diffuse="common/Thumb_Mask.png">common/JewelCaseOverlay.png</texture>
            </control>
        </focusedlayout>
    </include>
    <include name="RecentlyAdded_Albums">
        <include>VisibleFadeEffectDelayShelf</include>
        <posx>505</posx>
        <posy>420</posy>
        <width>1386</width>
        <height>400</height>
        <onleft>300</onleft>
        <onback>300</onback>
        <movement>4</movement>
        <orientation>horizontal</orientation>
        <itemlayout height="400" width="231">
            <control type="image">
                <posx>-6</posx>
                <posy>-6</posy>
                <width>243</width>
                <height>243</height>
                <include>SquareThumb</include>
                <include>ThumbBorder</include>
                <colordiffuse>UnfocusedIconColor</colordiffuse>
            </control>
            <control type="label">
                <visible>Skin.HasSetting(VerticalHome)</visible>
                <posx>115</posx>
                <posy>225</posy>
                <width>200</width>
                <height>70</height>
                <align>center</align>
                <textcolor>ListNoFocusColor</textcolor>
                <font>ShelfFont</font>
                <scroll>false</scroll>
                <label>$INFO[ListItem.Label]</label>
            </control>
            <control type="label">
                <visible>Skin.HasSetting(VerticalHome)</visible>
                <posx>115</posx>
                <posy>255</posy>
                <width>200</width>
                <height>70</height>
                <align>center</align>
                <textcolor>SublistNoFocusColor</textcolor>
                <font>ShelfFont</font>
                <scroll>false</scroll>
                <label>$INFO[ListItem.Label2]</label>
            </control>
            <control type="image" description="Thumb">
                <visible>!Skin.HasSetting(VerticalHome)</visible>
                <posx>21</posx>
                <posy>247</posy>
                <width>189</width>
                <height>159</height>
                <texture flipy="true" diffuse="common/Thumb_Mask.png">$INFO[ListItem.Thumb]</texture>
                <colordiffuse>UnfocusedIconColor</colordiffuse>
            </control>
            <control type="image" description="Thumb">
                <visible>!Skin.HasSetting(VerticalHome)</visible>
                <posx>-6</posx>
                <posy>220</posy>
                <width>243</width>
                <height>159</height>
                <texture border="37" flipy="true" diffuse="common/Thumb_Mask.png">common/JewelCase.png</texture>
                <colordiffuse>UnfocusedIconColor</colordiffuse>
            </control>
        </itemlayout>
        <focusedlayout height="400" width="231">
            <control type="image">
                <posx>-6</posx>
                <posy>-6</posy>
                <width>243</width>
                <height>243</height>
                <include>SquareThumb</include>
                <include>ThumbBorderOverlay</include>
            </control>
            <control type="label">
                <visible>Skin.HasSetting(VerticalHome)</visible>
                <posx>115</posx>
                <posy>225</posy>
                <width>200</width>
                <height>70</height>
                <align>center</align>
                <textcolor>ListFocusColor</textcolor>
                <font>ShelfFont</font>
                <scroll>false</scroll>
                <label>$INFO[ListItem.Label]</label>
            </control>
            <control type="label">
                <visible>Skin.HasSetting(VerticalHome)</visible>
                <posx>115</posx>
                <posy>255</posy>
                <width>200</width>
                <height>70</height>
                <align>center</align>
                <textcolor>SublistFocusColor</textcolor>
                <font>ShelfFont</font>
                <scroll>false</scroll>
                <label>$INFO[ListItem.Label2]</label>
            </control>
            <control type="image" description="Thumb">
                <visible>!Skin.HasSetting(VerticalHome)</visible>
                <posx>21</posx>
                <posy>247</posy>
                <width>189</width>
                <height>159</height>
                <texture flipy="true" diffuse="common/Thumb_Mask.png">$INFO[ListItem.Thumb]</texture>
            </control>
            <control type="image" description="Thumb">
                <visible>!Skin.HasSetting(VerticalHome)</visible>
                <posx>-6</posx>
                <posy>220</posy>
                <width>243</width>
                <height>159</height>
                <texture border="37" flipy="true" diffuse="common/Thumb_Mask.png">common/JewelCaseOverlay.png</texture>
            </control>
        </focusedlayout>
    </include>
    <include name="Recommended_Albums">
        <include>VisibleFadeEffectDelayShelf</include>
        <posx>505</posx>
        <posy>420</posy>
        <width>1386</width>
        <height>400</height>
        <onleft>300</onleft>
        <onback>300</onback>
        <movement>4</movement>
        <orientation>horizontal</orientation>
        <itemlayout height="400" width="231">
            <control type="image">
                <posx>-6</posx>
                <posy>-6</posy>
                <width>243</width>
                <height>243</height>
                <aspectratio scalediffuse="false" aligny="bottom">keep</aspectratio>
                <include>SquareThumb</include>
                <include>ThumbBorder</include>
                <colordiffuse>UnfocusedIconColor</colordiffuse>
            </control>
            <control type="label">
                <visible>Skin.HasSetting(VerticalHome)</visible>
                <posx>115</posx>
                <posy>225</posy>
                <width>200</width>
                <height>70</height>
                <align>center</align>
                <textcolor>ListNoFocusColor</textcolor>
                <font>ShelfFont</font>
                <scroll>false</scroll>
                <label>$INFO[ListItem.Label]</label>
            </control>
            <control type="label">
                <visible>Skin.HasSetting(VerticalHome)</visible>
                <posx>115</posx>
                <posy>255</posy>
                <width>200</width>
                <height>70</height>
                <align>center</align>
                <textcolor>SublistNoFocusColor</textcolor>
                <font>ShelfFont</font>
                <scroll>false</scroll>
                <label>$INFO[ListItem.Label2]</label>
            </control>
            <control type="image" description="Thumb">
                <visible>!Skin.HasSetting(VerticalHome)</visible>
                <posx>21</posx>
                <posy>247</posy>
                <width>189</width>
                <height>159</height>
                <texture flipy="true" diffuse="common/Thumb_Mask.png">$INFO[ListItem.Thumb]</texture>
                <colordiffuse>UnfocusedIconColor</colordiffuse>
            </control>
            <control type="image" description="Thumb">
                <visible>!Skin.HasSetting(VerticalHome)</visible>
                <posx>-6</posx>
                <posy>220</posy>
                <width>243</width>
                <height>159</height>
                <texture border="37" flipy="true" diffuse="common/Thumb_Mask.png">common/JewelCase.png</texture>
                <colordiffuse>UnfocusedIconColor</colordiffuse>
            </control>
        </itemlayout>
        <focusedlayout height="400" width="231">
            <control type="image">
                <posx>-6</posx>
                <posy>-6</posy>
                <width>243</width>
                <height>243</height>
                <aspectratio scalediffuse="false" aligny="bottom">keep</aspectratio>
                <include>SquareThumb</include>
                <include>ThumbBorderOverlay</include>
            </control>
            <control type="label">
                <visible>Skin.HasSetting(VerticalHome)</visible>
                <posx>115</posx>
                <posy>225</posy>
                <width>200</width>
                <height>70</height>
                <align>center</align>
                <textcolor>ListFocusColor</textcolor>
                <font>ShelfFont</font>
                <scroll>false</scroll>
                <label>$INFO[ListItem.Label]</label>
            </control>
            <control type="label">
                <visible>Skin.HasSetting(VerticalHome)</visible>
                <posx>115</posx>
                <posy>255</posy>
                <width>200</width>
                <height>70</height>
                <align>center</align>
                <textcolor>SublistFocusColor</textcolor>
                <font>ShelfFont</font>
                <scroll>false</scroll>
                <label>$INFO[ListItem.Label2]</label>
            </control>
            <control type="image" description="Thumb">
                <visible>!Skin.HasSetting(VerticalHome)</visible>
                <posx>21</posx>
                <posy>247</posy>
                <width>189</width>
                <height>159</height>
                <texture flipy="true" diffuse="common/Thumb_Mask.png">$INFO[ListItem.Thumb]</texture>
            </control>
            <control type="image" description="Thumb">
                <visible>!Skin.HasSetting(VerticalHome)</visible>
                <posx>-6</posx>
                <posy>210</posy>
                <width>243</width>
                <height>159</height>
                <texture border="37" flipy="true" diffuse="common/Thumb_Mask.png">common/JewelCaseOverlay.png</texture>
            </control>
        </focusedlayout>
    </include>
    <include name="RecentlyAdded_Addons">
        <include>VisibleFadeEffectDelayShelf</include>
        <posx>505</posx>
        <posy>420</posy>
        <width>1386</width>
        <height>327</height>
        <onleft>300</onleft>
        <onback>300</onback>
        <movement>4</movement>
        <orientation>horizontal</orientation>
        <itemlayout height="345" width="231">
            <control type="image">
                <posx>-6</posx>
                <posy>-6</posy>
                <width>243</width>
                <height>243</height>
                <aspectratio scalediffuse="false" aligny="bottom">keep</aspectratio>
                <include>SquareThumb</include>
                <include>ThumbBorder</include>
                <colordiffuse>UnfocusedIconColor</colordiffuse>
            </control>
            <control type="label">
                <visible>Skin.HasSetting(VerticalHome)</visible>
                <posx>115</posx>
                <posy>225</posy>
                <width>200</width>
                <height>70</height>
                <align>center</align>
                <textcolor>ListNoFocusColor</textcolor>
                <font>ShelfFont</font>
                <scroll>false</scroll>
                <label>$INFO[ListItem.Label]</label>
            </control>
            <control type="image" description="Thumb">
                <visible>!Skin.HasSetting(VerticalHome)</visible>
                <posx>21</posx>
                <posy>247</posy>
                <width>189</width>
                <height>159</height>
                <texture flipy="true" diffuse="common/Thumb_Mask.png">$INFO[ListItem.Thumb]</texture>
                <colordiffuse>UnfocusedIconColor</colordiffuse>
            </control>
            <control type="image" description="Thumb">
                <visible>!Skin.HasSetting(VerticalHome)</visible>
                <posx>-6</posx>
                <posy>220</posy>
                <width>243</width>
                <height>159</height>
                <texture border="37" flipy="true" diffuse="common/Thumb_Mask.png">common/JewelCase.png</texture>
                <colordiffuse>UnfocusedIconColor</colordiffuse>
            </control>
        </itemlayout>
        <focusedlayout height="345" width="231">
            <control type="image">
                <posx>-6</posx>
                <posy>-6</posy>
                <width>243</width>
                <height>243</height>
                <aspectratio scalediffuse="false" aligny="bottom">keep</aspectratio>
                <include>SquareThumb</include>
                <include>ThumbBorderOverlay</include>
            </control>
            <control type="label">
                <visible>Skin.HasSetting(VerticalHome)</visible>
                <posx>115</posx>
                <posy>225</posy>
                <width>200</width>
                <height>70</height>
                <align>center</align>
                <textcolor>ListFocusColor</textcolor>
                <font>ShelfFont</font>
                <scroll>false</scroll>
                <label>$INFO[ListItem.Label]</label>
            </control>
            <control type="image" description="Thumb">
                <visible>!Skin.HasSetting(VerticalHome)</visible>
                <posx>21</posx>
                <posy>247</posy>
                <width>189</width>
                <height>159</height>
                <texture flipy="true" diffuse="common/Thumb_Mask.png">$INFO[ListItem.Thumb]</texture>
            </control>
            <control type="image" description="Thumb">
                <visible>!Skin.HasSetting(VerticalHome)</visible>
                <posx>-6</posx>
                <posy>220</posy>
                <width>243</width>
                <height>159</height>
                <texture border="37" flipy="true" diffuse="common/Thumb_Mask.png">common/JewelCaseOverlay.png</texture>
            </control>
        </focusedlayout>
    </include>
    <include name="Vertical_Home_Layout">
        <control type="image" description="Arrow XBMC only">
            <visible>!Skin.HasSetting(plexbmc)+[[[IntegerGreaterThan(Container(111).NumItems,0)]+Container(300).HasFocus(7)]|[[IntegerGreaterThan(Container(211).NumItems,0)]+Container(300).HasFocus(2)]|[[IntegerGreaterThan(Container(311).NumItems,0)|IntegerGreaterThan(Container(312).NumItems,0)]+Container(300).HasFocus(4)]|[[IntegerGreaterThan(Container(514).NumItems,0)]+Container(300).HasFocus(14)]|[[IntegerGreaterThan(Container(514).NumItems,0)|IntegerGreaterThan(Container(515).NumItems,0)]+Container(300).HasFocus(14)]|[[IntegerGreaterThan(Container(411).NumItems,0)|IntegerGreaterThan(Container(413).NumItems,0)]+Container(300).HasFocus(5)]|[[IntegerGreaterThan(Container(511).NumItems,0)|IntegerGreaterThan(Container(513).NumItems,0)]+Container(300).HasFocus(6)]|[[IntegerGreaterThan(Container(512).NumItems,0)]+Container(300).HasFocus(13)]]</visible>
            <include>VisibleFadeEffectDelayShelf</include>
            <posx>490</posx>
            <posy>515</posy>
            <width>50</width>
            <height>50</height>
            <texture>topbar/topbar_play_focus.png</texture>
        </control>
        <control type="image" description="Arrow Plexbmc only">
            <visible>Skin.HasSetting(plexbmc)+[[[IntegerGreaterThan(Container(111).NumItems,0)]+Container(300).HasFocus(7)]|[[IntegerGreaterThan(Container(900).NumItems,0)]+StringCompare(Container(300).ListItem.Property(type),photo)]|[[IntegerGreaterThan(Container(311).NumItems,0)|IntegerGreaterThan(Container(312).NumItems,0)]+StringCompare(Container(300).ListItem.Property(type),movie)]|[[IntegerGreaterThan(Container(511).NumItems,0)]+StringCompare(Container(300).ListItem.Property(type),artist)]|[[IntegerGreaterThan(Container(212).NumItems,0)]+Container(300).HasFocus(50)]|[[IntegerGreaterThan(Container(411).NumItems,0)|IntegerGreaterThan(Container(413).NumItems,0)]+StringCompare(Container(300).ListItem.Property(type),show)]]</visible>
            <include>VisibleFadeEffectDelayShelf</include>
            <posx>490</posx>
            <posy>515</posy>
            <width>50</width>
            <height>50</height>
            <texture>topbar/topbar_play_focus.png</texture>
        </control>
        <control type="group" id="700">
            <animation effect="fade" time="200" start="100" end="0" reversible="true" condition="[Control.HasFocus(300)|Control.HasFocus(9001)]">Conditional</animation>
            <include condition="Skin.HasSetting(Shelf.Delay)">Shelf_Delay</include>
            <control type="image" description="RA BG XBMC only">
                <visible>!Skin.HasSetting(plexbmc) + [Control.Hasfocus(111) | Control.Hasfocus(211) | Control.Hasfocus(212) | Control.Hasfocus(311)  | Control.Hasfocus(312) | Control.Hasfocus(411) | Control.Hasfocus(413) | Control.Hasfocus(511) | Control.Hasfocus(513) | Control.Hasfocus(514) | Control.Hasfocus(515) | Control.Hasfocus(412) | Control.Hasfocus(512)]</visible>
                <animation effect="fade" time="100" start="100" end="0">hidden</animation>
                <animation effect="fade" time="100" start="0" end="100">visible</animation>
                <posx>400</posx>
                <posy>280</posy>
                <width>2320</width>
                <height>520</height>
                <texture border="83">common/bg_dialog.png</texture>
            </control>
            <control type="image" description="RA BG Plexbmc only">
                <visible>Skin.HasSetting(plexbmc) + [Control.Hasfocus(111) | Control.Hasfocus(211) | Control.Hasfocus(212) | [IntegerGreaterThan(Container(311).NumItems,0) + Control.Hasfocus(311)] | [IntegerGreaterThan(Container(312).NumItems,0) + Control.Hasfocus(312)] | [IntegerGreaterThan(Container(411).NumItems,0) + Control.Hasfocus(411)] | [IntegerGreaterThan(Container(413).NumItems,0) + Control.Hasfocus(413)] | Control.Hasfocus(511) | Control.Hasfocus(900)]</visible>
                <animation effect="fade" time="100" start="100" end="0">hidden</animation>
                <animation effect="fade" time="100" start="0" end="100">visible</animation>
                <posx>400</posx>
                <posy>280</posy>
                <width>2320</width>
                <height>520</height>
                <texture border="83">common/bg_dialog.png</texture>
            </control>
            <control type="image" description="Trick">
                <posx>290</posx>
                <posy>78</posy>
                <width>182</width>
                <height>924</height>
                <texture>common/basichome_vertical_gradient.png</texture>
            </control>
            <include condition="!Skin.HasSetting(Hide.Favourites)">Favourite.List</include>
            <include condition="Skin.HasSetting(Shelf.Addons)">Addons.List</include>
            <include condition="!Skin.HasSetting(Hide.RecentlyAdded) + !Skin.HasSetting(plexbmc) + SubString(Window(Home).Property(SkinWidgets_RecentItems),t,left)">Recent.Movies.List</include>
            <include condition="!Skin.HasSetting(Hide.RecentlyAdded) + !Skin.HasSetting(plexbmc) + SubString(Window(Home).Property(SkinWidgets_RecentItems),t,left)">Recent.Concerts.List</include>
            <include condition="!Skin.HasSetting(Hide.RecentlyAdded) + !Skin.HasSetting(plexbmc) + SubString(Window(Home).Property(SkinWidgets_RecentItems),t,left)">Recent.Episodes.List</include>
            <include condition="!Skin.HasSetting(Hide.RecentlyAdded) + !Skin.HasSetting(plexbmc) + SubString(Window(Home).Property(SkinWidgets_RecentItems),t,left)">Recent.Albums.List</include>
            <include condition="!Skin.HasSetting(Hide.RecentlyAdded) + !Skin.HasSetting(plexbmc) + SubString(Window(Home).Property(SkinWidgets_RecentItems),t,left)">Recent.Clips.List</include>
            <include condition="!Skin.HasSetting(Hide.RecentlyAdded) + !Skin.HasSetting(plexbmc) + [SubString(Window(Home).Property(SkinWidgets_Recommended),t,left) | SubString(Window(Home).Property(SkinWidgets_RandomItems),t,left)]">Recommended.And.Random.Movies.List</include>
            <include condition="!Skin.HasSetting(Hide.RecentlyAdded) + !Skin.HasSetting(plexbmc) + SubString(Window(Home).Property(SkinWidgets_Recommended),t,left)">Recommended.Concerts.List</include>
            <include condition="!Skin.HasSetting(Hide.RecentlyAdded) + !Skin.HasSetting(plexbmc) + SubString(Window(Home).Property(SkinWidgets_Recommended),t,left)">Recommended.Episodes.List</include>
            <include condition="!Skin.HasSetting(Hide.RecentlyAdded) + !Skin.HasSetting(plexbmc) + SubString(Window(Home).Property(SkinWidgets_Recommended),t,left)">Recommended.Albums.List</include>
            <include condition="!Skin.HasSetting(Hide.RecentlyAdded) + Skin.HasSetting(plexbmc)">Plexbmc_Shelf</include>
        </control>
        <control type="group">
            <control type="group" description="Furniture">
                <posx>-110</posx>
                <control type="image">
                    <posx>0</posx>
                    <posy>0</posy>
                    <width>627</width>
                    <height>1080</height>
                    <texture>common/bg_left.png</texture>
                </control>
                <control type="label">
                    <visible>Skin.HasSetting(plexbmc)</visible>
                    <posx>577</posx>
                    <posy>11</posy>
                    <textoffsetx>45</textoffsetx>
                    <textoffsety>32</textoffsety>
                    <align>right</align>
                    <aligny>top</aligny>
                    <width>590</width>
                    <font>LeftMenuTitleFont</font>
                    <textcolor>60ffffff</textcolor>
                    <label>PLEXBMC</label>
                </control>
                <control type="label">
                    <visible>!Skin.HasSetting(plexbmc)</visible>
                    <posx>577</posx>
                    <posy>11</posy>
                    <textoffsetx>45</textoffsetx>
                    <textoffsety>32</textoffsety>
                    <align>right</align>
                    <aligny>top</aligny>
                    <width>590</width>
                    <font>LeftMenuTitleFont</font>
                    <textcolor>60ffffff</textcolor>
                    <label>XBMC</label>
                </control>
                <control type="image">
                    <posx>0</posx>
                    <posy>-1</posy>
                    <width>577</width>
                    <height>79</height>
                    <texture flipx="true">list/bg_facade_nofocus_top.png</texture>
                </control>
                <control type="image">
                    <posx>0</posx>
                    <posy>-1</posy>
                    <width>577</width>
                    <height>79</height>
                    <texture flipx="true">list/bg_facade_nofocus_top.png</texture>
                </control>
                <control type="image">
                    <posx>0</posx>
                    <posy>922</posy>
                    <width>577</width>
                    <height>79</height>
                    <texture flipx="true">list/bg_facade_nofocus_top.png</texture>
                </control>
                <control type="rss" description="RSS Feed">
                    <visible>system.getbool(lookandfeel.enablerssfeeds)</visible>
                    <posx>-50</posx>
                    <posy>1010</posy>
                    <textoffsetx>45</textoffsetx>
                    <textoffsety>32</textoffsety>
                    <align>right</align>
                    <aligny>top</aligny>
                    <width>577</width>
                    <font>LeftMenuTitleFont</font>
                    <textcolor>60ffffff</textcolor>
                    <titlecolor>MainColor</titlecolor>
                    <headlinecolor>60ffffff</headlinecolor>
                </control>
                <control type="wraplist" id="300" description="Main Bar">
                    <animation effect="fade" time="200" start="100" end="65" reversible="true" condition="!Control.HasFocus(300)">Conditional</animation>
                    <posx>0</posx>
                    <posy>78</posy>
                    <width>577</width>
                    <height>923</height>
                    <onup>300</onup>
                    <ondown>300</ondown>
                    <onleft>9001</onleft>
                    <onright>700</onright>
                    <onback>9001</onback>
                    <pagecontrol>-</pagecontrol>
                    <focusposition>6</focusposition>
                    <movement>0</movement>
                    <preloaditems>4</preloaditems>
                    <itemgap>0</itemgap>
                    <itemlayout height="71" width="577">
                        <control type="image">
                            <posx>0</posx>
                            <posy>0</posy>
                            <width>577</width>
                            <height>71</height>
                            <texture flipx="true" border="3">list/bg_facade_nofocus.png</texture>
                        </control>
                        <control type="label" description="Main Label">
                            <posx>TextMarginR</posx>
                            <height>69</height>
                            <width>487</width>
                            <align>right</align>
                            <font>FacadeListMainFont</font>
                            <textcolor>ListNoFocusColor</textcolor>
                            <label>$INFO[ListItem.Label]</label>
                        </control>
                    </itemlayout>
                    <focusedlayout height="71" width="577">
                        <control type="image">
                            <posx>0</posx>
                            <posy>0</posy>
                            <width>577</width>
                            <height>71</height>
                            <texture flipx="true" border="3">list/bg_facade_focus.png</texture>
                        </control>
                        <control type="label" description="Main Label">
                            <posx>TextMarginR</posx>
                            <height>69</height>
                            <width>487</width>
                            <align>right</align>
                            <font>FacadeListMainFont</font>
                            <textcolor>ListFocusColor</textcolor>
                            <label>$INFO[ListItem.Label]</label>
                        </control>
                    </focusedlayout>
                    <content>
                        <include>Home.Main.Menu.Items</include>
                    </content>
                </control>
            </control>
        </control>
        <control type="group">
            <animation effect="slide" start="0,0" end="389,0" time="250" delay="0" reversible="true" condition="Control.HasFocus(9001)">conditional</animation>
            <control type="image" description="Sub Left Blade">
                <include>VisibleFadeEffect</include>
                <posx>-380</posx>
                <posy>284</posy>
                <width>427</width>
                <height>512</height>
                <texture border="90">common/bg_left.png</texture>
            </control>
            <control type="image">
                <posx>-380</posx>
                <posy>283</posy>
                <width>377</width>
                <height>79</height>
                <texture flipx="true">list/bg_facade_nofocus_top.png</texture>
            </control>
            <control type="image">
                <posx>-380</posx>
                <posy>283</posy>
                <width>377</width>
                <height>79</height>
                <texture flipx="true">list/bg_facade_nofocus_top.png</texture>
            </control>
            <control type="image">
                <posx>-380</posx>
                <posy>638</posy>
                <width>377</width>
                <height>79</height>
                <texture flipx="true">list/bg_facade_nofocus_top.png</texture>
            </control>
            <control type="wraplist" id="9001">
                <visible allowhiddenfocus="true">Control.HasFocus(9001)</visible>
                <include>VisibleFadeEffect</include>
                <posx>-380</posx>
                <posy>362</posy>
                <width>377</width>
                <height>355</height>
                <onleft>300</onleft>
                <onright>300</onright>
                <onup>9001</onup>
                <ondown>9001</ondown>
                <onback>300</onback>
                <focusposition>2</focusposition>
                <movement>3</movement>
                <itemgap>0</itemgap>
                <itemlayout height="71" width="377">
                    <control type="image">
                        <posx>0</posx>
                        <posy>0</posy>
                        <width>377</width>
                        <height>71</height>
                        <texture flipx="true" border="3">list/bg_facade_nofocus.png</texture>
                    </control>
                    <control type="label" description="Main Label">
                        <posx>TextMarginR</posx>
                        <height>69</height>
                        <width>300</width>
                        <align>right</align>
                        <font>OSDFont</font>
                        <textcolor>ListNoFocusColor</textcolor>
                        <label>$INFO[ListItem.Label]</label>
                    </control>
                </itemlayout>
                <focusedlayout height="71" width="377">
                    <control type="image">
                        <posx>0</posx>
                        <posy>0</posy>
                        <width>377</width>
                        <height>71</height>
                        <texture flipx="true" border="3">list/bg_facade_focus.png</texture>
                    </control>
                    <control type="label" description="Main Label">
                        <posx>TextMarginR</posx>
                        <height>69</height>
                        <width>300</width>
                        <align>right</align>
                        <font>OSDFont</font>
                        <textcolor>ListFocusColor</textcolor>
                        <label>$INFO[ListItem.Label]</label>
                    </control>
                </focusedlayout>
                <content>
                    <include>Home.Submenu.Items</include>
                </content>
            </control>
        </control>
    </include>
</includes>
