<?xml version="1.0" encoding="utf-8"?>
<includes>
    <include name="PVROSDChannelListSmall">
        <control type="group" description="Content">
            <include>DialogOpenClose</include>
            <control type="image">
                <posx>233</posx>
                <posy>483</posy>
                <width>1454</width>
                <height>515</height>
                <texture border="90">common/bg_dialog.png</texture>
            </control>
            <control type="image">
                <posx>278</posx>
                <posy>531</posy>
                <width>1364</width>
                <height>90</height>
                <texture border="3">list/bg_facade_nofocus_top.png</texture>
            </control>
            <control type="label" description="Heading">
                <posx>381</posx>
                <posy>562</posy>
                <height>36</height>
                <width>1000</width>
                <font>InfoTitleFont</font>
                <textcolor>MainColor</textcolor>
                <label>$INFO[VideoPlayer.ChannelGroup]</label>
            </control>
            <control type="label" description="Time">
                <posx>1570</posx>
                <posy>561</posy>
                <height>36</height>
                <width>530</width>
                <font>OSDFont</font>
                <align>right</align>
                <textcolor>MainColor</textcolor>
                <label>$INFO[System.Time]</label>
            </control>
            <control type="image">
                <posx>1577</posx>
                <posy>562</posy>
                <width>36</width>
                <height>36</height>
                <texture>common/time.png</texture>
            </control>
            <control type="list" id="11" description="CHANNELS">
                <posx>278</posx>
                <posy>621</posy>
                <width>1364</width>
                <height>292</height>
                <!-- <onleft>61</onleft> -->
                <onleft>PreviousChannelGroup</onleft>
                <onright>61</onright>
                <onup>11</onup>
                <ondown>11</ondown>
                <pagecontrol>61</pagecontrol>
                <scrolltime tween="sine" easing="inout">280</scrolltime>
                <itemlayout height="73">
                    <control type="image">
                        <posx>0</posx>
                        <posy>0</posy>
                        <height>73</height>
                        <width>1364</width>
                        <texture border="3">list/bg_facade_nofocus.png</texture>
                    </control>
                    <control type="progress">
                        <posx>0</posx>
                        <posy>-37</posy>
                        <height>73</height>
                        <width>1364</width>
                        <texturebg>-</texturebg>
                        <reveal>true</reveal>
                        <lefttexture>-</lefttexture>
                        <midtexture>OSD/osd_progress_mid.png</midtexture>
                        <righttexture>-</righttexture>
                        <overlaytexture>-</overlaytexture>
                        <info>ListItem.Progress</info>
                        <colordiffuse>NoFocusedProgressColor</colordiffuse>
                        <visible>!ListItem.IsRecording</visible>
                    </control>
                    <control type="progress">
                        <posx>0</posx>
                        <posy>-37</posy>
                        <height>73</height>
                        <width>1364</width>
                        <texturebg>-</texturebg>
                        <reveal>true</reveal>
                        <lefttexture>-</lefttexture>
                        <midtexture>OSD/osd_progress_mid_red.png</midtexture>
                        <righttexture>-</righttexture>
                        <overlaytexture>-</overlaytexture>
                        <info>ListItem.Progress</info>
                        <colordiffuse>NoFocusedProgressColor</colordiffuse>
                        <visible>ListItem.IsRecording</visible>
                    </control>
                    <control type="image">
                        <posx>1339</posx>
                        <posy>11</posy>
                        <width>25</width>
                        <height>50</height>
                        <texture>OverlayRecordingHalf.png</texture>
                        <aspectratio>keep</aspectratio>
                        <colordiffuse>NoFocusedColor</colordiffuse>
                        <visible>ListItem.IsRecording</visible>
                    </control>
                    <control type="image">
                        <posx>1339</posx>
                        <posy>11</posy>
                        <width>25</width>
                        <height>50</height>
                        <texture>OverlayTimerHalf.png</texture>
                        <aspectratio>keep</aspectratio>
                        <colordiffuse>NoFocusedColor</colordiffuse>
                        <visible>ListItem.HasTimer</visible>
                    </control>
                    <control type="image">
                        <posx>15</posx>
                        <height>71</height>
                        <width>73</width>
                        <texture fallback="DefaultChannelTvBig.png">$INFO[ListItem.Icon]</texture>
                        <colordiffuse>NoFocusedColor</colordiffuse>
                        <aspectratio>keep</aspectratio>
                    </control>
                    <control type="label" description="Main Label">
                        <visible>!IsEmpty(ListItem.Title)</visible>
                        <posx>103</posx>
                        <height>71</height>
                        <width>640</width>
                        <font>FacadeListMainFont</font>
                        <textcolor>ListNoFocusColor</textcolor>
                        <label>$INFO[ListItem.StartTime]  •  $INFO[ListItem.Title]</label>
                    </control>
                    <control type="label" description="Main Label">
                        <visible>IsEmpty(ListItem.Title)</visible>
                        <posx>103</posx>
                        <height>71</height>
                        <width>640</width>
                        <font>FacadeListMainFont</font>
                        <textcolor>ListNoFocusColor</textcolor>
                        <label>$INFO[ListItem.StartTime]</label>
                    </control>
                    <control type="label" description="Label2">
                        <posx>1330</posx>
                        <posy>0</posy>
                        <height>71</height>
                        <width>540</width>
                        <align>right</align>
                        <font>FacadeListMainFont</font>
                        <textcolor>SublistNoFocusColor</textcolor>
                        <label>$INFO[ListItem.Label]  •  $INFO[ListItem.EndTime]</label>
                    </control>
                </itemlayout>
                <focusedlayout height="73">
                    <control type="image">
                        <posx>0</posx>
                        <posy>0</posy>
                        <height>73</height>
                        <width>1364</width>
                        <texture border="3">list/bg_facade_focus.png</texture>
                    </control>
                    <control type="progress">
                        <posx>0</posx>
                        <posy>-37</posy>
                        <height>73</height>
                        <width>1364</width>
                        <texturebg>-</texturebg>
                        <reveal>true</reveal>
                        <lefttexture>-</lefttexture>
                        <midtexture>OSD/osd_progress_mid.png</midtexture>
                        <righttexture>-</righttexture>
                        <overlaytexture>-</overlaytexture>
                        <info>ListItem.Progress</info>
                        <colordiffuse>FocusedProgressColor</colordiffuse>
                        <visible>!ListItem.IsRecording</visible>
                    </control>
                    <control type="progress">
                        <posx>0</posx>
                        <posy>-37</posy>
                        <height>73</height>
                        <width>1364</width>
                        <texturebg>-</texturebg>
                        <reveal>true</reveal>
                        <lefttexture>-</lefttexture>
                        <midtexture>OSD/osd_progress_mid_red.png</midtexture>
                        <righttexture>-</righttexture>
                        <overlaytexture>-</overlaytexture>
                        <info>ListItem.Progress</info>
                        <colordiffuse>FocusedProgressColor</colordiffuse>
                        <visible>ListItem.IsRecording</visible>
                    </control>
                    <control type="image">
                        <posx>1339</posx>
                        <posy>11</posy>
                        <width>25</width>
                        <height>50</height>
                        <texture>OverlayRecordingHalf.png</texture>
                        <aspectratio>keep</aspectratio>
                        <visible>ListItem.IsRecording</visible>
                    </control>
                    <control type="image">
                        <posx>1339</posx>
                        <posy>11</posy>
                        <width>25</width>
                        <height>50</height>
                        <texture>OverlayTimerHalf.png</texture>
                        <aspectratio>keep</aspectratio>
                        <visible>ListItem.HasTimer</visible>
                    </control>
                    <control type="image">
                        <posx>15</posx>
                        <height>71</height>
                        <width>73</width>
                        <texture fallback="DefaultChannelTvBig.png">$INFO[ListItem.Icon]</texture>
                        <aspectratio>keep</aspectratio>
                    </control>
                    <control type="label" description="Main Label">
                        <visible>!IsEmpty(ListItem.Title)</visible>
                        <posx>103</posx>
                        <height>71</height>
                        <width>640</width>
                        <font>FacadeListMainFont</font>
                        <textcolor>ListFocusColor</textcolor>
                        <label>$INFO[ListItem.StartTime]  •  $INFO[ListItem.Title]</label>
                    </control>
                    <control type="label" description="Main Label">
                        <visible>IsEmpty(ListItem.Title)</visible>
                        <posx>103</posx>
                        <height>71</height>
                        <width>640</width>
                        <font>FacadeListMainFont</font>
                        <textcolor>ListFocusColor</textcolor>
                        <label>$INFO[ListItem.StartTime]</label>
                    </control>
                    <control type="label" description="Label2">
                        <posx>1330</posx>
                        <posy>0</posy>
                        <height>71</height>
                        <width>540</width>
                        <align>right</align>
                        <font>FacadeListMainFont</font>
                        <textcolor>SublistFocusColor</textcolor>
                        <label>$INFO[ListItem.Label]  •  $INFO[ListItem.EndTime]</label>
                    </control>
                </focusedlayout>
            </control>
            <control type="scrollbar" id="61">
                <posx>1611</posx>
                <posy>621</posy>
                <height>292</height>
                <include>VerticalScroller</include>
                <ondown>61</ondown>
                <onup>61</onup>
                <onleft>11</onleft>
                <onright>NextChannelGroup</onright>
            </control>
        </control>
    </include>
    <include name="PVROSDChannelListBig">
        <control type="group" description="Content">
            <include>DialogOpenClose</include>
            <posy>-450</posy>
            <control type="image">
                <posx>233</posx>
                <posy>483</posy>
                <width>1454</width>
                <height>953</height>
                <texture border="90">common/bg_dialog.png</texture>
            </control>
            <control type="image">
                <posx>278</posx>
                <posy>531</posy>
                <width>1364</width>
                <height>90</height>
                <texture border="3">list/bg_facade_nofocus_top.png</texture>
            </control>
            <control type="label" description="Heading">
                <posx>381</posx>
                <posy>562</posy>
                <height>36</height>
                <width>1000</width>
                <font>InfoTitleFont</font>
                <textcolor>MainColor</textcolor>
                <label>$INFO[VideoPlayer.ChannelGroup]</label>
            </control>
            <control type="label" description="Time">
                <posx>1570</posx>
                <posy>561</posy>
                <height>36</height>
                <width>530</width>
                <font>OSDFont</font>
                <align>right</align>
                <textcolor>MainColor</textcolor>
                <label>$INFO[System.Time]</label>
            </control>
            <control type="image">
                <posx>1577</posx>
                <posy>562</posy>
                <width>36</width>
                <height>36</height>
                <texture>common/time.png</texture>
            </control>
            <control type="list" id="11" description="CHANNELS">
                <posx>278</posx>
                <posy>621</posy>
                <width>1364</width>
                <height>730</height>
                <!-- <onleft>61</onleft> -->
                <onleft>PreviousChannelGroup</onleft>
                <onright>61</onright>
                <onup>11</onup>
                <ondown>11</ondown>
                <pagecontrol>61</pagecontrol>
                <scrolltime tween="sine" easing="inout">280</scrolltime>
                <itemlayout height="73">
                    <control type="image">
                        <posx>0</posx>
                        <posy>0</posy>
                        <height>73</height>
                        <width>1364</width>
                        <texture border="3">list/bg_facade_nofocus.png</texture>
                    </control>
                    <control type="progress">
                        <posx>0</posx>
                        <posy>-37</posy>
                        <height>73</height>
                        <width>1364</width>
                        <texturebg>-</texturebg>
                        <reveal>true</reveal>
                        <lefttexture>-</lefttexture>
                        <midtexture>OSD/osd_progress_mid.png</midtexture>
                        <righttexture>-</righttexture>
                        <overlaytexture>-</overlaytexture>
                        <info>ListItem.Progress</info>
                        <colordiffuse>NoFocusedProgressColor</colordiffuse>
                        <visible>!ListItem.IsRecording</visible>
                    </control>
                    <control type="progress">
                        <posx>0</posx>
                        <posy>-37</posy>
                        <height>73</height>
                        <width>1364</width>
                        <texturebg>-</texturebg>
                        <reveal>true</reveal>
                        <lefttexture>-</lefttexture>
                        <midtexture>OSD/osd_progress_mid_red.png</midtexture>
                        <righttexture>-</righttexture>
                        <overlaytexture>-</overlaytexture>
                        <info>ListItem.Progress</info>
                        <colordiffuse>NoFocusedProgressColor</colordiffuse>
                        <visible>ListItem.IsRecording</visible>
                    </control>
                    <control type="image">
                        <posx>1339</posx>
                        <posy>11</posy>
                        <width>25</width>
                        <height>50</height>
                        <texture>OverlayRecordingHalf.png</texture>
                        <aspectratio>keep</aspectratio>
                        <colordiffuse>NoFocusedColor</colordiffuse>
                        <visible>ListItem.IsRecording</visible>
                    </control>
                    <control type="image">
                        <posx>1339</posx>
                        <posy>11</posy>
                        <width>25</width>
                        <height>50</height>
                        <texture>OverlayTimerHalf.png</texture>
                        <aspectratio>keep</aspectratio>
                        <colordiffuse>NoFocusedColor</colordiffuse>
                        <visible>ListItem.HasTimer</visible>
                    </control>
                    <control type="image">
                        <posx>15</posx>
                        <height>71</height>
                        <width>73</width>
                        <texture fallback="DefaultChannelTvBig.png">$INFO[ListItem.Icon]</texture>
                        <colordiffuse>NoFocusedColor</colordiffuse>
                        <aspectratio>keep</aspectratio>
                    </control>
                    <control type="label" description="Main Label">
                        <visible>!IsEmpty(ListItem.Title)</visible>
                        <posx>103</posx>
                        <height>71</height>
                        <width>640</width>
                        <font>FacadeListMainFont</font>
                        <textcolor>ListNoFocusColor</textcolor>
                        <label>$INFO[ListItem.StartTime]  •  $INFO[ListItem.Title]</label>
                    </control>
                    <control type="label" description="Main Label">
                        <visible>IsEmpty(ListItem.Title)</visible>
                        <posx>103</posx>
                        <height>71</height>
                        <width>640</width>
                        <font>FacadeListMainFont</font>
                        <textcolor>ListNoFocusColor</textcolor>
                        <label>$INFO[ListItem.StartTime]</label>
                    </control>
                    <control type="label" description="Label2">
                        <posx>1330</posx>
                        <posy>0</posy>
                        <height>71</height>
                        <width>540</width>
                        <align>right</align>
                        <font>FacadeListMainFont</font>
                        <textcolor>SublistNoFocusColor</textcolor>
                        <label>$INFO[ListItem.Label]  •  $INFO[ListItem.EndTime]</label>
                    </control>
                </itemlayout>
                <focusedlayout height="73">
                    <control type="image">
                        <posx>0</posx>
                        <posy>0</posy>
                        <height>73</height>
                        <width>1364</width>
                        <texture border="3">list/bg_facade_focus.png</texture>
                    </control>
                    <control type="progress">
                        <posx>0</posx>
                        <posy>-37</posy>
                        <height>73</height>
                        <width>1364</width>
                        <texturebg>-</texturebg>
                        <reveal>true</reveal>
                        <lefttexture>-</lefttexture>
                        <midtexture>OSD/osd_progress_mid.png</midtexture>
                        <righttexture>-</righttexture>
                        <overlaytexture>-</overlaytexture>
                        <info>ListItem.Progress</info>
                        <colordiffuse>FocusedProgressColor</colordiffuse>
                        <visible>!ListItem.IsRecording</visible>
                    </control>
                    <control type="progress">
                        <posx>0</posx>
                        <posy>-37</posy>
                        <height>73</height>
                        <width>1364</width>
                        <texturebg>-</texturebg>
                        <reveal>true</reveal>
                        <lefttexture>-</lefttexture>
                        <midtexture>OSD/osd_progress_mid_red.png</midtexture>
                        <righttexture>-</righttexture>
                        <overlaytexture>-</overlaytexture>
                        <info>ListItem.Progress</info>
                        <colordiffuse>FocusedProgressColor</colordiffuse>
                        <visible>ListItem.IsRecording</visible>
                    </control>
                    <control type="image">
                        <posx>1339</posx>
                        <posy>11</posy>
                        <width>25</width>
                        <height>50</height>
                        <texture>OverlayRecordingHalf.png</texture>
                        <aspectratio>keep</aspectratio>
                        <visible>ListItem.IsRecording</visible>
                    </control>
                    <control type="image">
                        <posx>1339</posx>
                        <posy>11</posy>
                        <width>25</width>
                        <height>50</height>
                        <texture>OverlayTimerHalf.png</texture>
                        <aspectratio>keep</aspectratio>
                        <visible>ListItem.HasTimer</visible>
                    </control>
                    <control type="image">
                        <posx>15</posx>
                        <height>71</height>
                        <width>73</width>
                        <texture fallback="DefaultChannelTvBig.png">$INFO[ListItem.Icon]</texture>
                        <aspectratio>keep</aspectratio>
                    </control>
                    <control type="label" description="Main Label">
                        <visible>!IsEmpty(ListItem.Title)</visible>
                        <posx>103</posx>
                        <height>71</height>
                        <width>640</width>
                        <font>FacadeListMainFont</font>
                        <textcolor>ListFocusColor</textcolor>
                        <label>$INFO[ListItem.StartTime]  •  $INFO[ListItem.Title]</label>
                    </control>
                    <control type="label" description="Main Label">
                        <visible>IsEmpty(ListItem.Title)</visible>
                        <posx>103</posx>
                        <height>71</height>
                        <width>640</width>
                        <font>FacadeListMainFont</font>
                        <textcolor>ListFocusColor</textcolor>
                        <label>$INFO[ListItem.StartTime]</label>
                    </control>
                    <control type="label" description="Label2">
                        <posx>1330</posx>
                        <posy>0</posy>
                        <height>71</height>
                        <width>540</width>
                        <align>right</align>
                        <font>FacadeListMainFont</font>
                        <textcolor>SublistFocusColor</textcolor>
                        <label>$INFO[ListItem.Label]  •  $INFO[ListItem.EndTime]</label>
                    </control>
                </focusedlayout>
            </control>
            <control type="scrollbar" id="61">
                <posx>1611</posx>
                <posy>621</posy>
                <height>730</height>
                <include>VerticalScroller</include>
                <ondown>61</ondown>
                <onup>61</onup>
                <onleft>11</onleft>
                <onright>NextChannelGroup</onright>
            </control>
        </control>
    </include>
    <include name="PVROSDChannelListSmallGuide">
        <control type="group" description="Content">
            <include>DialogOpenClose</include>
            <control type="image">
                <posx>233</posx>
                <posy>483</posy>
                <width>1454</width>
                <height>515</height>
                <texture border="90">common/bg_dialog.png</texture>
            </control>
            <control type="image">
                <posx>278</posx>
                <posy>531</posy>
                <width>1364</width>
                <height>90</height>
                <texture border="3">list/bg_facade_nofocus_top.png</texture>
            </control>
            <control type="label" description="Heading">
                <visible>!IsEmpty(Container(11).ListItem.StartDate)</visible>
                <posx>381</posx>
                <posy>562</posy>
                <height>36</height>
                <width>1000</width>
                <font>InfoTitleFont</font>
                <textcolor>MainColor</textcolor>
                <label>[B]$INFO[VideoPlayer.ChannelName][/B]  •  $INFO[Container(11).ListItem.StartDate]</label>
            </control>
            <control type="label" description="Heading">
                <visible>IsEmpty(Container(11).ListItem.StartDate)</visible>
                <posx>381</posx>
                <posy>562</posy>
                <height>36</height>
                <width>1000</width>
                <font>InfoTitleFont</font>
                <textcolor>MainColor</textcolor>
                <label>[B]$INFO[VideoPlayer.ChannelName][/B]</label>
            </control>
            <control type="label" description="Time">
                <posx>1570</posx>
                <posy>561</posy>
                <height>36</height>
                <width>530</width>
                <font>OSDFont</font>
                <align>right</align>
                <textcolor>MainColor</textcolor>
                <label>$INFO[System.Time]</label>
            </control>
            <control type="image">
                <posx>1577</posx>
                <posy>562</posy>
                <width>36</width>
                <height>36</height>
                <texture>common/time.png</texture>
            </control>
            <control type="list" id="11">
                <posx>278</posx>
                <posy>621</posy>
                <width>1364</width>
                <height>292</height>
                <onleft>close</onleft>
                <onright>60</onright>
                <onup>11</onup>
                <ondown>11</ondown>
                <pagecontrol>60</pagecontrol>
                <scrolltime>200</scrolltime>
                <itemlayout height="73">
                    <control type="image">
                        <posx>0</posx>
                        <posy>0</posy>
                        <height>73</height>
                        <width>1364</width>
                        <texture border="3">list/bg_facade_nofocus.png</texture>
                    </control>
                    <control type="image">
                        <posx>1339</posx>
                        <posy>11</posy>
                        <width>25</width>
                        <height>50</height>
                        <texture>OverlayRecordingHalf.png</texture>
                        <aspectratio>keep</aspectratio>
                        <colordiffuse>NoFocusedColor</colordiffuse>
                        <visible>ListItem.IsRecording</visible>
                    </control>
                    <control type="image">
                        <posx>1339</posx>
                        <posy>11</posy>
                        <width>25</width>
                        <height>50</height>
                        <texture>OverlayTimerHalf.png</texture>
                        <aspectratio>keep</aspectratio>
                        <colordiffuse>NoFocusedColor</colordiffuse>
                        <visible>ListItem.HasTimer</visible>
                    </control>
                    <control type="image">
                        <posx>15</posx>
                        <height>71</height>
                        <width>73</width>
                        <texture fallback="DefaultChannelTvBig.png">$INFO[ListItem.Icon]</texture>
                        <colordiffuse>NoFocusedColor</colordiffuse>
                        <aspectratio>keep</aspectratio>
                    </control>
                    <control type="label" description="Main Label">
                        <posx>103</posx>
                        <height>71</height>
                        <width>890</width>
                        <font>FacadeListMainFont</font>
                        <textcolor>ListNoFocusColor</textcolor>
                        <label>$INFO[ListItem.Label]</label>
                    </control>
                    <control type="label" description="Label2">
                        <posx>1330</posx>
                        <posy>0</posy>
                        <height>71</height>
                        <width>300</width>
                        <align>right</align>
                        <font>FacadeListMainFont</font>
                        <textcolor>SublistNoFocusColor</textcolor>
                        <label>$INFO[ListItem.StartTime]</label>
                    </control>
                </itemlayout>
                <focusedlayout height="73">
                    <control type="image">
                        <posx>0</posx>
                        <posy>0</posy>
                        <height>73</height>
                        <width>1364</width>
                        <texture border="3">list/bg_facade_focus.png</texture>
                    </control>
                    <control type="image">
                        <posx>1339</posx>
                        <posy>11</posy>
                        <width>25</width>
                        <height>50</height>
                        <texture>OverlayRecordingHalf.png</texture>
                        <aspectratio>keep</aspectratio>
                        <visible>ListItem.IsRecording</visible>
                    </control>
                    <control type="image">
                        <posx>1339</posx>
                        <posy>11</posy>
                        <width>25</width>
                        <height>50</height>
                        <texture>OverlayTimerHalf.png</texture>
                        <aspectratio>keep</aspectratio>
                        <visible>ListItem.HasTimer</visible>
                    </control>
                    <control type="image">
                        <posx>15</posx>
                        <height>71</height>
                        <width>73</width>
                        <texture fallback="DefaultChannelTvBig.png">$INFO[ListItem.Icon]</texture>
                        <aspectratio>keep</aspectratio>
                    </control>
                    <control type="label" description="Main Label">
                        <posx>103</posx>
                        <height>71</height>
                        <width>890</width>
                        <font>FacadeListMainFont</font>
                        <textcolor>ListFocusColor</textcolor>
                        <label>$INFO[ListItem.Label]</label>
                    </control>
                    <control type="label" description="Label2">
                        <posx>1330</posx>
                        <posy>0</posy>
                        <height>71</height>
                        <width>300</width>
                        <align>right</align>
                        <font>FacadeListMainFont</font>
                        <textcolor>SublistFocusColor</textcolor>
                        <label>$INFO[ListItem.StartTime]</label>
                    </control>
                </focusedlayout>
            </control>
            <control type="scrollbar" id="60">
                <posx>1611</posx>
                <posy>621</posy>
                <height>292</height>
                <include>VerticalScroller</include>
                <onleft>11</onleft>
                <onright>close</onright>
                <ondown>60</ondown>
                <onup>60</onup>
            </control>
        </control>
    </include>
    <include name="PVROSDChannelListBigGuide">
        <control type="group" description="Content">
            <include>DialogOpenClose</include>
            <posy>-450</posy>
            <control type="image">
                <posx>233</posx>
                <posy>483</posy>
                <width>1454</width>
                <height>515</height>
                <texture border="90">common/bg_dialog.png</texture>
            </control>
            <control type="image">
                <posx>278</posx>
                <posy>531</posy>
                <width>1364</width>
                <height>90</height>
                <texture border="3">list/bg_facade_nofocus_top.png</texture>
            </control>
            <control type="label" description="Heading">
                <visible>!IsEmpty(Container(11).ListItem.StartDate)</visible>
                <posx>381</posx>
                <posy>562</posy>
                <height>36</height>
                <width>1000</width>
                <font>InfoTitleFont</font>
                <textcolor>MainColor</textcolor>
                <label>[B]$INFO[VideoPlayer.ChannelName][/B]  •  $INFO[Container(11).ListItem.StartDate]</label>
            </control>
            <control type="label" description="Heading">
                <visible>IsEmpty(Container(11).ListItem.StartDate)</visible>
                <posx>381</posx>
                <posy>562</posy>
                <height>36</height>
                <width>1000</width>
                <font>InfoTitleFont</font>
                <textcolor>MainColor</textcolor>
                <label>[B]$INFO[VideoPlayer.ChannelName][/B]</label>
            </control>
            <control type="label" description="Time">
                <posx>1570</posx>
                <posy>561</posy>
                <height>36</height>
                <width>530</width>
                <font>OSDFont</font>
                <align>right</align>
                <textcolor>MainColor</textcolor>
                <label>$INFO[System.Time]</label>
            </control>
            <control type="image">
                <posx>1577</posx>
                <posy>562</posy>
                <width>36</width>
                <height>36</height>
                <texture>common/time.png</texture>
            </control>
            <control type="list" id="11" description="CHANNELS">
                <posx>278</posx>
                <posy>621</posy>
                <width>1364</width>
                <height>730</height>
                <onleft>close</onleft>
                <onright>60</onright>
                <onup>11</onup>
                <ondown>11</ondown>
                <pagecontrol>60</pagecontrol>
                <itemlayout height="73">
                    <control type="image">
                        <posx>0</posx>
                        <posy>0</posy>
                        <height>73</height>
                        <width>1364</width>
                        <texture border="3">list/bg_facade_nofocus.png</texture>
                    </control>
                    <control type="image">
                        <posx>1339</posx>
                        <posy>11</posy>
                        <width>25</width>
                        <height>50</height>
                        <texture>OverlayRecordingHalf.png</texture>
                        <aspectratio>keep</aspectratio>
                        <colordiffuse>NoFocusedColor</colordiffuse>
                        <visible>ListItem.IsRecording</visible>
                    </control>
                    <control type="image">
                        <posx>1339</posx>
                        <posy>11</posy>
                        <width>25</width>
                        <height>50</height>
                        <texture>OverlayTimerHalf.png</texture>
                        <aspectratio>keep</aspectratio>
                        <colordiffuse>NoFocusedColor</colordiffuse>
                        <visible>ListItem.HasTimer</visible>
                    </control>
                    <control type="image">
                        <posx>15</posx>
                        <height>71</height>
                        <width>73</width>
                        <texture fallback="DefaultChannelTvBig.png">$INFO[ListItem.Icon]</texture>
                        <colordiffuse>NoFocusedColor</colordiffuse>
                        <aspectratio>keep</aspectratio>
                    </control>
                    <control type="label" description="Main Label">
                        <posx>103</posx>
                        <height>71</height>
                        <width>890</width>
                        <font>FacadeListMainFont</font>
                        <textcolor>ListNoFocusColor</textcolor>
                        <label>$INFO[ListItem.Label]</label>
                    </control>
                    <control type="label" description="Label2">
                        <posx>1330</posx>
                        <posy>0</posy>
                        <height>71</height>
                        <width>300</width>
                        <align>right</align>
                        <font>FacadeListMainFont</font>
                        <textcolor>SublistNoFocusColor</textcolor>
                        <label>$INFO[ListItem.StartTime]</label>
                    </control>
                </itemlayout>
                <focusedlayout height="73">
                    <control type="image">
                        <posx>0</posx>
                        <posy>0</posy>
                        <height>73</height>
                        <width>1364</width>
                        <texture border="3">list/bg_facade_focus.png</texture>
                    </control>
                    <control type="image">
                        <posx>1339</posx>
                        <posy>11</posy>
                        <width>25</width>
                        <height>50</height>
                        <texture>OverlayRecordingHalf.png</texture>
                        <aspectratio>keep</aspectratio>
                        <visible>ListItem.IsRecording</visible>
                    </control>
                    <control type="image">
                        <posx>1339</posx>
                        <posy>11</posy>
                        <width>25</width>
                        <height>50</height>
                        <texture>OverlayTimerHalf.png</texture>
                        <aspectratio>keep</aspectratio>
                        <visible>ListItem.HasTimer</visible>
                    </control>
                    <control type="image">
                        <posx>15</posx>
                        <height>71</height>
                        <width>73</width>
                        <texture fallback="DefaultChannelTvBig.png">$INFO[ListItem.Icon]</texture>
                        <aspectratio>keep</aspectratio>
                    </control>
                    <control type="label" description="Main Label">
                        <posx>103</posx>
                        <height>71</height>
                        <width>890</width>
                        <font>FacadeListMainFont</font>
                        <textcolor>ListFocusColor</textcolor>
                        <label>$INFO[ListItem.Label]</label>
                    </control>
                    <control type="label" description="Label2">
                        <posx>1330</posx>
                        <posy>0</posy>
                        <height>71</height>
                        <width>300</width>
                        <align>right</align>
                        <font>FacadeListMainFont</font>
                        <textcolor>SublistFocusColor</textcolor>
                        <label>$INFO[ListItem.StartTime]</label>
                    </control>
                </focusedlayout>
            </control>
            <control type="scrollbar" id="60">
                <posx>1611</posx>
                <posy>621</posy>
                <height>730</height>
                <include>VerticalScroller</include>
                <onleft>11</onleft>
                <onright>close</onright>
                <ondown>60</ondown>
                <onup>60</onup>
            </control>
        </control>
    </include>
</includes>
