<?xml version="1.0" encoding="utf-8"?>
<includes>
    <variable name="ChapterLabel" description="Chapter label in  DialogSeekBar">
        <value condition="Player.ChapterCount + !IsEmpty(Player.ChapterName)">  •  $INFO[Player.ChapterName]: $INFO[Player.Chapter]$INFO[Player.ChapterCount, / ]</value>
        <value condition="Player.ChapterCount">  •  $LOCALIZE[21396]: $INFO[Player.Chapter]$INFO[Player.ChapterCount, / ]</value>
    </variable>
    <variable name="Overlay" description="Overlay image">
        <value condition="Skin.HasSetting(plexbmc) + ListItem.property(IsResumable)">$INFO[ListItem.Overlay,overlay_inprogress/]</value>
        <value condition="Skin.HasSetting(plexbmc) + ListItem.property(overlay)">$INFO[ListItem.property(overlay)]</value>
        <value condition="Skin.HasSetting(Hide_Watched_Marks) + Skin.HasSetting(Hide_Unwatched_Marks)">-</value>
        <value condition="Skin.HasSetting(Hide_Unwatched_Marks)">$INFO[ListItem.Overlay,overlay_watched/]</value>
        <value condition="ListItem.IsResumable">$INFO[ListItem.Overlay,overlay_inprogress/]</value>
        <value condition="Skin.HasSetting(Hide_Watched_Marks)">$INFO[ListItem.Overlay,overlay_unwatched/]</value>
        <value condition="!IsEmpty(ListItem.Overlay)">$INFO[ListItem.Overlay]</value>
    </variable>
    <variable name="Banner" description="TV Banners">
        <value condition="StringCompare(ListItem.Label,..)+[Container.content(tvshows)]">DefaultFolderBackBanner.png</value>
        <value condition="!IsEmpty(ListItem.Art(banner))">$INFO[ListItem.Art(banner)]</value>
        <value condition="Skin.HasSetting(plexbmc)">$INFO[ListItem.Property(banner)]</value>
        <value>$INFO[ListItem.Art(thumb)]</value>
    </variable>
    <variable name="Thumbs" description="Thumbs">
        <value condition="StringCompare(ListItem.thumb,)+[Window.IsActive(MyPVR.xml)]">defaultChannelTvBig_Wide.png</value>
        <value condition="StringCompare(ListItem.Label,..)+[Container.content(episodes)|Window.IsActive(MyPics.xml)|Window.IsActive(MyVideoPlaylist.xml)]">DefaultFolderBackEpisode.png</value>
        <value condition="StringCompare(ListItem.Label,..)+[Container.content(actors)|Container.content(movies)|Container.content(musicvideos)|Container.content(tvshows)|Container.Content(Seasons)]">DefaultFolderBackPoster.png</value>
        <value condition="StringCompare(ListItem.Label,..)">DefaultFolderBack.png</value>
        <value condition="[StringCompare(ListItem.Art(thumb),)|IsEmpty(ListItem.thumb)]+[Container.content(files)]">defaultHardDiskBig.png</value>
        <value condition="[StringCompare(ListItem.Art(thumb),)|IsEmpty(ListItem.thumb)]+[Container.content(years)]">defaultYearBig.png</value>
        <value condition="[StringCompare(ListItem.Art(thumb),)|IsEmpty(ListItem.thumb)]+[Window.IsActive(MyPics.xml)]">defaultPictureBig.png</value>
        <value condition="[StringCompare(ListItem.Art(thumb),)|IsEmpty(ListItem.thumb)]+[Container.content(Genres)]">defaultGenreBig.png</value>
        <value condition="[StringCompare(ListItem.Art(thumb),)|IsEmpty(ListItem.thumb)]+[Container.content(Playlists)]">defaultPlaylistBig.png</value>
        <value condition="[StringCompare(ListItem.Art(thumb),)|IsEmpty(ListItem.thumb)]+[Container.content(movies)|Container.content(musicvideos)]">defaultVideoBig.png</value>
        <value condition="[StringCompare(ListItem.Art(thumb),)|IsEmpty(ListItem.thumb)]+[Container.content(tvshows)|Container.content(episodes)|Container.Content(Seasons)|Container.content(LiveTV)]">defaultChannelTvBig.png</value>
        <value condition="[StringCompare(ListItem.Art(thumb),)|IsEmpty(ListItem.thumb)]+[Container.content(Addons)|Container.content(plugins)]">defaultExtensionBig.png</value>
        <value condition="[StringCompare(ListItem.Art(thumb),)|IsEmpty(ListItem.thumb)]+[Container.content(Artists)|Container.content(Actors)|Container.content(directors)]">defaultArtistBig.png</value>
        <value condition="[StringCompare(ListItem.Art(thumb),)|IsEmpty(ListItem.thumb)]+[Container.content(Albums)|Container.content(songs)]">defaultAudioBig.png</value>
        <value condition="[StringCompare(ListItem.Art(thumb),)|IsEmpty(ListItem.thumb)]">DefaultFolderBig.png</value>
        <value condition="!IsEmpty(ListItem.Art(poster))">$INFO[ListItem.Art(poster)]</value>
        <value condition="!IsEmpty(ListItem.Property(Icon))">$INFO[ListItem.Property(Icon)]</value>
        <value condition="!IsEmpty(ListItem.thumb)">$INFO[ListItem.thumb]</value>
        <value>$INFO[ListItem.Art(thumb)]</value>
    </variable>
    <variable name="Playlist" description="Side menu label">
        <value condition="Player.HasAudio">$LOCALIZE[13350]</value>
        <value>$LOCALIZE[559]</value>
    </variable>
    <variable name="GlobalHeadings" description="Global Headings">
        <value condition="Skin.hassetting(plexbmc) + !Window.IsActive(Home) + !IsEmpty(Window.Property(heading))">$INFO[Window.Property(heading),,  •  ]$INFO[Container.NumItems]</value>
        <value condition="Window.IsActive(56) | Window.IsActive(SkinSettings.xml)">$LOCALIZE[20077]</value>
        <value condition="Window.IsActive(Settings.xml) | Window.IsActive(SettingsCategory.xml)">$LOCALIZE[5]</value>
        <value condition="Window.IsActive(AddonBrowser.xml) + IsEmpty(Container.FolderName)">$LOCALIZE[31291]</value>
        <value condition="Window.IsActive(MyVideoPlaylist.xml)">$LOCALIZE[20012]</value>
        <value condition="Window.IsActive(MyMusicPlaylist.xml)">$LOCALIZE[20011]</value>
        <value condition="Window.IsActive(DialogVideoInfo.xml)">$LOCALIZE[20159]</value>
        <value condition="Window.IsActive(DialogFavourites.xml)">$LOCALIZE[1036]</value>
        <value condition="Container.content(movies) + StringCompare(Container.FolderName,$LOCALIZE[369])">$LOCALIZE[20342]  •  $INFO[Container.NumItems]</value>
        <value condition="Container.content(tvshows) + StringCompare(Container.FolderName,$LOCALIZE[369])">$LOCALIZE[20343]  •  $INFO[Container.NumItems]</value>
        <value condition="Container.content(musicvideos) + StringCompare(Container.FolderName,$LOCALIZE[369])">$LOCALIZE[20389]  •  $INFO[Container.NumItems]</value>
        <value condition="!IsEmpty(Container.FolderName)">$INFO[Container.FolderName,,  •  ]$INFO[Container.NumItems]</value>
    </variable>
    <variable name="GlobalSubTitles" description="Global SubTitles">
        <value condition="Skin.hassetting(plexbmc) + !Window.IsActive(Home) + !IsEmpty(Window.Property(heading))">$INFO[Window.Property(heading)]</value>
        <value condition="Window.IsActive(56) | Window.IsActive(SkinSettings.xml)">$LOCALIZE[20077]</value>
        <value condition="Window.IsActive(Settings.xml) | Window.IsActive(SettingsCategory.xml)">$LOCALIZE[5]</value>
        <value condition="Window.IsActive(CustomAddons.xml)">$LOCALIZE[31291]</value>
        <value condition="Window.IsActive(AddonBrowser.xml) + IsEmpty(Container.FolderName)">$LOCALIZE[31291]</value>
        <value condition="Window.IsActive(MyVideoPlaylist.xml)">$LOCALIZE[20012]</value>
        <value condition="Window.IsActive(MyMusicPlaylist.xml)">$LOCALIZE[20011]</value>
        <value condition="Window.IsActive(DialogVideoInfo.xml)">$LOCALIZE[20159]</value>
        <value condition="Window.IsActive(DialogFavourites.xml)">$LOCALIZE[1036]</value>
        <value condition="Container.content(movies) + StringCompare(Container.FolderName,$LOCALIZE[369])">$LOCALIZE[20342]</value>
        <value condition="Container.content(tvshows) + StringCompare(Container.FolderName,$LOCALIZE[369])">$LOCALIZE[20343]</value>
        <value condition="Container.content(musicvideos) + StringCompare(Container.FolderName,$LOCALIZE[369])">$LOCALIZE[20389]</value>
        <value condition="!IsEmpty(Container.FolderName)">$INFO[Container.FolderName]</value>
    </variable>
    <variable name="QuitLabel2" description="Label2 for skin settings Quit function item">
        <value condition="StringCompare(Skin.String(shutdown),quit)">$LOCALIZE[13009]</value>
        <value condition="StringCompare(Skin.String(shutdown),powerdown)">$LOCALIZE[13005]</value>
        <value condition="StringCompare(Skin.String(shutdown),hibernate)">$LOCALIZE[13010]</value>
        <value condition="StringCompare(Skin.String(shutdown),suspend)">$LOCALIZE[13011]</value>
        <value condition="StringCompare(Skin.String(shutdown),reboot)">$LOCALIZE[13013]</value>
        <value condition="StringCompare(Skin.String(shutdown),logoff) + System.HasLoginScreen">$LOCALIZE[20126]</value>
    </variable>
    <variable name="QuitAction" description="Action for Quit function item">
        <value condition="StringCompare(Skin.String(shutdown),quit)">XBMC.quit()</value>
        <value condition="StringCompare(Skin.String(shutdown),powerdown)">XBMC.powerdown()</value>
        <value condition="StringCompare(Skin.String(shutdown),hibernate)">XBMC.hibernate()</value>
        <value condition="StringCompare(Skin.String(shutdown),suspend)">XBMC.suspend()</value>
        <value condition="StringCompare(Skin.String(shutdown),reboot)">XBMC.reboot()</value>
        <value condition="StringCompare(Skin.String(shutdown),logoff) + System.HasLoginScreen">System.logoff</value>
        <value>ActivateWindow(shutdownmenu)</value>
    </variable>
    <variable name="MovieEntryPoint" description="Action for Movie home button">
        <value condition="!IsEmpty(Skin.String(CustomMovie.1.Path))">$INFO[Skin.String(CustomMovie.1.Path)]</value>
        <value condition="StringCompare(Skin.String(movie_entries),playlists)">ActivateWindow(Videos,Playlists,return)</value>
        <value condition="StringCompare(Skin.String(movie_entries),files)">ActivateWindow(Videos,Files,return)</value>
        <value condition="StringCompare(Skin.String(movie_entries),library)">ActivateWindow(Videos,Movies,return)</value>
        <value>ActivateWindow(VideoLibrary,MovieTitles,return)</value>
    </variable>
    <variable name="MovieEntryPointLabel2" description="Label2 for skin settings Movies function item">
        <value condition="!IsEmpty(Skin.String(CustomMovie.1.Path))">$INFO[Skin.String(CustomMovie.1.Label)]</value>
        <value condition="StringCompare(Skin.String(movie_entries),playlists)">$LOCALIZE[136]</value>
        <value condition="StringCompare(Skin.String(movie_entries),files)">$LOCALIZE[744]</value>
        <value condition="StringCompare(Skin.String(movie_entries),library)">$LOCALIZE[15100]</value>
    </variable>
    <variable name="MusicPlayingFanartLabel2" description="Label2 for music playing FA">
        <value condition="Skin.HasSetting(MusicPlayingFanart)">$LOCALIZE[449]</value>
        <value>$LOCALIZE[13113]</value>
    </variable>
    <variable name="PVROverlayFocus" description="PVR Overlay image">
        <value condition="ListItem.IsRecording">list/tvguide_button_recording_focus.png</value>
        <value condition="ListItem.HasTimer">list/tvguide_button_timer_focus.png</value>
        <value>list/tvguide_button_focus.png</value>
    </variable>
    <variable name="PVROverlayNoFocus" description="PVR Overlay image">
        <value condition="ListItem.IsRecording">list/tvguide_button_recording_nofocus.png</value>
        <value condition="ListItem.HasTimer">list/tvguide_button_timer_nofocus.png</value>
        <value>list/tvguide_button_nofocus.png</value>
    </variable>
    <variable name="PVR_Headings" description="PVR Headings">
        <value condition="Control.IsVisible(16) | Control.IsVisible(15) | Control.IsVisible(10)">$INFO[Control.GetLabel(31)]</value>
        <value>$INFO[Container.FolderName]</value>
    </variable>
    <variable name="Details" description="Shown Above Plots and descriptions">
        <value condition="!Container.content(Addons) + Window.IsActive(MyPics.xml)">$INFO[ListItem.Date,,  •  ]$INFO[ListItem.Size]</value>
        <value condition="Container.content(Albums) + !IsEmpty(ListItem.Album) + !IsEmpty(ListItem.Year)">$INFO[ListItem.Artist]  •  $INFO[ListItem.Year]  •  $INFO[ListItem.Genre]</value>
        <value condition="Container.content(Albums) + !IsEmpty(ListItem.Album)">$INFO[ListItem.Artist]</value>
        <value condition="Container.Content(Episodes)">$INFO[ListItem.Premiered,,  •  ]$INFO[ListItem.Duration,, $LOCALIZE[12391]]</value>
        <value condition="Container.Content(Addons)">$INFO[ListItem.Property(Addon.Creator),$LOCALIZE[21863] : ]</value>
        <value condition="Container.Content(songs) + !IsEmpty(ListItem.Album) + !IsEmpty(ListItem.Year)">$INFO[ListItem.Album]  •  $INFO[ListItem.Year]  •  $INFO[ListItem.Genre]</value>
        <value condition="Container.Content(songs) + !IsEmpty(ListItem.Album)">$INFO[ListItem.Album]</value>
        <value condition="Container.Content(Artists) + !IsEmpty(ListItem.Property(artist_genre))">$INFO[ListItem.Property(artist_genre)]</value>
        <value condition="Container.Content(Artists) + !IsEmpty(ListItem.Property(artist_style))">$INFO[ListItem.Property(artist_style)]</value>
        <value condition="Container.Content(MusicVideos)">$INFO[ListItem.Year,,  •  ]$INFO[ListItem.Duration,, $LOCALIZE[31297]]</value>
        <value condition="Container.Content(Movies)">$INFO[ListItem.Year,,  •  ]$INFO[ListItem.Duration,, $LOCALIZE[31297]]$INFO[ListItem.MPAA,  •  ]</value>
        <value condition="[Container.Content(Seasons) | Container.Content(TVShows)]+!IsEmpty(ListItem.MPAA)">$INFO[ListItem.Year,,  •  ]$INFO[ListItem.MPAA]</value>
        <value condition="[Container.Content(Seasons) | Container.Content(TVShows)]+IsEmpty(ListItem.MPAA)">$INFO[ListItem.Year]</value>
        <value>$INFO[ListItem.Label2]</value>
    </variable>
    <variable name="Fanart_Details" description="Shown Above Plots and descriptions">
        <value condition="!Container.content(Addons) + Window.IsActive(MyPics.xml)">$INFO[ListItem.Date,,  •  ]$INFO[ListItem.Size]</value>
        <value condition="Container.content(Albums)">$INFO[ListItem.Artist]  •  $INFO[ListItem.Year]</value>
        <value condition="Container.Content(Episodes)">$INFO[ListItem.Premiered,,  •  ]$INFO[ListItem.Duration,, $LOCALIZE[12391]]</value>
        <value condition="Container.Content(Addons)">$INFO[ListItem.Property(Addon.Creator)]  •  $INFO[ListItem.Property(Addon.Version)]</value>
        <value condition="Container.Content(songs)">$INFO[ListItem.Duration]</value>
        <value condition="Container.Content(MusicVideos)">$INFO[ListItem.Year,,  •  ]$INFO[ListItem.Duration,, $LOCALIZE[31297]]</value>
        <value condition="Container.Content(Movies)">$INFO[ListItem.Year,,  •  ]$INFO[ListItem.Duration,, $LOCALIZE[31297]]</value>
        <value condition="[Container.Content(Seasons) | Container.Content(TVShows)]+!IsEmpty(ListItem.MPAA)">$INFO[ListItem.Year,,  •  ]$INFO[ListItem.MPAA]</value>
        <value condition="[Container.Content(Seasons) | Container.Content(TVShows)]+IsEmpty(ListItem.MPAA)">$INFO[ListItem.Year]</value>
        <value>$INFO[ListItem.Label2]</value>
    </variable>
    <variable name="Plots" description="Plots and descriptions">
        <value condition="Container.content(addons) + !IsEmpty(ListItem.Property(Addon.Description))">$INFO[ListItem.Property(Addon.Description)]</value>
        <value condition="SubString(ListItem.Path,videodb://movies/sets/)">$LOCALIZE[20457]</value>
        <value condition="Container.Content(Seasons) + !IsEmpty(Container.ShowPlot) + !IsEmpty(ListItem.Title)">$INFO[Container.ShowPlot]</value>
        <value condition="Container.Content(albums) + !IsEmpty(ListItem.Property(Album_Description))">$INFO[ListItem.Property(Album_Description)]</value>
        <value condition="Container.Content(albums) + IsEmpty(ListItem.Property(Album_Description))">$LOCALIZE[414]</value>
        <value condition="Container.Content(artists) + !IsEmpty(ListItem.Property(Artist_Description))">$INFO[ListItem.Property(Artist_Description)]</value>
        <value condition="Window.IsActive(MyPics.xml) + !IsEmpty(ListItem.PictureDesc)">$INFO[ListItem.PictureDesc]</value>
        <value condition="Window.IsActive(MyPics.xml) + !IsEmpty(ListItem.PictureComment)">$INFO[ListItem.PictureComment]</value>
        <value condition="Window.IsActive(MyPics.xml) + !IsEmpty(ListItem.PictureKeywords)">$INFO[ListItem.PictureKeywords]</value>
        <value condition="Window.IsActive(MyPics.xml)">$LOCALIZE[21821]:[CR][CR]   $LOCALIZE[416]</value>
        <value condition="!IsEmpty(ListItem.Plot)">$INFO[ListItem.Plot]</value>
    </variable>
    <variable name="Default.Art" description="Calculate BG to show">
        <value condition="!IsEmpty(Skin.String(Default.Background))">$INFO[Skin.String(Default.Background)]</value>
        <value>special://skin/backgrounds/default/</value>
    </variable>
    <variable name="Settings.Art" description="Calculate BG to show">
        <value condition="!IsEmpty(Skin.String(Settings.Background))">$INFO[Skin.String(Settings.Background)]</value>
        <value>special://skin/backgrounds/Settings.jpg</value>
    </variable>
    <variable name="Weather.Art" description="Calculate BG to show">
        <value condition="!IsEmpty(Skin.String(Weather.Background))">$INFO[Skin.String(Weather.Background)]</value>
        <value>special://skin/backgrounds/Weather.jpg</value>
    </variable>
    <variable name="Pvr.Art" description="Calculate BG to show">
        <value condition="!IsEmpty(Skin.String(Pvr.Background))">$INFO[Skin.String(Pvr.Background)]</value>
        <value>special://skin/backgrounds/Pvr.jpg</value>
    </variable>
    <variable name="Pictures.Art" description="Calculate BG to show">
        <!-- <value condition="!IsEmpty(ListItem.Art(fanart))">$INFO[ListItem.Art(fanart)]</value> -->
        <!-- <value condition="!container.content(addons) + !IsEmpty(ListItem.thumb)">$INFO[ListItem.thumb]</value> -->
        <value condition="!IsEmpty(Skin.String(Default.Background))">$INFO[Skin.String(Default.Background)]</value>
        <value>special://skin/backgrounds/Pictures.jpg</value>
    </variable>
    <variable name="Fanart.Art" description="Calculate BG to show">
        <value condition="!IsEmpty(ListItem.Art(fanart))">$INFO[ListItem.Art(fanart)]</value>
        <value condition="!IsEmpty(Skin.String(Default.Background))">$INFO[Skin.String(Default.Background)]</value>
        <!-- <value condition="[Container.content(actors)|Container.content(movies)|Container.content(musicvideos)|Container.content(tvshows)|Container.Content(Seasons)]">$INFO[Skin.String(TVShows.Background)]</value> -->
        <!-- <value condition="[IsEmpty(Skin.String(Default.Background))|IsEmpty(ListItem.Art(fanart))]+[Container.content(movies)]">special://skin/backgrounds/Movies.jpg</value>
        <value condition="[IsEmpty(Skin.String(Default.Background))|IsEmpty(ListItem.Art(fanart))]+[Container.content(seasons)|Container.content(episodes)|Container.content(tvshows)]">special://skin/backgrounds/TVShows.jpg</value> -->
        <value condition="[IsEmpty(Skin.String(Default.Background))|IsEmpty(ListItem.Art(fanart))]+[Container.content(Addons)|Window.IsActive(CustomAddons.xml)|Window.IsActive(myPrograms.xml)]+!StringCompare(ListItem.Label,..)">special://skin/backgrounds/Addons.jpg</value>
        <value>special://skin/backgrounds/default/</value>
    </variable>
</includes>
