<?xml version="1.0" encoding="utf-8"?>
<includes>
    <include name="Horizontal_Shelf_Poster_Commons">
        <posx>36</posx>
        <posy>330</posy>
        <width>1848</width>
        <height>600</height>
        <onup>9001</onup>
        <onback>300</onback>
        <movement>6</movement>
    </include>
    <include name="Horizontal_Shelf_Square_Commons">
        <posx>36</posx>
        <posy>410</posy>
        <width>1848</width>
        <height>400</height>
        <onup>9001</onup>
        <onback>300</onback>
        <movement>6</movement>
    </include>
    <include name="Horizontal_Label_Poster_Commons">
        <posx>45</posx>
        <posy>754</posy>
        <width>1830</width>
        <align>center</align>
    </include>
    <include name="Horizontal_Label_Square_Commons">
        <posx>45</posx>
        <posy>754</posy>
        <width>1830</width>
        <align>center</align>
    </include>
    <include name="Horizontal_BigLabel_Commons">
        <posx>45</posx>
        <posy>688</posy>
        <width>1830</width>
        <align>center</align>
        <font>HomeItemFont</font>
        <textcolor>MainColor</textcolor>
    </include>
    <include name="Horizontal_Home_Layout">
        <control type="group" description="HORIZONTAL HOME">
            <control type="image">
                <posx>-200</posx>
                <posy>633</posy>
                <width>2320</width>
                <height>467</height>
                <texture>common/HomeGradient.png</texture>
            </control>
            <control type="group" id="700">
                <animation effect="fade" time="200" start="100" end="0" reversible="true" condition="[Control.HasFocus(300)|Control.HasFocus(9001)]">Conditional</animation>
                <animation effect="slide" tween="circle" time="200" start="0,0" end="0,340" condition="!Control.HasFocus(300)+!Control.HasFocus(9001)">Conditional</animation>
                <animation effect="slide" tween="circle" time="200" start="0,0" end="0,-340" condition="Control.HasFocus(300)|Control.HasFocus(9001)">Conditional</animation>
                <animation effect="slide" time="200" start="0,0" end="0,27" reversible="true" condition="!system.getbool(lookandfeel.enablerssfeeds)">Conditional</animation>
                <include condition="Skin.HasSetting(Shelf.Delay)">Shelf_Delay</include>
                <posy>-105</posy>
                <include condition="!Skin.HasSetting(Hide.Favourites)">Favourite.List</include>
                <include condition="Skin.HasSetting(Shelf.Addons)">Addons.List</include>
                <include condition="!Skin.HasSetting(Hide.RecentlyAdded) + !Skin.HasSetting(plexbmc) + SubString(Window(Home).Property(SkinWidgets_RecentItems),t,left)">Recent.Movies.List</include>
                <include condition="!Skin.HasSetting(Hide.RecentlyAdded) + !Skin.HasSetting(plexbmc) + SubString(Window(Home).Property(SkinWidgets_RecentItems),t,left)">Recent.Concerts.List</include>
                <include condition="!Skin.HasSetting(Hide.RecentlyAdded) + !Skin.HasSetting(plexbmc) + SubString(Window(Home).Property(SkinWidgets_RecentItems),t,left)">Recent.Episodes.List</include>
                <include condition="!Skin.HasSetting(Hide.RecentlyAdded) + !Skin.HasSetting(plexbmc) + SubString(Window(Home).Property(SkinWidgets_RecentItems),t,left)">Recent.Albums.List</include>
                <include condition="!Skin.HasSetting(Hide.RecentlyAdded) + !Skin.HasSetting(plexbmc) + SubString(Window(Home).Property(SkinWidgets_RecentItems),t,left)">Recent.Clips.List</include>
                <include condition="!Skin.HasSetting(Hide.RecentlyAdded) + !Skin.HasSetting(plexbmc) + [SubString(Window(Home).Property(SkinWidgets_Recommended),t,left) | SubString(Window(Home).Property(SkinWidgets_RandomItems),t,left)]">Recommended.And.Random.Movies.List</include>
                <include condition="!Skin.HasSetting(Hide.RecentlyAdded) + !Skin.HasSetting(plexbmc) + SubString(Window(Home).Property(SkinWidgets_Recommended),t,left)">Recommended.Concerts.List</include>
                <include condition="!Skin.HasSetting(Hide.RecentlyAdded) + !Skin.HasSetting(plexbmc) + SubString(Window(Home).Property(SkinWidgets_Recommended),t,left)">Recommended.Episodes.List</include>
                <include condition="!Skin.HasSetting(Hide.RecentlyAdded) + !Skin.HasSetting(plexbmc) + SubString(Window(Home).Property(SkinWidgets_Recommended),t,left)">Recommended.Albums.List</include>
                <include condition="!Skin.HasSetting(Hide.RecentlyAdded) + Skin.HasSetting(plexbmc)">Plexbmc_Shelf</include>
            </control>
            <control type="image" description="Arrow XBMC only">
                <animation effect="slide" tween="circle" time="200" start="0,0" end="0,500" reversible="true" condition="Control.HasFocus(900)|Control.HasFocus(901)|Control.HasFocus(311)|Control.HasFocus(312)|Control.HasFocus(511)|Control.HasFocus(212)|Control.HasFocus(411)|Control.HasFocus(413)|Control.HasFocus(111)|Control.HasFocus(211)|Control.HasFocus(514)|Control.HasFocus(515)|Control.HasFocus(513)|Control.HasFocus(512)">Conditional</animation>
                <visible>!Skin.HasSetting(plexbmc)+[[[IntegerGreaterThan(Container(111).NumItems,0)]+Container(300).HasFocus(7)]|[[IntegerGreaterThan(Container(211).NumItems,0)]+Container(300).HasFocus(2)]|[[IntegerGreaterThan(Container(311).NumItems,0)|IntegerGreaterThan(Container(312).NumItems,0)]+Container(300).HasFocus(4)]|[[IntegerGreaterThan(Container(514).NumItems,0)]+Container(300).HasFocus(14)]|[[IntegerGreaterThan(Container(514).NumItems,0)|IntegerGreaterThan(Container(515).NumItems,0)]+Container(300).HasFocus(14)]|[[IntegerGreaterThan(Container(411).NumItems,0)|IntegerGreaterThan(Container(413).NumItems,0)]+Container(300).HasFocus(5)]|[[IntegerGreaterThan(Container(511).NumItems,0)|IntegerGreaterThan(Container(513).NumItems,0)]+Container(300).HasFocus(6)]|[[IntegerGreaterThan(Container(512).NumItems,0)]+Container(300).HasFocus(13)]]</visible>
                <include>VisibleFadeEffectDelayShelf</include>
                <posx>935</posx>
                <posy>600</posy>
                <width>50</width>
                <height>50</height>
                <texture>topbar/topbar_channel_up_focus.png</texture>
            </control>
            <control type="image" description="Arrow Plexbmc only">
                <animation effect="slide" tween="circle" time="200" start="0,0" end="0,500" reversible="true" condition="Control.HasFocus(900)|Control.HasFocus(901)|Control.HasFocus(311)|Control.HasFocus(312)|Control.HasFocus(511)|Control.HasFocus(212)|Control.HasFocus(411)|Control.HasFocus(413)|Control.HasFocus(111)|Control.HasFocus(211)|Control.HasFocus(514)|Control.HasFocus(515)|Control.HasFocus(513)|Control.HasFocus(512)">Conditional</animation>
                <visible>Skin.HasSetting(plexbmc)+[[[IntegerGreaterThan(Container(111).NumItems,0)]+Container(300).HasFocus(7)]|[[IntegerGreaterThan(Container(900).NumItems,0)]+StringCompare(Container(300).ListItem.Property(type),photo)]|[[IntegerGreaterThan(Container(311).NumItems,0)|IntegerGreaterThan(Container(312).NumItems,0)]+StringCompare(Container(300).ListItem.Property(type),movie)]|[[IntegerGreaterThan(Container(511).NumItems,0)]+StringCompare(Container(300).ListItem.Property(type),artist)]|[[IntegerGreaterThan(Container(212).NumItems,0)]+Container(300).HasFocus(50)]|[[IntegerGreaterThan(Container(411).NumItems,0)|IntegerGreaterThan(Container(413).NumItems,0)]+StringCompare(Container(300).ListItem.Property(type),show)]]</visible>
                <include>VisibleFadeEffectDelayShelf</include>
                <posx>935</posx>
                <posy>600</posy>
                <width>50</width>
                <height>50</height>
                <texture>topbar/topbar_channel_up_focus.png</texture>
            </control>
            <control type="group">
                <posy>110</posy>
                <control type="wraplist" id="300" description="Main Bar">
                    <animation effect="fade" time="200" start="100" end="65" reversible="true" condition="Control.HasFocus(9001)|Control.HasFocus(900)|Control.HasFocus(901)|Control.HasFocus(311)|Control.HasFocus(312)|Control.HasFocus(511)|Control.HasFocus(212)|Control.HasFocus(411)|Control.HasFocus(413)|Control.HasFocus(111)|Control.HasFocus(211)|Control.HasFocus(514)|Control.HasFocus(515)|Control.HasFocus(513)|Control.HasFocus(512)">Conditional</animation>
                    <animation effect="slide" tween="circle" time="200" start="0,0" end="0,500" reversible="true" condition="Control.HasFocus(900)|Control.HasFocus(901)|Control.HasFocus(311)|Control.HasFocus(312)|Control.HasFocus(511)|Control.HasFocus(212)|Control.HasFocus(411)|Control.HasFocus(413)|Control.HasFocus(111)|Control.HasFocus(211)|Control.HasFocus(514)|Control.HasFocus(515)|Control.HasFocus(513)|Control.HasFocus(512)">Conditional</animation>
                    <posx>-15</posx>
                    <posy>539</posy>
                    <width>1950</width>
                    <height>500</height>
                    <onleft>300</onleft>
                    <onright>300</onright>
                    <ondown>9001</ondown>
                    <onup condition="Skin.HasSetting(Shelf.Favourites) | Skin.HasSetting(Shelf.Addons) | !Skin.HasSetting(Hide.RecentlyAdded)">700</onup>
                    <pagecontrol>-</pagecontrol>
                    <focusposition>2</focusposition>
                    <movement>1</movement>
                    <preloaditems>4</preloaditems>
                    <scrolltime tween="sine" easing="out">300</scrolltime>
                    <orientation>horizontal</orientation>
                    <itemlayout height="262" width="374">
                        <control type="image" description="Thumb">
                            <posx>15</posx>
                            <posy>11</posy>
                            <width>384</width>
                            <height>239</height>
                            <texture>$INFO[ListItem.ActualIcon]</texture>
                            <include>ThumbBorder</include>
                            <colordiffuse>UnfocusedIconColor</colordiffuse>
                        </control>
                        <control type="image" description="Thumb">
                            <posx>42</posx>
                            <posy>255</posy>
                            <width>330</width>
                            <height>185</height>
                            <texture flipy="true" diffuse="common/Thumb_Mask.png">$INFO[ListItem.ActualIcon]</texture>
                            <colordiffuse>UnfocusedIconColor</colordiffuse>
                        </control>
                        <control type="image" description="Thumb">
                            <posx>15</posx>
                            <posy>228</posy>
                            <width>384</width>
                            <height>239</height>
                            <texture border="37" flipy="true" diffuse="common/Thumb_Mask.png">common/JewelCase.png</texture>
                            <colordiffuse>UnfocusedIconColor</colordiffuse>
                        </control>
                    </itemlayout>
                    <focusedlayout height="262" width="414">
                        <control type="image" description="Thumb">
                            <posx>15</posx>
                            <posy>0</posy>
                            <width>424</width>
                            <height>262</height>
                            <texture>$INFO[ListItem.ActualIcon]</texture>
                            <include>ThumbBorderOverlay</include>
                        </control>
                        <control type="image" description="Thumb">
                            <posx>42</posx>
                            <posy>270</posy>
                            <width>370</width>
                            <height>208</height>
                            <texture flipy="true" diffuse="common/Thumb_Mask.png">$INFO[ListItem.ActualIcon]</texture>
                        </control>
                        <control type="image" description="Thumb">
                            <posx>15</posx>
                            <posy>243</posy>
                            <width>424</width>
                            <height>262</height>
                            <texture border="37" flipy="true" diffuse="common/Thumb_Mask.png">common/JewelCaseOverlay.png</texture>
                        </control>
                    </focusedlayout>
                    <content>
                        <include>Home.Main.Menu.Items</include>
                    </content>
                </control>
                <control type="label">
                    <animation effect="slide" tween="circle" time="200" start="0,0" end="0,500" reversible="true" condition="Control.HasFocus(900)|Control.HasFocus(901)|Control.HasFocus(311)|Control.HasFocus(312)|Control.HasFocus(511)|Control.HasFocus(212)|Control.HasFocus(411)|Control.HasFocus(413)|Control.HasFocus(111)|Control.HasFocus(211)|Control.HasFocus(514)|Control.HasFocus(515)|Control.HasFocus(513)|Control.HasFocus(512)">Conditional</animation>
                    <animation effect="slide" time="200" start="0,0" end="0,22" reversible="true" condition="!system.getbool(lookandfeel.enablerssfeeds)">Conditional</animation>
                    <posx>0</posx>
                    <posy>793</posy>
                    <width>1920</width>
                    <height>100</height>
                    <align>center</align>
                    <font>HomeItemFont</font>
                    <textcolor>MainColor</textcolor>
                    <label>$INFO[Container(300).ListItem.Label]</label>
                </control>
                <control type="fixedlist" id="9001" description="Submenu Bar">
                    <animation effect="slide" tween="circle" time="200" start="0,0" end="0,500" reversible="true" condition="Control.HasFocus(900)|Control.HasFocus(901)|Control.HasFocus(311)|Control.HasFocus(312)|Control.HasFocus(511)|Control.HasFocus(212)|Control.HasFocus(411)|Control.HasFocus(413)|Control.HasFocus(111)|Control.HasFocus(211)|Control.HasFocus(514)|Control.HasFocus(515)|Control.HasFocus(513)|Control.HasFocus(512)">Conditional</animation>
                    <include>VisibleFadeEffect</include>
                    <animation effect="slide" start="0,0" end="-128,0" time="0" condition="StringCompare(Container(9001).NumItems,2) | StringCompare(Container(9001).NumItems,4) | StringCompare(Container(9001).NumItems,6)">conditional</animation>
                    <animation effect="fade" time="200" start="100" end="50" reversible="true" condition="!Control.HasFocus(9001)">Conditional</animation>
                    <include>VisibleFadeEffect</include>
                    <animation effect="slide" time="200" start="0,0" end="0,27" reversible="true" condition="!system.getbool(lookandfeel.enablerssfeeds)">Conditional</animation>
                    <animation effect="fade" time="200" condition="IntegerGreaterThan(Container(9001).NumItems,0)">Conditional</animation>
                    <posx>0</posx>
                    <posy>875</posy>
                    <height>50</height>
                    <width>1920</width>
                    <onleft>9001</onleft>
                    <onright>9001</onright>
                    <viewtype>list</viewtype>
                    <orientation>horizontal</orientation>
                    <focusposition>3</focusposition>
                    <movement>3</movement>
                    <onup>300</onup>
                    <onback>SetFocus(300)</onback>
                    <ondown>700</ondown>
                    <itemlayout width="274" height="50">
                        <control type="label">
                            <posx>137</posx>
                            <posy>0</posy>
                            <height>50</height>
                            <width>240</width>
                            <align>center</align>
                            <aligny>center</aligny>
                            <font>FacadeListSubFont</font>
                            <scroll>false</scroll>
                            <label>$INFO[ListItem.Label]</label>
                            <textcolor>ListNoFocusColor</textcolor>
                        </control>
                    </itemlayout>
                    <focusedlayout width="274" height="50">
                        <control type="label">
                            <visible>!Control.HasFocus(9001)</visible>
                            <posx>137</posx>
                            <posy>0</posy>
                            <height>50</height>
                            <width>240</width>
                            <align>center</align>
                            <aligny>center</aligny>
                            <font>FacadeListSubFont</font>
                            <label>$INFO[ListItem.Label]</label>
                            <textcolor>ListNoFocusColor</textcolor>
                        </control>
                        <control type="label">
                            <visible>Control.HasFocus(9001)</visible>
                            <posx>137</posx>
                            <posy>0</posy>
                            <height>50</height>
                            <width>240</width>
                            <align>center</align>
                            <aligny>center</aligny>
                            <font>FacadeListSubFont</font>
                            <label>[B]$INFO[ListItem.Label][/B]</label>
                            <textcolor>ListFocusColor</textcolor>
                        </control>
                    </focusedlayout>
                    <content>
                        <include>Home.Submenu.Items</include>
                    </content>
                </control>
            </control>
            <control type="group" description="RSS">
                <visible>system.getbool(lookandfeel.enablerssfeeds)</visible>
                <control type="image">
                    <posx>0</posx>
                    <posy>1036</posy>
                    <width>1920</width>
                    <height>44</height>
                    <texture>common/BlackDot.png</texture>
                </control>
                <control type="image">
                    <posx>0</posx>
                    <posy>966</posy>
                    <width>1920</width>
                    <height>73</height>
                    <texture border="3">list/bg_facade_nofocus_top.png</texture>
                </control>
                <control type="image">
                    <posx>0</posx>
                    <posy>1040</posy>
                    <width>1920</width>
                    <height>41</height>
                    <texture border="3">list/bg_facade_focus.png</texture>
                </control>
                <control type="rss" description="RSS Feed">
                    <posx>TextMargin</posx>
                    <posy>1041</posy>
                    <width>1830</width>
                    <height>40</height>
                    <font>rss</font>
                    <urlset>1</urlset>
                    <font>WindowTitleSubFont</font>
                    <shadowcolor>ShadowColor</shadowcolor>
                    <titlecolor>MainColor</titlecolor>
                    <headlinecolor>AlternateColor</headlinecolor>
                    <textcolor>AlternateColor</textcolor>
                </control>
            </control>
        </control>
    </include>
</includes>
