<?xml version="1.0" encoding="utf-8"?>
<window>
    <defaultcontrol always="true">602</defaultcontrol>
    <include>OSDFade</include>
    <controls>
        <control type="group" description="Top Bar">
            <visible>![window.IsActive(DialogVolumeBar.xml)|window.IsActive(DialogMuteBug.xml)]</visible>
            <control type="image">
                <posx>-150</posx>
                <posy>-3</posy>
                <texture>common/basichome_upper_gradient.png</texture>
                <width>2220</width>
                <height>440</height>
            </control>
            <control type="slider" id="87">
                <description>Seek Slider</description>
                <posx>0</posx>
                <posy>985</posy>
                <width>1920</width>
                <height>54</height>
                <onup>101</onup>
                <ondown>101</ondown>
                <action>seek</action>
                <texturesliderbar>OSD/osd_progress_empty.png</texturesliderbar>
                <textureslidernib>buttons/SliderNibNF.png</textureslidernib>
                <textureslidernibfocus>buttons/SliderNibFO.png</textureslidernibfocus>
            </control>
            <control type="image" description="Background">
                <posx>-15</posx>
                <posy>0</posy>
                <width>1950</width>
                <height>54</height>
                <texture flipy="true" border="3">OSD/osd_progress_background.png</texture>
            </control>
            <control type="label" description="Title">
                <posx>20</posx>
                <posy>0</posy>
                <width>1370</width>
                <height>52</height>
                <align>left</align>
                <aligny>center</aligny>
                <font>OSDFont</font>
                <shadowcolor>ShadowColor</shadowcolor>
                <label>[UPPERCASE]$INFO[musicplayer.Codec][/UPPERCASE] $INFO[musicplayer.Bitrate, @ ,kbps]$INFO[musicplayer.bitspersample,  •  ,bit]$INFO[musicplayer.Samplerate,  •  ,kHz]$INFO[musicplayer.Channels,  •  , $LOCALIZE[21444]]</label>
            </control>
            <control type="label" description="Clock">
                <posx>1855</posx>
                <posy>0</posy>
                <width>500</width>
                <height>52</height>
                <align>right</align>
                <aligny>center</aligny>
                <font>OSDFont</font>
                <shadowcolor>ShadowColor</shadowcolor>
                <label>$INFO[System.Time]</label>
            </control>
            <control type="image" description="time logo">
                <posx>1867</posx>
                <posy>9</posy>
                <width>36</width>
                <height>36</height>
                <texture border="3">common/time.png</texture>
            </control>
        </control>
        <control type="group" description="Bottom Bar">
            <posy>0</posy>
            <control type="image" description="Background">
                <posx>-15</posx>
                <posy>1026</posy>
                <width>1950</width>
                <height>54</height>
                <texture border="3">OSD/osd_progress_background.png</texture>
            </control>
            <control type="progress" id="23" description="Progress Bar">
                <posx>0</posx>
                <posy>1001</posy>
                <width>1920</width>
                <height>54</height>
                <texturebg>-</texturebg>
                <midtexture border="3">OSD/osd_progress_mid54.png</midtexture>
                <info>Player.Progress</info>
                <visible>true</visible>
            </control>
            <control type="label" description="Progress time label">
                <posx>20</posx>
                <posy>1026</posy>
                <height>52</height>
                <width>180</width>
                <align>left</align>
                <label>$INFO[Player.Time]</label>
                <font>OSDFont</font>
                <shadowcolor>ShadowColor</shadowcolor>
            </control>
            <control type="label" description="Progress rem time label">
                <posx>1900</posx>
                <posy>1026</posy>
                <height>52</height>
                <width>180</width>
                <align>right</align>
                <label>$INFO[Player.TimeRemaining,-]</label>
                <font>OSDFont</font>
                <shadowcolor>ShadowColor</shadowcolor>
            </control>
        </control>
        <control type="group" id="22929">
            <posy>1026</posy>
            <control type="label" description="Pause">
                <visible>![Player.Caching | Player.Seeking | player.forwarding | player.rewinding | Player.DisplayAfterSeek] + [Player.Paused]</visible>
                <include>SeekbarLabels</include>
                <label>$LOCALIZE[112]</label>
            </control>
            <control type="label" id="24" description="Buffering label">
                <visible>[Player.Paused + Player.Caching] + !Player.Seeking</visible>
                <include>SeekbarLabels</include>
                <label>$INFO[Player.CacheLevel,$LOCALIZE[15107] ,%]</label>
            </control>
            <control type="label" description="2x RW FW label">
                <visible>player.forwarding2x | player.rewinding2x</visible>
                <include>SeekbarLabels</include>
                <label>2 X</label>
            </control>
            <control type="label" description="4x RW FW label">
                <visible>player.forwarding4x | player.rewinding4x</visible>
                <include>SeekbarLabels</include>
                <label>4 X</label>
            </control>
            <control type="label" description="8x RW FW label">
                <visible>player.forwarding8x | player.rewinding8x</visible>
                <include>SeekbarLabels</include>
                <label>8 X</label>
            </control>
            <control type="label" description="16x RW FW label">
                <visible>player.forwarding16x | player.rewinding16x</visible>
                <include>SeekbarLabels</include>
                <label>16 X</label>
            </control>
            <control type="label" description="32x RW FW label">
                <visible>player.forwarding32x | player.rewinding32x</visible>
                <include>SeekbarLabels</include>
                <label>32 X</label>
            </control>
            <control type="label" description="Seek time label">
                <visible>![player.forwarding | player.rewinding]</visible>
                <visible>Player.DisplayAfterSeek</visible>
                <include>SeekbarLabels</include>
                <label>$INFO[Player.SeekOffset,$LOCALIZE[773] ]</label>
            </control>
            <control type="image">
                <visible>player.rewinding</visible>
                <posx>850</posx>
                <posy>2</posy>
                <width>50</width>
                <height>50</height>
                <texture>topbar/topbar_rewind_focus.png</texture>
            </control>
            <control type="image">
                <visible>player.forwarding</visible>
                <posx>1020</posx>
                <posy>2</posy>
                <width>50</width>
                <height>50</height>
                <texture>topbar/topbar_fastforward_focus.png</texture>
            </control>
        </control>
        <control type="group">
            <!--101-->
            <control type="group" id="101">
                <posx>480</posx>
                <posy>68</posy>
                <control type="button" id="600">
                    <posx>0</posx>
                    <posy>0</posy>
                    <width>50</width>
                    <height>50</height>
                    <label>$LOCALIZE[210]</label>
                    <font>-</font>
                    <texturefocus>topbar/topbar_skipback_focus.png</texturefocus>
                    <texturenofocus>topbar/topbar_skipback_nofocus.png</texturenofocus>
                    <onleft>20</onleft>
                    <onright>601</onright>
                    <onup>87</onup>
                    <ondown>87</ondown>
                    <onclick>PlayerControl(Previous)</onclick>
                </control>
                <control type="button" id="601">
                    <posx>70</posx>
                    <posy>0</posy>
                    <width>50</width>
                    <height>50</height>
                    <label>$LOCALIZE[31354]</label>
                    <font>-</font>
                    <texturefocus>topbar/topbar_rewind_focus.png</texturefocus>
                    <texturenofocus>topbar/topbar_rewind_nofocus.png</texturenofocus>
                    <onleft>600</onleft>
                    <onright>602</onright>
                    <onup>87</onup>
                    <ondown>87</ondown>
                    <onclick>PlayerControl(Rewind)</onclick>
                </control>
                <control type="togglebutton" id="602">
                    <posx>140</posx>
                    <posy>0</posy>
                    <width>50</width>
                    <height>50</height>
                    <label>$LOCALIZE[31351]</label>
                    <altlabel>$LOCALIZE[208]</altlabel>
                    <font>-</font>
                    <texturefocus>topbar/topbar_pause_focus.png</texturefocus>
                    <texturenofocus>topbar/topbar_pause_nofocus.png</texturenofocus>
                    <usealttexture>Player.Paused | Player.Forwarding | Player.Rewinding</usealttexture>
                    <alttexturefocus>topbar/topbar_play_focus.png</alttexturefocus>
                    <alttexturenofocus>topbar/topbar_play_nofocus.png</alttexturenofocus>
                    <onleft>601</onleft>
                    <onright>603</onright>
                    <onup>87</onup>
                    <ondown>87</ondown>
                    <onclick>PlayerControl(Play)</onclick>
                </control>
                <control type="button" id="603">
                    <posx>210</posx>
                    <posy>0</posy>
                    <width>50</width>
                    <height>50</height>
                    <label>$LOCALIZE[31352]</label>
                    <font>-</font>
                    <texturefocus>topbar/topbar_stop_focus.png</texturefocus>
                    <texturenofocus>topbar/topbar_stop_nofocus.png</texturenofocus>
                    <onleft>602</onleft>
                    <onright>604</onright>
                    <onup>87</onup>
                    <ondown>87</ondown>
                    <onclick>PlayerControl(Stop)</onclick>
                </control>
                <control type="button" id="604">
                    <posx>280</posx>
                    <posy>0</posy>
                    <width>50</width>
                    <height>50</height>
                    <label>$LOCALIZE[31353]</label>
                    <font>-</font>
                    <texturefocus>topbar/topbar_fastforward_focus.png</texturefocus>
                    <texturenofocus>topbar/topbar_fastforward_nofocus.png</texturenofocus>
                    <onleft>603</onleft>
                    <onright>605</onright>
                    <onup>87</onup>
                    <ondown>87</ondown>
                    <onclick>PlayerControl(Forward)</onclick>
                </control>
                <control type="button" id="605">
                    <posx>350</posx>
                    <posy>0</posy>
                    <width>50</width>
                    <height>50</height>
                    <label>$LOCALIZE[209]</label>
                    <font>-</font>
                    <texturefocus>topbar/topbar_skipforward_focus.png</texturefocus>
                    <texturenofocus>topbar/topbar_skipforward_nofocus.png</texturenofocus>
                    <onleft>604</onleft>
                    <onright>1</onright>
                    <onup>87</onup>
                    <ondown>87</ondown>
                    <onclick>PlayerControl(Next)</onclick>
                </control>
                <control type="group">
                    <posx>420</posx>
                    <posy>0</posy>
                    <control type="button" id="1">
                        <description>Repeat</description>
                        <posx>0</posx>
                        <posy>0</posy>
                        <width>50</width>
                        <height>50</height>
                        <label>$LOCALIZE[486]$INFO[Playlist.Repeat, : ]</label>
                        <font>-</font>
                        <onleft>605</onleft>
                        <onright>21</onright>
                        <onup>87</onup>
                        <ondown>87</ondown>
                        <texturefocus>topbar/topbar_repeat_focus.png</texturefocus>
                        <texturenofocus>topbar/topbar_repeat_nofocus.png</texturenofocus>
                        <onclick>XBMC.PlayerControl(Repeat)</onclick>
                    </control>
                    <control type="image" id="4">
                        <posx>0</posx>
                        <posy>0</posy>
                        <width>50</width>
                        <height>50</height>
                        <texture>topbar/topbar_repeat_one_nofocus.png</texture>
                        <visible>Playlist.IsRepeatOne</visible>
                        <visible>!Control.HasFocus(1)</visible>
                    </control>
                    <control type="image" id="5">
                        <posx>0</posx>
                        <posy>0</posy>
                        <width>50</width>
                        <height>50</height>
                        <texture>topbar/topbar_repeat_one_focus.png</texture>
                        <visible>Playlist.IsRepeatOne</visible>
                        <visible>Control.HasFocus(1)</visible>
                    </control>
                    <control type="image" id="6">
                        <posx>0</posx>
                        <posy>0</posy>
                        <width>50</width>
                        <height>50</height>
                        <texture>topbar/topbar_repeat_all_nofocus.png</texture>
                        <visible>Playlist.IsRepeat</visible>
                        <visible>!Control.HasFocus(1)</visible>
                    </control>
                    <control type="image" id="7">
                        <posx>0</posx>
                        <posy>0</posy>
                        <width>50</width>
                        <height>50</height>
                        <texture>topbar/topbar_repeat_all_focus.png</texture>
                        <visible>Playlist.IsRepeat</visible>
                        <visible>Control.HasFocus(1)</visible>
                    </control>
                </control>
                <control type="togglebutton" id="21" description="Random">
                    <posx>490</posx>
                    <posy>0</posy>
                    <width>50</width>
                    <height>50</height>
                    <label>$LOCALIZE[590]$INFO[Playlist.Random, : ]</label>
                    <altlabel>$LOCALIZE[590] : $LOCALIZE[16041]</altlabel>
                    <font>-</font>
                    <onleft>1</onleft>
                    <onright>9</onright>
                    <onup>87</onup>
                    <ondown>87</ondown>
                    <texturefocus>topbar/topbar_random_off_focus.png</texturefocus>
                    <texturenofocus>topbar/topbar_random_off_nofocus.png</texturenofocus>
                    <usealttexture>Playlist.IsRandom</usealttexture>
                    <alttexturefocus>topbar/topbar_random_on_focus.png</alttexturefocus>
                    <alttexturenofocus>topbar/topbar_random_on_nofocus.png</alttexturenofocus>
                    <onclick>XBMC.PlayerControl(Random)</onclick>
                </control>
                <control type="button" id="9" description="Lyrics">
                    <posx>560</posx>
                    <posy>0</posy>
                    <width>50</width>
                    <height>50</height>
                    <label>$LOCALIZE[24013]</label>
                    <font>-</font>
                    <onleft>21</onleft>
                    <onright>555</onright>
                    <onup>87</onup>
                    <ondown>87</ondown>
                    <texturefocus>topbar/topbar_teletext_focus.png</texturefocus>
                    <texturenofocus>topbar/topbar_teletext_nofocus.png</texturenofocus>
                    <onclick>Close</onclick>
                    <onclick condition="IsEmpty(Skin.String(LyricPath))">Skin.SetAddon(LyricPath,xbmc.python.lyrics)</onclick>
                    <onclick condition="!IsEmpty(Skin.String(LyricPath))">XBMC.RunScript($INFO[Skin.String(LyricPath)])</onclick>
                </control>
                <control type="button" id="555" description="Playlist">
                    <posx>630</posx>
                    <posy>0</posy>
                    <width>50</width>
                    <height>50</height>
                    <label>$LOCALIZE[559]</label>
                    <font>-</font>
                    <onleft>9</onleft>
                    <onright>556</onright>
                    <onup>87</onup>
                    <ondown>87</ondown>
                    <texturefocus>topbar/topbar_bookmark_focus.png</texturefocus>
                    <texturenofocus>topbar/topbar_bookmark_nofocus.png</texturenofocus>
                    <onclick>Close</onclick>
                    <onclick>ActivateWindow(MusicPlaylist)</onclick>
                </control>
                <control type="button" id="556" description="Fanart">
                    <posx>700</posx>
                    <posy>0</posy>
                    <width>50</width>
                    <height>50</height>
                    <label>$LOCALIZE[20445]</label>
                    <font>-</font>
                    <onleft>555</onleft>
                    <onright>500</onright>
                    <onup>87</onup>
                    <ondown>87</ondown>
                    <texturefocus>topbar/topbar_fanart_focus.png</texturefocus>
                    <texturenofocus>topbar/topbar_fanart_nofocus.png</texturenofocus>
                    <label2>$VAR[MusicPlayingFanartLabel2]</label2>
                    <onclick>Skin.ToggleSetting(MusicPlayingFanart)</onclick>
                </control>
                <control type="button" id="500" description="Visualisation">
                    <posx>770</posx>
                    <posy>0</posy>
                    <width>50</width>
                    <height>50</height>
                    <label>$LOCALIZE[24010]</label>
                    <font>-</font>
                    <onleft>556</onleft>
                    <onright>19</onright>
                    <onup>87</onup>
                    <ondown>87</ondown>
                    <texturefocus>topbar/topbar_video_settings_focus.png</texturefocus>
                    <texturenofocus>topbar/topbar_video_settings_nofocus.png</texturenofocus>
                </control>
                <control type="button" id="19" description="Visualisation settings">
                    <enable>Visualisation.Enabled</enable>
                    <animation effect="fade" start="100" end="50" time="100" condition="!Visualisation.Enabled">Conditional</animation>
                    <posx>840</posx>
                    <posy>0</posy>
                    <width>50</width>
                    <height>50</height>
                    <label>$LOCALIZE[250] $LOCALIZE[10004]</label>
                    <font>-</font>
                    <onleft>500</onleft>
                    <onright>20</onright>
                    <onup>87</onup>
                    <ondown>87</ondown>
                    <texturefocus>topbar/topbar_settings_focus.png</texturefocus>
                    <texturenofocus>topbar/topbar_settings_nofocus.png</texturenofocus>
                    <onclick>Addon.Default.OpenSettings(xbmc.player.musicviz)</onclick>
                </control>
                <control type="button" id="20" description="Visualisation Presets">
                    <enable>Visualisation.Enabled</enable>
                    <animation effect="fade" start="100" end="50" time="100" condition="!Visualisation.Enabled">Conditional</animation>
                    <posx>910</posx>
                    <posy>0</posy>
                    <width>50</width>
                    <height>50</height>
                    <label>$LOCALIZE[31048]</label>
                    <font>-</font>
                    <onleft>19</onleft>
                    <onright>600</onright>
                    <onup>87</onup>
                    <ondown>87</ondown>
                    <texturefocus>topbar/topbar_presets_focus.png</texturefocus>
                    <texturenofocus>topbar/topbar_presets_nofocus.png</texturenofocus>
                    <onclick>ActivateWindow(122)</onclick>
                </control>
            </control>
        </control>
    </controls>
</window>
