<?xml version="1.0" encoding="utf-8"?>
<window>
    <onload condition="Skin.HasSetting(Use_Artist_Slideshow) + system.hasaddon(script.artistslideshow)">RunScript(script.artistslideshow)</onload>
    <controls>
        <control type="group">
            <include>Fanart_Art</include>
            <include>OpenClose</include>
            <include>Player_Show</include>
            <control type="progress" id="23" description="Progress Bar">
                <visible>true</visible>
                <posx>-2000</posx>
                <posy>-1500</posy>
                <width>747</width>
                <info>Player.Progress</info>
                <visible>true</visible>
            </control>
            <control type="group" description="INFO grouped for visibility sake">
                <visible>[Player.ShowInfo | Window.IsActive(MusicOSD) | !Visualisation.Enabled] + ![Window.IsVisible(AddonSettings) | Window.IsVisible(SelectDialog) | Window.IsVisible(VisualisationPresetList)]</visible>
                <animation effect="fade" time="500">Visible</animation>
                <animation effect="fade" time="200">Hidden</animation>
                <control type="group" description="Info panel LEFT">
                    <posy>55</posy>
                    <animation type="Conditional" condition="!IntegerGreaterThan(Control.GetLabel(23),0)" reversible="false">
                        <effect type="fade" start="0" end="100" time="500"/>
                    </animation>
                    <control type="image">
                        <posx>233</posx>
                        <posy>483</posy>
                        <width>1454</width>
                        <height>480</height>
                        <texture border="90">common/bg_dialog.png</texture>
                    </control>
                    <control type="image">
                        <posx>404</posx>
                        <posy>539</posy>
                        <height>373</height>
                        <width>250</width>
                        <texture>list/bg_strip_horizontal_left.png</texture>
                        <colordiffuse>90ffffff</colordiffuse>
                    </control>
                    <control type="image">
                        <posx>655</posx>
                        <posy>539</posy>
                        <width>2</width>
                        <height>373</height>
                        <texture>list/bg_facade_vertical.png</texture>
                    </control>
                    <control type="image">
                        <posx>280</posx>
                        <posy>538</posy>
                        <width>375</width>
                        <height>375</height>
                        <texture fallback="defaultAudioBig.png">$INFO[MusicPlayer.Cover]</texture>
                        <include>ThumbBorder</include>
                        <aspectratio aligny="top" align="center">keep</aspectratio>
                    </control>
                    <control type="group" description="Left Labels">
                        <posx>656</posx>
                        <control type="label" description="Heading">
                            <posx>37</posx>
                            <posy>562</posy>
                            <height>36</height>
                            <width>910</width>
                            <font>InfoTitleFont</font>
                            <textcolor>MainColor</textcolor>
                            <label>$INFO[MusicPlayer.Title]</label>
                        </control>
                        <control type="image">
                            <posx>0</posx>
                            <posy>531</posy>
                            <width>986</width>
                            <height>90</height>
                            <texture border="3">list/bg_facade_nofocus_top.png</texture>
                        </control>
                        <control type="label" description="Artist">
                            <posx>37</posx>
                            <posy>621</posy>
                            <height>66</height>
                            <width>910</width>
                            <font>InfoDetailsFont</font>
                            <textcolor>AlternateColor</textcolor>
                            <label>$INFO[MusicPlayer.Artist]</label>
                        </control>
                        <control type="image">
                            <posx>0</posx>
                            <posy>599</posy>
                            <width>986</width>
                            <height>90</height>
                            <texture border="3">list/bg_facade_nofocus_top.png</texture>
                        </control>
                        <control type="label" description="Album">
                            <posx>37</posx>
                            <posy>689</posy>
                            <height>66</height>
                            <width>910</width>
                            <font>InfoDetailsFont</font>
                            <textcolor>MainColor</textcolor>
                            <label>$INFO[MusicPlayer.Album]</label>
                        </control>
                        <control type="image">
                            <posx>0</posx>
                            <posy>667</posy>
                            <width>986</width>
                            <height>90</height>
                            <texture border="3">list/bg_facade_nofocus_top.png</texture>
                        </control>
                        <control type="label" description="Time">
                            <posx>37</posx>
                            <posy>757</posy>
                            <height>66</height>
                            <width>910</width>
                            <font>InfoDetailsFont</font>
                            <textcolor>AlternateColor</textcolor>
                            <label>$INFO[MusicPlayer.TimeSpeed] / $INFO[MusicPlayer.Duration]</label>
                        </control>
                        <control type="label" description="Track">
                            <visible>!Skin.HasSetting(plexbmc)</visible>
                            <posx>950</posx>
                            <posy>757</posy>
                            <height>66</height>
                            <width>910</width>
                            <align>right</align>
                            <font>InfoDetailsFont</font>
                            <textcolor>AlternateColor</textcolor>
                            <label>$INFO[MusicPlayer.PlaylistPosition] / $INFO[MusicPlayer.PlaylistLength]</label>
                        </control>
                        <control type="image">
                            <posx>0</posx>
                            <posy>735</posy>
                            <width>986</width>
                            <height>90</height>
                            <texture border="3">list/bg_facade_nofocus_top.png</texture>
                        </control>
                        <!-- <control type="label" description="Track">
                            <visible>!Skin.HasSetting(plexbmc)</visible>
                            <posx>37</posx>
                            <posy>825</posy>
                            <height>66</height>
                            <width>420</width>
                            <font>NotificationFont</font>
                            <textcolor>MainColor</textcolor>
                            <label>$INFO[MusicPlayer.offset(-1).Title,[COLOR=AlternateColor]$LOCALIZE[210]: [/COLOR]]</label>
                        </control> -->
                        <control type="label" description="Time">
                            <visible>!Skin.HasSetting(plexbmc)</visible>
                            <posx>950</posx>
                            <posy>835</posy>
                            <height>66</height>
                            <width>420</width>
                            <align>right</align>
                            <font>NotificationFont</font>
                            <textcolor>MainColor</textcolor>
                            <label>$INFO[MusicPlayer.offset(1).Title,[COLOR=AlternateColor]$LOCALIZE[209]: [/COLOR]]</label>
                        </control>
                        <control type="grouplist" description="Flags">
                            <posx>37</posx>
                            <posy>835</posy>
                            <width>1006</width>
                            <height>408</height>
                            <itemgap>20</itemgap>
                            <orientation>horizontal</orientation>
                            <align>left</align>
                            <aligny>center</aligny>
                            <include>CodecsMusicOSD</include>
                        </control>
                    </control>
                </control>
            </control>
        </control>
    </controls>
</window>
