<?xml version="1.0" encoding="utf-8"?>
<window>
    <defaultcontrol always="true">50</defaultcontrol>
    <include>OpenClose</include>
    <controls>
        <include>Fanart_Art</include>
        <include>Player_Show</include>
        <include>Time</include>
        <control type="label">
            <include>WindowTitle</include>
            <label>$LOCALIZE[2]</label>
        </control>
        <control type="label">
            <include>WindowTitleSub</include>
            <label>$VAR[GlobalSubTitles]</label>
        </control>
        <control type="group">
            <posy>-154</posy>
            <control type="image">
                <posx>233</posx>
                <posy>244</posy>
                <width>1454</width>
                <height>959</height>
                <texture border="90">common/bg_dialog.png</texture>
            </control>
            <control type="image">
                <posx>278</posx>
                <posy>292</posy>
                <width>1364</width>
                <height>90</height>
                <texture border="3">list/bg_facade_nofocus_top.png</texture>
            </control>
            <control type="label">
                <posx>323</posx>
                <posy>323</posy>
                <height>36</height>
                <width>1274</width>
                <align>center</align>
                <font>InfoTitleFont</font>
                <textcolor>MainColor</textcolor>
                <label>$LOCALIZE[10517]</label>
            </control>
            <control type="panel" id="50" description="No Thumbs">
                <posx>278</posx>
                <posy>382</posy>
                <width>931</width>
                <height>730</height>
                <pagecontrol>60</pagecontrol>
                <scrolltime>200</scrolltime>
                <onleft>noop</onleft>
                <onright>9000</onright>
                <onup>450</onup>
                <ondown>450</ondown>
                <itemlayout height="73" width="931">
                    <control type="image">
                        <posx>0</posx>
                        <posy>0</posy>
                        <height>73</height>
                        <width>931</width>
                        <texture border="3">list/bg_facade_nofocus.png</texture>
                    </control>
                    <control type="label" description="Main Label">
                        <visible>StringCompare(ListItem.Label2,)</visible>
                        <posx>25</posx>
                        <height>71</height>
                        <width>876</width>
                        <font>FacadeListMainFont</font>
                        <textcolor>ListNoFocusColor</textcolor>
                        <label>$INFO[ListItem.Label]</label>
                    </control>
                    <control type="label" description="Main Label">
                        <visible>!StringCompare(ListItem.Label2,)</visible>
                        <posx>25</posx>
                        <height>42</height>
                        <width>876</width>
                        <font>FacadeListMainFont</font>
                        <textcolor>ListNoFocusColor</textcolor>
                        <label>$INFO[ListItem.Label]</label>
                    </control>
                    <control type="label" description="Label2">
                        <visible>!StringCompare(ListItem.Label2,)</visible>
                        <posx>25</posx>
                        <posy>39</posy>
                        <height>28</height>
                        <width>876</width>
                        <font>FacadeListSubFont</font>
                        <textcolor>SublistNoFocusColor</textcolor>
                        <label>$INFO[ListItem.Label2]</label>
                    </control>
                </itemlayout>
                <focusedlayout height="73" width="931">
                    <control type="image">
                        <posx>0</posx>
                        <posy>0</posy>
                        <height>73</height>
                        <width>931</width>
                        <texture border="3">list/bg_facade_focus.png</texture>
                    </control>
                    <control type="label" description="Main Label">
                        <visible>StringCompare(ListItem.Label2,)</visible>
                        <posx>25</posx>
                        <height>71</height>
                        <width>876</width>
                        <font>FacadeListMainFont</font>
                        <textcolor>ListFocusColor</textcolor>
                        <label>$INFO[ListItem.Label]</label>
                    </control>
                    <control type="label" description="Main Label">
                        <visible>!StringCompare(ListItem.Label2,)</visible>
                        <posx>25</posx>
                        <height>42</height>
                        <width>876</width>
                        <font>FacadeListMainFont</font>
                        <textcolor>ListFocusColor</textcolor>
                        <label>$INFO[ListItem.Label]</label>
                    </control>
                    <control type="label" description="Label2">
                        <visible>!StringCompare(ListItem.Label2,)</visible>
                        <posx>25</posx>
                        <posy>39</posy>
                        <height>28</height>
                        <width>876</width>
                        <font>FacadeListSubFont</font>
                        <textcolor>SublistFocusColor</textcolor>
                        <label>$INFO[ListItem.Label2]</label>
                    </control>
                </focusedlayout>
            </control>
            <control type="scrollbar" id="60">
                <posx>1178</posx>
                <posy>382</posy>
                <height>730</height>
                <include>VerticalScroller</include>
                <onleft>450</onleft>
                <onright>450</onright>
            </control>
            <control type="image">
                <posx>1209</posx>
                <posy>382</posy>
                <width>2</width>
                <height>771</height>
                <texture>list/bg_facade_vertical.png</texture>
            </control>
            <control type="image">
                <posx>1209</posx>
                <posy>382</posy>
                <height>771</height>
                <width>375</width>
                <texture flipx="true">list/bg_strip_horizontal_left.png</texture>
                <colordiffuse>90ffffff</colordiffuse>
            </control>
            <control type="grouplist" id="9000">
                <posx>1209</posx>
                <posy>382</posy>
                <width>433</width>
                <height>365</height>
                <itemgap>0</itemgap>
                <orientation>vertical</orientation>
                <onleft>50</onleft>
                <onright>60</onright>
                <onup>noop</onup>
                <ondown>noop</ondown>
                <scrolltime>200</scrolltime>
                <control type="radiobutton" id="20" description="shuffle">
                    <width>433</width>
                    <height>73</height>
                    <align>left</align>
                    <!-- <textoffsetx>30</textoffsetx> -->
                    <radioposx>345</radioposx>
                    <!-- <font>SmallButtonFont</font> -->
                    <include>LeftMenuButton</include>
                    <label>$LOCALIZE[191]</label>
                </control>
                <control type="button" id="21" description="save">
                    <width>433</width>
                    <height>73</height>
                    <include>LeftMenuButton</include>
                    <label>$LOCALIZE[190]</label>
                </control>
                <control type="button" id="22" description="clear">
                    <width>433</width>
                    <height>73</height>
                    <include>LeftMenuButton</include>
                    <label>$LOCALIZE[192]</label>
                </control>
                <control type="button" id="26" description="repeat">
                    <width>433</width>
                    <height>73</height>
                    <include>LeftMenuButton</include>
                    <label>$LOCALIZE[486]</label>
                </control>
                <control type="button" id="3" description="sort method">
                    <width>433</width>
                    <height>73</height>
                    <include>LeftMenuButton</include>
                </control>
                <control type="togglebutton" id="4" description="Sort direction">
                    <width>433</width>
                    <height>73</height>
                    <include>LeftMenuButton</include>
                    <label>$LOCALIZE[21429]:  $LOCALIZE[21430]</label>
                    <altlabel>$LOCALIZE[21429]:  $LOCALIZE[21431]</altlabel>
                </control>
            </control>
            <control type="image">
                <posx>1242</posx>
                <posy>765</posy>
                <width>370</width>
                <height>370</height>
                <include>SquareThumb</include>
                <include>ThumbBorder</include>
            </control>
            <control type="label" id="12">
                <posx>1179</posx>
                <posy>1100</posy>
                <width>876</width>
                <align>right</align>
                <font>LeftMenuTitleFont</font>
                <textcolor>60ffffff</textcolor>
            </control>
        </control>
    </controls>
</window>
