<?xml version="1.0" encoding="utf-8"?>
<window>
    <defaultcontrol always="true">50</defaultcontrol>
    <include>OpenClose</include>
    <controls>
        <include>Fanart_Art</include>
        <include>Player_Show</include>
        <include>Time</include>
        <control type="label">
            <include>WindowTitle</include>
            <label>$LOCALIZE[2]</label>
        </control>
        <control type="label">
            <include>WindowTitleSub</include>
            <label>$VAR[GlobalSubTitles]</label>
        </control>
        <control type="group" description="Fix for Plexbmc">
            <include condition="Skin.HasSetting(plexbmc)">PlexbmcFixTrick</include>
            <include>View_50</include>
            <include>View_51_Panel</include>
            <include>View_52_BigList</include>
            <include>View_53_Grid</include>
            <include>View_54_LowList</include>
            <include>View_55_BigPanel</include>
            <include>View_56_BannerList</include>
            <!-- Showcase 57 58 & 59 -->
            <include>View_59_Showcase</include>
            <!-- COMMON -->
            <control type="group" description="COMMON">
                <visible>[Control.IsVisible(50)|Control.IsVisible(51)|Control.IsVisible(52)|Control.IsVisible(54)|Control.IsVisible(55)]+![!IsEmpty(ListItem.Property(Artist_Description))|!IsEmpty(ListItem.Property(Album_Description))]</visible>
                <posx>0</posx>
                <posy>479</posy>
                <include>Icon_Fade</include>
                <control type="image" description="Thumb">
                    <posx>18</posx>
                    <posy>151</posy>
                    <width>440</width>
                    <height>440</height>
                    <include>SquareThumb</include>
                    <include>ThumbBorder</include>
                </control>
            </control>
            <!-- LIST 50 -->
            <control type="group" description="MediaInfo List 50">
                <visible>Control.IsVisible(50)+!StringCompare(ListItem.Label,)+[!IsEmpty(ListItem.Property(Artist_Description))|!IsEmpty(ListItem.Property(Album_Description))]+!Container.Content(songs)</visible>
                <include>Icon_Fade</include>
                <control type="group">
                    <posx>0</posx>
                    <posy>260</posy>
                    <control type="image" description="fa overlay">
                        <posx>-795</posx>
                        <posy>90</posy>
                        <width>2058</width>
                        <height>1160</height>
                        <texture border="90">common/bg_tvguide.png</texture>
                    </control>
                    <control type="image">
                        <posx>242</posx>
                        <posy>139</posy>
                        <height>700</height>
                        <width>250</width>
                        <texture>list/bg_strip_horizontal_left.png</texture>
                        <colordiffuse>90ffffff</colordiffuse>
                    </control>
                    <control type="image">
                        <posx>493</posx>
                        <posy>139</posy>
                        <width>2</width>
                        <height>700</height>
                        <texture>list/bg_facade_vertical.png</texture>
                    </control>
                    <control type="image" description="Thumb">
                        <posx>18</posx>
                        <posy>151</posy>
                        <width>470</width>
                        <height>470</height>
                        <include>SquareThumb</include>
                        <include>ThumbBorder</include>
                    </control>
                    <control type="group" description="Media info">
                        <posx>495</posx>
                        <posy>166</posy>
                        <control type="label" description="Title">
                            <posx>TextMargin</posx>
                            <posy>-12</posy>
                            <width>630</width>
                            <height>71</height>
                            <font>InfoTitleFont</font>
                            <textcolor>MainColor</textcolor>
                            <align>left</align>
                            <label>$INFO[ListItem.Label]</label>
                        </control>
                        <control type="image">
                            <posx>0</posx>
                            <posy>0</posy>
                            <width>721</width>
                            <height>73</height>
                            <texture border="3">list/bg_facade_nofocus_top.png</texture>
                        </control>
                        <control type="image" description="Stars">
                            <posx>TextMargin</posx>
                            <posy>92</posy>
                            <include>Stars</include>
                        </control>
                        <control type="label" description="Rating">
                            <posx>245</posx>
                            <posy>73</posy>
                            <width>460</width>
                            <height>71</height>
                            <font>InfoRatingFont</font>
                            <textcolor>AlternateColor</textcolor>
                            <label fallback="416">$INFO[ListItem.Rating]</label>
                        </control>
                        <control type="image">
                            <posx>0</posx>
                            <posy>73</posy>
                            <width>721</width>
                            <height>73</height>
                            <texture border="3">list/bg_facade_nofocus_top.png</texture>
                        </control>
                        <control type="label" description="Details">
                            <posx>TextMargin</posx>
                            <posy>146</posy>
                            <width>630</width>
                            <height>71</height>
                            <font>InfoDetailsFont</font>
                            <textcolor>AlternateColor</textcolor>
                            <label>$VAR[Details]</label>
                        </control>
                        <control type="image">
                            <posx>0</posx>
                            <posy>146</posy>
                            <width>721</width>
                            <height>73</height>
                            <texture border="3">list/bg_facade_nofocus_top.png</texture>
                        </control>
                        <control type="textbox" description="Plot51">
                            <posx>TextMargin</posx>
                            <posy>230</posy>
                            <width>630</width>
                            <height>370</height>
                            <font>InfoPlotFont</font>
                            <textcolor>MainColor</textcolor>
                            <label>$VAR[Plots]</label>
                        </control>
                    </control>
                </control>
            </control>
            <!-- PANEL 51 -->
            <control type="group" description="MediaInfo Panel 51">
                <visible>Control.IsVisible(51)+!StringCompare(ListItem.Label,)+[!IsEmpty(ListItem.Property(Artist_Description))|!IsEmpty(ListItem.Property(Album_Description))]+!Container.Content(songs)</visible>
                <include>Icon_Fade</include>
                <control type="group">
                    <posx>-567</posx>
                    <posy>260</posy>
                    <control type="image" description="fa overlay">
                        <posx>-795</posx>
                        <posy>90</posy>
                        <width>2058</width>
                        <height>1160</height>
                        <texture border="90">common/bg_tvguide.png</texture>
                    </control>
                    <control type="group" description="Media info">
                        <posx>570</posx>
                        <posy>166</posy>
                        <control type="label" description="Title">
                            <posx>TextMargin</posx>
                            <posy>-12</posy>
                            <width>570</width>
                            <height>71</height>
                            <font>InfoTitleFont</font>
                            <textcolor>MainColor</textcolor>
                            <align>left</align>
                            <label>$INFO[ListItem.Label]</label>
                        </control>
                        <control type="image">
                            <posx>0</posx>
                            <posy>0</posy>
                            <width>646</width>
                            <height>73</height>
                            <texture border="3">list/bg_facade_nofocus_top.png</texture>
                        </control>
                        <control type="image" description="Stars">
                            <posx>TextMargin</posx>
                            <posy>92</posy>
                            <include>Stars</include>
                        </control>
                        <control type="label" description="Rating">
                            <posx>245</posx>
                            <posy>73</posy>
                            <width>480</width>
                            <height>71</height>
                            <font>InfoRatingFont</font>
                            <textcolor>AlternateColor</textcolor>
                            <label fallback="416">$INFO[ListItem.Rating]</label>
                        </control>
                        <control type="image">
                            <posx>0</posx>
                            <posy>73</posy>
                            <width>646</width>
                            <height>73</height>
                            <texture border="3">list/bg_facade_nofocus_top.png</texture>
                        </control>
                        <control type="label" description="Details">
                            <posx>TextMargin</posx>
                            <posy>146</posy>
                            <width>570</width>
                            <height>71</height>
                            <font>InfoDetailsFont</font>
                            <textcolor>AlternateColor</textcolor>
                            <label>$VAR[Details]</label>
                        </control>
                        <control type="image">
                            <posx>0</posx>
                            <posy>146</posy>
                            <width>646</width>
                            <height>73</height>
                            <texture border="3">list/bg_facade_nofocus_top.png</texture>
                        </control>
                        <control type="textbox" description="Plot51">
                            <posx>TextMargin</posx>
                            <posy>230</posy>
                            <width>570</width>
                            <height>370</height>
                            <font>InfoPlotFont</font>
                            <textcolor>MainColor</textcolor>
                            <label>$VAR[Plots]</label>
                        </control>
                    </control>
                </control>
            </control>
            <!-- LIST 52 BigList -->
            <control type="group" description="MediaInfo BigList 52">
                <visible>Control.IsVisible(52)+!StringCompare(ListItem.Label,)+[!IsEmpty(ListItem.Property(Artist_Description))|!IsEmpty(ListItem.Property(Album_Description))]+!Container.Content(songs)</visible>
                <include>Icon_Fade</include>
                <control type="group">
                    <control type="image" description="fa overlay">
                        <posx>-795</posx>
                        <posy>94</posy>
                        <width>2058</width>
                        <height>1160</height>
                        <texture border="90">common/bg_tvguide.png</texture>
                    </control>
                    <control type="image">
                        <posx>242</posx>
                        <posy>143</posy>
                        <height>1200</height>
                        <width>250</width>
                        <texture>list/bg_strip_horizontal_left.png</texture>
                        <colordiffuse>90ffffff</colordiffuse>
                    </control>
                    <control type="image">
                        <posx>493</posx>
                        <posy>143</posy>
                        <width>2</width>
                        <height>1200</height>
                        <texture>list/bg_facade_vertical.png</texture>
                    </control>
                    <control type="image" description="Thumb">
                        <posx>18</posx>
                        <posy>151</posy>
                        <width>470</width>
                        <height>470</height>
                        <include>SquareThumb</include>
                        <include>ThumbBorder</include>
                    </control>
                    <control type="group" description="Media info">
                        <posx>495</posx>
                        <posy>166</posy>
                        <control type="label" description="Title">
                            <posx>TextMargin</posx>
                            <posy>-12</posy>
                            <width>630</width>
                            <height>71</height>
                            <font>InfoTitleFont</font>
                            <textcolor>MainColor</textcolor>
                            <align>left</align>
                            <label>$INFO[ListItem.Label]</label>
                        </control>
                        <control type="image">
                            <posx>0</posx>
                            <posy>0</posy>
                            <width>721</width>
                            <height>73</height>
                            <texture border="3">list/bg_facade_nofocus_top.png</texture>
                        </control>
                        <control type="image" description="Stars">
                            <posx>TextMargin</posx>
                            <posy>92</posy>
                            <include>Stars</include>
                        </control>
                        <control type="label" description="Rating">
                            <posx>245</posx>
                            <posy>73</posy>
                            <width>460</width>
                            <height>71</height>
                            <font>InfoRatingFont</font>
                            <textcolor>AlternateColor</textcolor>
                            <label fallback="416">$INFO[ListItem.Rating]</label>
                        </control>
                        <control type="image">
                            <posx>0</posx>
                            <posy>73</posy>
                            <width>721</width>
                            <height>73</height>
                            <texture border="3">list/bg_facade_nofocus_top.png</texture>
                        </control>
                        <control type="label" description="Details">
                            <posx>TextMargin</posx>
                            <posy>146</posy>
                            <width>630</width>
                            <height>71</height>
                            <font>InfoDetailsFont</font>
                            <textcolor>AlternateColor</textcolor>
                            <label>$VAR[Details]</label>
                        </control>
                        <control type="image">
                            <posx>0</posx>
                            <posy>146</posy>
                            <width>721</width>
                            <height>73</height>
                            <texture border="3">list/bg_facade_nofocus_top.png</texture>
                        </control>
                        <control type="textbox" description="Plot51">
                            <posx>TextMargin</posx>
                            <posy>230</posy>
                            <width>630</width>
                            <height>650</height>
                            <font>InfoPlotFont</font>
                            <textcolor>MainColor</textcolor>
                            <label>$VAR[Plots]</label>
                        </control>
                    </control>
                </control>
            </control>
            <!-- LOWLIST 54 -->
            <control type="group" description="MediaInfo LOWLIST 54">
                <visible>Control.IsVisible(54)+!StringCompare(ListItem.Label,)+[!IsEmpty(ListItem.Property(Artist_Description))|!IsEmpty(ListItem.Property(Album_Description))]+!Container.Content(songs)</visible>
                <include>Icon_Fade</include>
                <control type="group">
                    <posx>0</posx>
                    <posy>479</posy>
                    <control type="image" description="fa overlay">
                        <posx>-795</posx>
                        <posy>90</posy>
                        <width>2058</width>
                        <height>1160</height>
                        <texture border="90">common/bg_tvguide.png</texture>
                    </control>
                    <control type="image">
                        <posx>312</posx>
                        <posy>139</posy>
                        <height>600</height>
                        <width>150</width>
                        <texture>list/bg_strip_horizontal_left.png</texture>
                        <colordiffuse>90ffffff</colordiffuse>
                    </control>
                    <control type="image">
                        <posx>463</posx>
                        <posy>139</posy>
                        <width>2</width>
                        <height>600</height>
                        <texture>list/bg_facade_vertical.png</texture>
                    </control>
                    <control type="image" description="Thumb">
                        <posx>18</posx>
                        <posy>151</posy>
                        <width>440</width>
                        <height>440</height>
                        <include>SquareThumb</include>
                        <include>ThumbBorder</include>
                    </control>
                    <control type="group" description="Media info">
                        <posx>465</posx>
                        <posy>166</posy>
                        <control type="label" description="Title">
                            <posx>TextMargin</posx>
                            <posy>-12</posy>
                            <width>660</width>
                            <height>71</height>
                            <font>InfoTitleFont</font>
                            <textcolor>MainColor</textcolor>
                            <align>left</align>
                            <label>$INFO[ListItem.Label]</label>
                        </control>
                        <control type="image">
                            <posx>0</posx>
                            <posy>0</posy>
                            <width>751</width>
                            <height>73</height>
                            <texture border="3">list/bg_facade_nofocus_top.png</texture>
                        </control>
                        <control type="image" description="Stars">
                            <posx>TextMargin</posx>
                            <posy>92</posy>
                            <include>Stars</include>
                        </control>
                        <control type="label" description="Rating">
                            <posx>245</posx>
                            <posy>73</posy>
                            <width>460</width>
                            <height>71</height>
                            <font>InfoRatingFont</font>
                            <textcolor>AlternateColor</textcolor>
                            <label fallback="416">$INFO[ListItem.Rating]</label>
                        </control>
                        <control type="image">
                            <posx>0</posx>
                            <posy>73</posy>
                            <width>751</width>
                            <height>73</height>
                            <texture border="3">list/bg_facade_nofocus_top.png</texture>
                        </control>
                        <control type="label" description="Details">
                            <posx>TextMargin</posx>
                            <posy>146</posy>
                            <width>660</width>
                            <height>71</height>
                            <font>InfoDetailsFont</font>
                            <textcolor>AlternateColor</textcolor>
                            <label>$VAR[Details]</label>
                        </control>
                        <control type="image">
                            <posx>0</posx>
                            <posy>146</posy>
                            <width>751</width>
                            <height>73</height>
                            <texture border="3">list/bg_facade_nofocus_top.png</texture>
                        </control>
                        <control type="textbox" description="Plot51">
                            <posx>TextMargin</posx>
                            <posy>230</posy>
                            <width>660</width>
                            <height>170</height>
                            <font>InfoPlotFont</font>
                            <textcolor>MainColor</textcolor>
                            <label>$VAR[Plots]</label>
                        </control>
                    </control>
                </control>
            </control>
            <!-- LIST 55 Big Panel -->
            <control type="group" description="MediaInfo Panel 55">
                <visible>Control.IsVisible(55)+!StringCompare(ListItem.Label,)+[!IsEmpty(ListItem.Property(Artist_Description))|!IsEmpty(ListItem.Property(Album_Description))]+!Container.Content(songs)</visible>
                <include>Icon_Fade</include>
                <control type="group">
                    <posx>-567</posx>
                    <posy>0</posy>
                    <control type="image" description="fa overlay">
                        <posx>-795</posx>
                        <posy>90</posy>
                        <width>2058</width>
                        <height>1160</height>
                        <texture border="90">common/bg_tvguide.png</texture>
                    </control>
                    <control type="group" description="Media info">
                        <posx>570</posx>
                        <posy>166</posy>
                        <control type="label" description="Title">
                            <posx>TextMargin</posx>
                            <posy>-12</posy>
                            <width>570</width>
                            <height>71</height>
                            <font>InfoTitleFont</font>
                            <textcolor>MainColor</textcolor>
                            <align>left</align>
                            <label>$INFO[ListItem.Label]</label>
                        </control>
                        <control type="image">
                            <posx>0</posx>
                            <posy>0</posy>
                            <width>646</width>
                            <height>73</height>
                            <texture border="3">list/bg_facade_nofocus_top.png</texture>
                        </control>
                        <control type="image" description="Stars">
                            <posx>TextMargin</posx>
                            <posy>92</posy>
                            <include>Stars</include>
                        </control>
                        <control type="label" description="Rating">
                            <posx>245</posx>
                            <posy>73</posy>
                            <width>480</width>
                            <height>71</height>
                            <font>InfoRatingFont</font>
                            <textcolor>AlternateColor</textcolor>
                            <label fallback="416">$INFO[ListItem.Rating]</label>
                        </control>
                        <control type="image">
                            <posx>0</posx>
                            <posy>73</posy>
                            <width>646</width>
                            <height>73</height>
                            <texture border="3">list/bg_facade_nofocus_top.png</texture>
                        </control>
                        <control type="label" description="Details">
                            <posx>TextMargin</posx>
                            <posy>146</posy>
                            <width>570</width>
                            <height>71</height>
                            <font>InfoDetailsFont</font>
                            <textcolor>AlternateColor</textcolor>
                            <label>$VAR[Details]</label>
                        </control>
                        <control type="image">
                            <posx>0</posx>
                            <posy>146</posy>
                            <width>646</width>
                            <height>73</height>
                            <texture border="3">list/bg_facade_nofocus_top.png</texture>
                        </control>
                        <control type="textbox" description="Plot51">
                            <posx>TextMargin</posx>
                            <posy>230</posy>
                            <width>570</width>
                            <height>610</height>
                            <font>InfoPlotFont</font>
                            <textcolor>MainColor</textcolor>
                            <label>$VAR[Plots]</label>
                        </control>
                    </control>
                </control>
            </control>
        </control>
        <!-- SIDE MENU -->
        <control type="group" description="Side menu 9000 group">
            <include>LeftMenu</include>
            <control type="label">
                <include>LeftMenuTitleLabel</include>
                <label>$LOCALIZE[582]</label>
            </control>
            <control type="grouplist" id="9000">
                <include>LeftMenuButtonGroup</include>
                <onleft>9000</onleft>
                <onright>50</onright>
                <onup>9000</onup>
                <ondown>9000</ondown>
                <onback>50</onback>
                <include>9000GrouplistParameters</include>
                <control type="button" id="3" description="Sort">
                    <include>LeftMenuButton</include>
                </control>
                <control type="togglebutton" id="4" description="Sort direction">
                    <include>LeftMenuButton</include>
                    <label>$LOCALIZE[21429]:  $LOCALIZE[21430]</label>
                    <altlabel>$LOCALIZE[21429]:  $LOCALIZE[21431]</altlabel>
                </control>
                <control type="label" id="9183">
                    <textoffsety>35</textoffsety>
                    <height>69</height>
                    <include>LeftMenuTitleLabel</include>
                    <include>LeftMenuButton</include>
                    <label>$LOCALIZE[1034]</label>
                </control>
                <control type="image" id="9184">
                    <width>577</width>
                    <height>2</height>
                    <texture border="0,0,0,2">list/bg_facade_nofocus_top.png</texture>
                </control>
                <control type="button" id="7" description="Playlists">
                    <include>LeftMenuButton</include>
                    <label>$LOCALIZE[136]</label>
                </control>
                <control type="button" id="19" description="Filter">
                    <include>LeftMenuButton</include>
                    <label>$LOCALIZE[587] $LOCALIZE[31292]</label>
                </control>
                <control type="button" id="697" description="Library">
                    <visible>Library.HasContent(music) | Library.HasContent(musicvideos)</visible>
                    <include>LeftMenuButton</include>
                    <label>$LOCALIZE[1024] $LOCALIZE[14022]</label>
                    <onclick>ActivateWindow(MusicLibrary,root)</onclick>
                </control>
                <control type="radiobutton" id="99">
                    <description>Library button</description>
                    <label>$LOCALIZE[29800]</label>
                    <onclick>ReplaceWindow(MusicFiles)</onclick>
                    <selected>Window.IsVisible(MusicLibrary)</selected>
                    <include>LeftMenuButton</include>
                </control>
                <control type="togglebutton" id="699" description="Playing">
                    <enable>Player.HasMedia</enable>
                    <include>LeftMenuButton</include>
                    <label>$LOCALIZE[16003]</label>
                    <onclick>fullscreen</onclick>
                    <animation effect="fade" start="100" end="60" time="100" condition="!Player.HasMedia">Conditional</animation>
                </control>
            </control>
        </control>
    </controls>
</window>
