<?xml version="1.0" encoding="utf-8"?>
<window>
    <defaultcontrol always="true">50</defaultcontrol>
    <include>OpenClose</include>
    <controls>
        <include>Fanart_Art</include>
        <include>Player_Show</include>
        <include>Time</include>
        <control type="label">
            <include>WindowTitle</include>
            <label>$LOCALIZE[1]</label>
        </control>
        <control type="label">
            <include>WindowTitleSub</include>
            <label>$VAR[GlobalSubTitles]</label>
        </control>
        <control type="group" description="Fix for Plexbmc">
            <include condition="Skin.HasSetting(plexbmc)">PlexbmcFixTrick</include>
            <include>View_50</include>
            <include>View_51_Panel</include>
            <include>View_52_BigList</include>
            <include>View_53_Grid</include>
            <include>View_54_LowList</include>
            <include>View_55_BigPanel</include>
            <include>View_56_BannerList</include>
            <include>View_59_Showcase</include>
            <!-- COMMON -->
            <control type="group" description="COMMON">
                <visible>[Control.IsVisible(50)|Control.IsVisible(51)|Control.IsVisible(52)|Control.IsVisible(54)|Control.IsVisible(55)]</visible>
                <posx>0</posx>
                <posy>479</posy>
                <include>Icon_Fade</include>
                <control type="image" description="Thumb">
                    <posx>18</posx>
                    <posy>151</posy>
                    <width>440</width>
                    <height>440</height>
                    <include>EpisodeThumb</include>
                    <include>ThumbBorder</include>
                </control>
            </control>
        </control>
        <!-- SIDE MENU -->
        <control type="group" description="Side menu 9000 group">
            <include>LeftMenu</include>
            <control type="label">
                <include>LeftMenuTitleLabel</include>
                <label>$LOCALIZE[582]</label>
            </control>
            <control type="grouplist" id="9000">
                <include>LeftMenuButtonGroup</include>
                <onleft>9000</onleft>
                <onright>50</onright>
                <onup>9000</onup>
                <ondown>9000</ondown>
                <onback>50</onback>
                <include>9000GrouplistParameters</include>
                <control type="button" id="3" description="Sort">
                    <include>LeftMenuButton</include>
                </control>
                <control type="togglebutton" id="4" description="SortMode">
                    <include>LeftMenuButton</include>
                    <label>$LOCALIZE[21429]: $LOCALIZE[21430]</label>
                    <altlabel>$LOCALIZE[21429]: $LOCALIZE[21431]</altlabel>
                </control>
                <control type="button" id="6" description="Slideshow">
                    <include>LeftMenuButton</include>
                    <label>$LOCALIZE[108]</label>
                    <visible>!ListItem.IsFolder</visible>
                </control>
                <control type="button" id="7" description="Recursive slideshow">
                    <include>LeftMenuButton</include>
                    <label>$LOCALIZE[13318]</label>
                    <visible>ListItem.IsFolder</visible>
                </control>
                <control type="radiobutton" id="9" description="Randomize">
                    <include>LeftMenuButton</include>
                    <label>$LOCALIZE[13319]</label>
                </control>
                <control type="label" id="9183">
                    <textoffsety>35</textoffsety>
                    <height>69</height>
                    <include>LeftMenuTitleLabel</include>
                    <include>LeftMenuButton</include>
                    <label>$LOCALIZE[1034]</label>
                </control>
                <control type="image" id="9184">
                    <width>577</width>
                    <height>2</height>
                    <texture border="0,0,0,2">list/bg_facade_nofocus_top.png</texture>
                </control>
                <control type="button" id="699" description="Playing">
                    <enable>Player.HasMedia</enable>
                    <include>LeftMenuButton</include>
                    <label>$LOCALIZE[16003]</label>
                    <onclick>fullscreen</onclick>
                </control>
            </control>
        </control>
    </controls>
</window>
