<?xml version="1.0" encoding="utf-8"?>
<window>
    <defaultcontrol always="true">50</defaultcontrol>
    <include>OpenClose</include>
    <controls>
        <control type="group" description="fanart">
            <include>Fanart_Art</include>
        </control>
        <include>Player_Show</include>
        <include>Time</include>
        <control type="label">
            <include>WindowTitle</include>
            <label>$LOCALIZE[0]</label>
        </control>
        <control type="label">
            <include>WindowTitleSub</include>
            <label>$VAR[GlobalSubTitles]</label>
        </control>
        <control type="group" description="Fix for Plexbmc">
            <include condition="Skin.HasSetting(plexbmc)">PlexbmcFixTrick</include>
            <include>View_50</include>
            <include>View_51_Panel</include>
            <include>View_52_BigList</include>
            <include>View_53_Grid</include>
            <include>View_54_LowList</include>
            <include>View_55_BigPanel</include>
            <include>View_56_BannerList</include>
            <!-- Showcase 57,
                        58 & 59 -->
            <include>View_59_Showcase</include>
            <!-- COMMON -->
            <control type="group" description="COMMON">
                <visible>[Control.IsVisible(50)|Control.IsVisible(51)|Control.IsVisible(52)|Control.IsVisible(54)|Control.IsVisible(55)]+IsEmpty(ListItem.Property(Addon.Description))</visible>
                <control type="group" description="Thumbs NO info">
                    <control type="group" description="Generic Thumb">
                        <posy>219</posy>
                        <control type="image" description="Thumb">
                            <posx>18</posx>
                            <posy>411</posy>
                            <width>435</width>
                            <height>435</height>
                            <include>SquareThumb</include>
                            <include>ThumbBorder</include>
                        </control>
                    </control>
                </control>
            </control>
            <!-- LIST 50 -->
            <control type="group" description="50 MediaInfo">
                <visible>Control.IsVisible(50)</visible>
                <include>OpenClose</include>
                <control type="group" description="MediaInfo">
                    <visible>Control.IsVisible(50)+!IsEmpty(ListItem.Property(Addon.Description))</visible>
                    <include>Icon_Fade</include>
                    <control type="group">
                        <posx>0</posx>
                        <posy>260</posy>
                        <control type="image" description="fa overlay">
                            <posx>-795</posx>
                            <posy>90</posy>
                            <width>2058</width>
                            <height>1160</height>
                            <texture border="90">common/bg_tvguide.png</texture>
                        </control>
                        <control type="image">
                            <posx>242</posx>
                            <posy>139</posy>
                            <height>700</height>
                            <width>250</width>
                            <texture>list/bg_strip_horizontal_left.png</texture>
                            <colordiffuse>90ffffff</colordiffuse>
                        </control>
                        <control type="image">
                            <posx>493</posx>
                            <posy>139</posy>
                            <width>2</width>
                            <height>700</height>
                            <texture>list/bg_facade_vertical.png</texture>
                        </control>
                        <control type="image" description="Thumb">
                            <posx>18</posx>
                            <posy>151</posy>
                            <width>470</width>
                            <height>470</height>
                            <include>SquareThumb</include>
                            <include>ThumbBorder</include>
                        </control>
                        <control type="group" description="Media info">
                            <posx>495</posx>
                            <posy>166</posy>
                            <control type="label" description="Title">
                                <posx>TextMargin</posx>
                                <posy>-12</posy>
                                <width>630</width>
                                <height>71</height>
                                <font>InfoTitleFont</font>
                                <textcolor>MainColor</textcolor>
                                <align>left</align>
                                <scroll>false</scroll>
                                <label>$INFO[ListItem.Label]</label>
                            </control>
                            <control type="image">
                                <posx>0</posx>
                                <posy>0</posy>
                                <width>721</width>
                                <height>73</height>
                                <texture border="3">list/bg_facade_nofocus_top.png</texture>
                            </control>
                            <control type="label" description="Version">
                                <posx>TextMargin</posx>
                                <posy>73</posy>
                                <width>630</width>
                                <height>71</height>
                                <font>InfoDetailsFont</font>
                                <textcolor>AlternateColor</textcolor>
                                <label>$INFO[ListItem.Label2,$LOCALIZE[19114] : ]</label>
                            </control>
                            <control type="image">
                                <posx>0</posx>
                                <posy>73</posy>
                                <width>721</width>
                                <height>73</height>
                                <texture border="3">list/bg_facade_nofocus_top.png</texture>
                            </control>
                            <control type="label" description="Details">
                                <posx>TextMargin</posx>
                                <posy>146</posy>
                                <width>630</width>
                                <height>71</height>
                                <font>InfoDetailsFont</font>
                                <textcolor>AlternateColor</textcolor>
                                <scroll>false</scroll>
                                <label>$VAR[Details]</label>
                            </control>
                            <control type="image">
                                <posx>0</posx>
                                <posy>146</posy>
                                <width>721</width>
                                <height>73</height>
                                <texture border="3">list/bg_facade_nofocus_top.png</texture>
                            </control>
                            <control type="textbox" description="Plot51">
                                <posx>TextMargin</posx>
                                <posy>230</posy>
                                <width>630</width>
                                <height>370</height>
                                <font>InfoPlotFont</font>
                                <textcolor>MainColor</textcolor>
                                <label>$VAR[Plots]</label>
                            </control>
                        </control>
                    </control>
                </control>
            </control>
            <!-- LIST 51 Panel -->
            <control type="group" description="51 MediaInfo">
                <visible>Control.IsVisible(51)</visible>
                <include>OpenClose</include>
                <control type="group" description="Media info">
                    <visible>Control.IsVisible(51)+!IsEmpty(ListItem.Property(Addon.Description))</visible>
                    <include>Icon_Fade</include>
                    <posx>-567</posx>
                    <posy>260</posy>
                    <control type="image" description="fa overlay">
                        <posx>-795</posx>
                        <posy>90</posy>
                        <width>2058</width>
                        <height>1160</height>
                        <texture border="90">common/bg_tvguide.png</texture>
                    </control>
                    <control type="group" description="Media info">
                        <posx>570</posx>
                        <posy>166</posy>
                        <control type="label" description="Title">
                            <posx>TextMargin</posx>
                            <posy>-12</posy>
                            <width>570</width>
                            <height>71</height>
                            <font>InfoTitleFont</font>
                            <textcolor>MainColor</textcolor>
                            <align>left</align>
                            <label>$INFO[ListItem.Label]</label>
                        </control>
                        <control type="image">
                            <posx>0</posx>
                            <posy>0</posy>
                            <width>646</width>
                            <height>73</height>
                            <texture border="3">list/bg_facade_nofocus_top.png</texture>
                        </control>
                        <control type="label" description="Details">
                            <posx>TextMargin</posx>
                            <posy>73</posy>
                            <width>570</width>
                            <height>71</height>
                            <font>InfoDetailsFont</font>
                            <textcolor>AlternateColor</textcolor>
                            <label>$INFO[ListItem.Label2,$LOCALIZE[19114] : ]</label>
                        </control>
                        <control type="image">
                            <posx>0</posx>
                            <posy>73</posy>
                            <width>646</width>
                            <height>73</height>
                            <texture border="3">list/bg_facade_nofocus_top.png</texture>
                        </control>
                        <control type="label" description="Details">
                            <posx>TextMargin</posx>
                            <posy>146</posy>
                            <width>570</width>
                            <height>71</height>
                            <font>InfoDetailsFont</font>
                            <textcolor>AlternateColor</textcolor>
                            <label>$VAR[Details]</label>
                        </control>
                        <control type="image">
                            <posx>0</posx>
                            <posy>146</posy>
                            <width>646</width>
                            <height>73</height>
                            <texture border="3">list/bg_facade_nofocus_top.png</texture>
                        </control>
                        <control type="textbox" description="Plot51">
                            <posx>TextMargin</posx>
                            <posy>230</posy>
                            <width>570</width>
                            <height>370</height>
                            <font>InfoPlotFont</font>
                            <textcolor>MainColor</textcolor>
                            <label>$VAR[Plots]</label>
                        </control>
                    </control>
                </control>
            </control>
            <!-- LIST 52 BigList -->
            <control type="group" description="52 MediaInfo">
                <visible>Control.IsVisible(52)</visible>
                <include>OpenClose</include>
                <control type="group" description="MediaInfo">
                    <visible>Control.IsVisible(52)+!IsEmpty(ListItem.Property(Addon.Description))</visible>
                    <include>Icon_Fade</include>
                    <control type="group">
                        <control type="image" description="fa overlay">
                            <posx>-795</posx>
                            <posy>94</posy>
                            <width>2058</width>
                            <height>1160</height>
                            <texture border="90">common/bg_tvguide.png</texture>
                        </control>
                        <control type="image">
                            <posx>242</posx>
                            <posy>143</posy>
                            <height>1200</height>
                            <width>250</width>
                            <texture>list/bg_strip_horizontal_left.png</texture>
                            <colordiffuse>90ffffff</colordiffuse>
                        </control>
                        <control type="image">
                            <posx>493</posx>
                            <posy>143</posy>
                            <width>2</width>
                            <height>1200</height>
                            <texture>list/bg_facade_vertical.png</texture>
                        </control>
                        <control type="image" description="Thumb">
                            <posx>18</posx>
                            <posy>151</posy>
                            <width>470</width>
                            <height>470</height>
                            <include>SquareThumb</include>
                            <include>ThumbBorder</include>
                        </control>
                        <control type="group" description="Media info">
                            <posx>495</posx>
                            <posy>166</posy>
                            <control type="label" description="Title">
                                <posx>TextMargin</posx>
                                <posy>-12</posy>
                                <width>630</width>
                                <height>71</height>
                                <font>InfoTitleFont</font>
                                <textcolor>MainColor</textcolor>
                                <align>left</align>
                                <label>$INFO[ListItem.Label]</label>
                            </control>
                            <control type="image">
                                <posx>0</posx>
                                <posy>0</posy>
                                <width>721</width>
                                <height>73</height>
                                <texture border="3">list/bg_facade_nofocus_top.png</texture>
                            </control>
                            <control type="label" description="Details">
                                <posx>TextMargin</posx>
                                <posy>73</posy>
                                <width>630</width>
                                <height>71</height>
                                <font>InfoDetailsFont</font>
                                <textcolor>AlternateColor</textcolor>
                                <label>$INFO[ListItem.Label2,$LOCALIZE[19114] : ]</label>
                            </control>
                            <control type="image">
                                <posx>0</posx>
                                <posy>73</posy>
                                <width>721</width>
                                <height>73</height>
                                <texture border="3">list/bg_facade_nofocus_top.png</texture>
                            </control>
                            <control type="label" description="Details">
                                <posx>TextMargin</posx>
                                <posy>146</posy>
                                <width>630</width>
                                <height>71</height>
                                <font>InfoDetailsFont</font>
                                <textcolor>AlternateColor</textcolor>
                                <label>$VAR[Details]</label>
                            </control>
                            <control type="image">
                                <posx>0</posx>
                                <posy>146</posy>
                                <width>721</width>
                                <height>73</height>
                                <texture border="3">list/bg_facade_nofocus_top.png</texture>
                            </control>
                            <control type="textbox" description="Plot51">
                                <posx>TextMargin</posx>
                                <posy>230</posy>
                                <width>630</width>
                                <height>650</height>
                                <font>InfoPlotFont</font>
                                <textcolor>MainColor</textcolor>
                                <label>$VAR[Plots]</label>
                            </control>
                        </control>
                    </control>
                </control>
            </control>
            <!-- LIST 54 Low List -->
            <control type="group" description="54 MediaInfo">
                <visible>Control.IsVisible(54)</visible>
                <include>OpenClose</include>
                <control type="group" description="MediaInfo">
                    <visible>Control.IsVisible(54)+!IsEmpty(ListItem.Property(Addon.Description))</visible>
                    <include>Icon_Fade</include>
                    <control type="group">
                        <posx>0</posx>
                        <posy>479</posy>
                        <control type="image" description="fa overlay">
                            <posx>-795</posx>
                            <posy>90</posy>
                            <width>2058</width>
                            <height>1160</height>
                            <texture border="90">common/bg_tvguide.png</texture>
                        </control>
                        <control type="image">
                            <posx>312</posx>
                            <posy>139</posy>
                            <height>600</height>
                            <width>150</width>
                            <texture>list/bg_strip_horizontal_left.png</texture>
                            <colordiffuse>90ffffff</colordiffuse>
                        </control>
                        <control type="image">
                            <posx>463</posx>
                            <posy>139</posy>
                            <width>2</width>
                            <height>600</height>
                            <texture>list/bg_facade_vertical.png</texture>
                        </control>
                        <control type="image" description="Thumb">
                            <posx>18</posx>
                            <posy>151</posy>
                            <width>440</width>
                            <height>440</height>
                            <include>SquareThumb</include>
                            <include>ThumbBorder</include>
                        </control>
                        <control type="group" description="Media info">
                            <posx>465</posx>
                            <posy>166</posy>
                            <control type="label" description="Title">
                                <posx>TextMargin</posx>
                                <posy>-12</posy>
                                <width>660</width>
                                <height>71</height>
                                <font>InfoTitleFont</font>
                                <textcolor>MainColor</textcolor>
                                <align>left</align>
                                <label>$INFO[ListItem.Label]</label>
                            </control>
                            <control type="image">
                                <posx>0</posx>
                                <posy>0</posy>
                                <width>751</width>
                                <height>73</height>
                                <texture border="3">list/bg_facade_nofocus_top.png</texture>
                            </control>
                            <control type="label" description="Details">
                                <posx>TextMargin</posx>
                                <posy>73</posy>
                                <width>660</width>
                                <height>71</height>
                                <font>InfoDetailsFont</font>
                                <textcolor>AlternateColor</textcolor>
                                <label>$INFO[ListItem.Label2,$LOCALIZE[19114] : ]</label>
                            </control>
                            <control type="image">
                                <posx>0</posx>
                                <posy>73</posy>
                                <width>751</width>
                                <height>73</height>
                                <texture border="3">list/bg_facade_nofocus_top.png</texture>
                            </control>
                            <control type="label" description="Details">
                                <posx>TextMargin</posx>
                                <posy>146</posy>
                                <width>660</width>
                                <height>71</height>
                                <font>InfoDetailsFont</font>
                                <textcolor>AlternateColor</textcolor>
                                <label>$VAR[Details]</label>
                            </control>
                            <control type="image">
                                <posx>0</posx>
                                <posy>146</posy>
                                <width>751</width>
                                <height>73</height>
                                <texture border="3">list/bg_facade_nofocus_top.png</texture>
                            </control>
                            <control type="textbox" description="Plot51">
                                <posx>TextMargin</posx>
                                <posy>230</posy>
                                <width>660</width>
                                <height>170</height>
                                <font>InfoPlotFont</font>
                                <textcolor>MainColor</textcolor>
                                <label>$VAR[Plots]</label>
                            </control>
                        </control>
                    </control>
                </control>
            </control>
            <!-- LIST 55 Big Panel -->
            <control type="group" description="55">
                <visible>Control.IsVisible(55)</visible>
                <include>OpenClose</include>
                <control type="group" description="MediaInfo">
                    <visible>Control.IsVisible(55)+!IsEmpty(ListItem.Property(Addon.Description))</visible>
                    <include>Icon_Fade</include>
                    <control type="group">
                        <posx>-567</posx>
                        <posy>0</posy>
                        <control type="image" description="fa overlay">
                            <posx>-795</posx>
                            <posy>90</posy>
                            <width>2058</width>
                            <height>1160</height>
                            <texture border="90">common/bg_tvguide.png</texture>
                        </control>
                        <control type="group" description="Media info">
                            <posx>570</posx>
                            <posy>166</posy>
                            <control type="label" description="Title">
                                <posx>TextMargin</posx>
                                <posy>-12</posy>
                                <width>570</width>
                                <height>71</height>
                                <font>InfoTitleFont</font>
                                <textcolor>MainColor</textcolor>
                                <align>left</align>
                                <label>$INFO[ListItem.Label]</label>
                            </control>
                            <control type="image">
                                <posx>0</posx>
                                <posy>0</posy>
                                <width>646</width>
                                <height>73</height>
                                <texture border="3">list/bg_facade_nofocus_top.png</texture>
                            </control>
                            <control type="label" description="Details">
                                <posx>TextMargin</posx>
                                <posy>73</posy>
                                <width>570</width>
                                <height>71</height>
                                <font>InfoDetailsFont</font>
                                <textcolor>AlternateColor</textcolor>
                                <label>$INFO[ListItem.Label2,$LOCALIZE[19114] : ]</label>
                            </control>
                            <control type="image">
                                <posx>0</posx>
                                <posy>73</posy>
                                <width>646</width>
                                <height>73</height>
                                <texture border="3">list/bg_facade_nofocus_top.png</texture>
                            </control>
                            <control type="label" description="Details">
                                <posx>TextMargin</posx>
                                <posy>146</posy>
                                <width>570</width>
                                <height>71</height>
                                <font>InfoDetailsFont</font>
                                <textcolor>AlternateColor</textcolor>
                                <label>$VAR[Details]</label>
                            </control>
                            <control type="image">
                                <posx>0</posx>
                                <posy>146</posy>
                                <width>646</width>
                                <height>73</height>
                                <texture border="3">list/bg_facade_nofocus_top.png</texture>
                            </control>
                            <control type="textbox" description="Plot51">
                                <posx>TextMargin</posx>
                                <posy>230</posy>
                                <width>570</width>
                                <height>610</height>
                                <font>InfoPlotFont</font>
                                <textcolor>MainColor</textcolor>
                                <label>$VAR[Plots]</label>
                            </control>
                        </control>
                    </control>
                </control>
            </control>
        </control>
        <!-- SIDE MENU -->
        <control type="group" description="Side menu 9000 group">
            <include>LeftMenu</include>
            <control type="label">
                <include>LeftMenuTitleLabel</include>
                <label>$LOCALIZE[582]</label>
            </control>
            <control type="grouplist" id="9000">
                <include>LeftMenuButtonGroup</include>
                <onleft>9000</onleft>
                <onright>50</onright>
                <onup>9000</onup>
                <ondown>9000</ondown>
                <onback>50</onback>
                <include>9000GrouplistParameters</include>
                <control type="button" id="3" description="Sort">
                    <include>LeftMenuButton</include>
                </control>
                <control type="togglebutton" id="4" description="SortMode">
                    <alttexturenofocus>-</alttexturenofocus>
                    <include>LeftMenuButton</include>
                    <label>$LOCALIZE[21429]: $LOCALIZE[21430]</label>
                    <altlabel>$LOCALIZE[21429]: $LOCALIZE[21431]</altlabel>
                </control>
                <control type="label" id="9183">
                    <textoffsety>35</textoffsety>
                    <height>69</height>
                    <include>LeftMenuTitleLabel</include>
                    <include>LeftMenuButton</include>
                    <label>$LOCALIZE[1034]</label>
                </control>
                <control type="image" id="9184">
                    <width>577</width>
                    <height>2</height>
                    <texture border="0,0,0,2">list/bg_facade_nofocus_top.png</texture>
                </control>
                <control type="button" id="699" description="Playing">
                    <enable>Player.HasMedia</enable>
                    <include>LeftMenuButton</include>
                    <label>$LOCALIZE[16003]</label>
                    <onclick>fullscreen</onclick>
                </control>
            </control>
        </control>
    </controls>
</window>
