<?xml version="1.0" encoding="utf-8"?>
<window>
    <defaultcontrol>32</defaultcontrol>
    <allowoverlay>no</allowoverlay>
    <include>OpenClose</include>
    <controls>
        <control type="group" description="fanart">
            <!-- <visible>!Player.HasVideo</visible> -->
            <include>Pvr_Art</include>
        </control>
        <include>Player_Show</include>
        <include>Time</include>
        <control type="label">
            <include>WindowTitle</include>
            <label>$LOCALIZE[31500]</label>
        </control>
        <control type="group" id="50">
            <include>OpenClose</include>
            <include>EPGTimelineView</include>
            <!-- view id = 10 -->
            <include>LiveTVChannelView</include>
            <!-- view id = 11 -->
            <include>LiveRadioChannelView</include>
            <!-- view id = 12 -->
            <include>LiveTVRecordingsView</include>
            <!-- view id = 13 -->
            <include>LiveTVTimersView</include>
            <!-- view id = 14 -->
            <include>LiveTVGuideChannelView</include>
            <!-- view id = 15 -->
            <include>LiveTVGuideNowNextView</include>
            <!-- view id = 16 -->
            <include>LiveTVSearchView</include>
            <!-- view id = 17 -->
        </control>
        <control type="group" description="Side menu">
            <include>LeftMenu</include>
            <control type="label">
                <include>LeftMenuTitleLabel</include>
                <label>$LOCALIZE[582]</label>
            </control>
            <control type="grouplist" id="9000">
                <include>LeftMenuButtonGroup</include>
                <onleft>9000</onleft>
                <onright>50</onright>
                <onup>9000</onup>
                <ondown>9000</ondown>
                <onback>50</onback>
                <control type="togglebutton" id="32" description="TV Channels">
                    <include>LeftMenuButton</include>
                    <label>$LOCALIZE[19023]</label>
                </control>
                <control type="button" id="33" description="TV Radio">
                    <include>LeftMenuButton</include>
                    <label>$LOCALIZE[19024]</label>
                </control>
                <control type="button" id="34" description="Recordings">
                    <include>LeftMenuButton</include>
                    <label>$LOCALIZE[19163]</label>
                </control>
                <control type="button" id="35" description="Timers">
                    <include>LeftMenuButton</include>
                    <label>$LOCALIZE[19040]</label>
                </control>
                <control type="button" id="36" description="Search">
                    <include>LeftMenuButton</include>
                    <label>$LOCALIZE[137]</label>
                </control>
                <control type="button" id="31" description="TV Guide">
                    <include>LeftMenuButton</include>
                    <label>$LOCALIZE[19222]: $LOCALIZE[19030]</label>
                </control>
            </control>
        </control>
    </controls>
</window>
