<?xml version="1.0" encoding="utf-8"?>
<window>
    <defaultcontrol always="true">50</defaultcontrol>
    <onload condition="Skin.HasSetting(TVTunes.Enabled) + System.HasAddon(script.tvtunes)">XBMC.RunScript(script.tvtunes,backend=True&amp;loop=False)</onload>
    <include>OpenClose</include>
    <controls>
        <include>Fanart_Art</include>
        <include>Player_Show</include>
        <include>Time</include>
        <control type="label">
            <include>WindowTitle</include>
            <label>$LOCALIZE[3]</label>
        </control>
        <control type="label">
            <include>WindowTitleSub</include>
            <label>$VAR[GlobalSubTitles]</label>
        </control>
        <control type="group" description="Fix for Plexbmc">
            <include condition="Skin.HasSetting(plexbmc)">PlexbmcFixTrick</include>
            <!-- COMMON -->
            <control type="group" description="COMMON">
                <visible>[Control.IsVisible(50)|Control.IsVisible(51)|Control.IsVisible(52)|Control.IsVisible(54)|Control.IsVisible(55)]</visible>
                <control type="group" description="Thumbs NO info">
                    <visible>![Container.Content(musicvideos) | Container.Content(movies) | container.content(tvshows) | container.content(seasons) | container.content(episodes)]</visible>
                    <include>Icon_Fade</include>
                    <control type="group" description="Poster" id="70050">
                        <posy>219</posy>
                        <visible>SubString(Container.FolderPath,videodb://movies/titles/,left) | SubString(Container.FolderPath,videodb://recentlyaddedmovies/,left) | container.content(actors)</visible>
                        <include>Icon_Fade</include>
                        <control type="image" description="Thumb">
                            <posx>18</posx>
                            <posy>411</posy>
                            <width>318</width>
                            <height>435</height>
                            <include>PosterThumb</include>
                            <include>ThumbBorder</include>
                        </control>
                    </control>
                    <control type="group" description="Generic Thumb">
                        <posy>219</posy>
                        <visible>![SubString(Container.FolderPath,videodb://movies/titles/,left) | SubString(Container.FolderPath,videodb://recentlyaddedmovies/,left) | container.content(actors)]</visible>
                        <include>Icon_Fade</include>
                        <control type="image" description="Thumb">
                            <posx>18</posx>
                            <posy>411</posy>
                            <width>435</width>
                            <height>435</height>
                            <include>SquareThumb</include>
                            <include>ThumbBorder</include>
                        </control>
                    </control>
                </control>
            </control>
            <!-- LIST 50 -->
            <control type="group" description="50 MediaInfo">
                <visible>Control.IsVisible(50)</visible>
                <include>OpenClose</include>
                <include>View_50</include>
                <control type="group" description="MediaInfo">
                    <visible>[Container.Content(musicvideos) | Container.Content(movies) | container.content(tvshows) | Container.Content(Seasons) | container.content(episodes)]+!StringCompare(ListItem.Title,)</visible>
                    <include>Icon_Fade</include>
                    <control type="group" description="Movies and shows">
                        <visible>!container.content(episodes)</visible>
                        <include>Icon_Fade</include>
                        <control type="image" description="fa overlay">
                            <visible>!Container.Content(seasons)</visible>
                            <include>Icon_Fade</include>
                            <posx>-795</posx>
                            <posy>350</posy>
                            <width>2058</width>
                            <height>900</height>
                            <texture border="90">common/bg_tvguide.png</texture>
                        </control>
                        <control type="image">
                            <posx>242</posx>
                            <posy>399</posy>
                            <height>700</height>
                            <width>250</width>
                            <texture>list/bg_strip_horizontal_left.png</texture>
                            <colordiffuse>90ffffff</colordiffuse>
                        </control>
                        <control type="image">
                            <posx>493</posx>
                            <posy>399</posy>
                            <width>2</width>
                            <height>700</height>
                            <texture>list/bg_facade_vertical.png</texture>
                        </control>
                        <control type="image" description="Thumb">
                            <posx>18</posx>
                            <posy>411</posy>
                            <width>470</width>
                            <height>654</height>
                            <include>PosterThumb</include>
                            <include>ThumbBorder</include>
                        </control>
                        <control type="group" description="Media info">
                            <visible>!Container.Content(seasons)</visible>
                            <include>Icon_Fade</include>
                            <posx>495</posx>
                            <posy>426</posy>
                            <control type="label" description="Title">
                                <posx>TextMargin</posx>
                                <posy>-12</posy>
                                <width>631</width>
                                <height>71</height>
                                <font>InfoTitleFont</font>
                                <textcolor>MainColor</textcolor>
                                <align>left</align>
                                <scroll>false</scroll>
                                <label>$INFO[ListItem.Title]</label>
                            </control>
                            <control type="image">
                                <posx>0</posx>
                                <posy>0</posy>
                                <width>721</width>
                                <height>73</height>
                                <texture border="3">list/bg_facade_nofocus_top.png</texture>
                            </control>
                            <control type="image" description="Stars">
                                <posx>TextMargin</posx>
                                <posy>92</posy>
                                <include>Stars</include>
                            </control>
                            <control type="label" description="Rating">
                                <posx>245</posx>
                                <posy>73</posy>
                                <width>460</width>
                                <height>71</height>
                                <font>InfoRatingFont</font>
                                <textcolor>AlternateColor</textcolor>
                                <scroll>false</scroll>
                                <label fallback="416">$INFO[ListItem.Rating]</label>
                            </control>
                            <control type="image" description="3D badge">
                                <visible>ListItem.IsStereoscopic</visible>
                                <posx>556</posx>
                                <posy>95</posy>
                                <height>30</height>
                                <width>54</width>
                                <aspectratio aligny="bottom" align="right">keep</aspectratio>
                                <texture>badges/3D.png</texture>
                            </control>
                            <control type="image" description="HD badge">
                                <visible>![ListItem.IsFolder | IsEmpty(ListItem.VideoResolution) | !IntegerGreaterThan(ListItem.VideoResolution,710)]</visible>
                                <posx>621</posx>
                                <posy>95</posy>
                                <height>30</height>
                                <width>54</width>
                                <aspectratio aligny="bottom" align="right">keep</aspectratio>
                                <texture>badges/HD.png</texture>
                            </control>
                            <control type="image">
                                <posx>0</posx>
                                <posy>73</posy>
                                <width>721</width>
                                <height>73</height>
                                <texture border="3">list/bg_facade_nofocus_top.png</texture>
                            </control>
                            <control type="label" description="Details">
                                <posx>TextMargin</posx>
                                <posy>146</posy>
                                <width>631</width>
                                <height>71</height>
                                <font>InfoDetailsFont</font>
                                <textcolor>AlternateColor</textcolor>
                                <scroll>false</scroll>
                                <label>$VAR[Details]</label>
                            </control>
                            <control type="image">
                                <posx>0</posx>
                                <posy>146</posy>
                                <width>721</width>
                                <height>73</height>
                                <texture border="3">list/bg_facade_nofocus_top.png</texture>
                            </control>
                            <control type="textbox" description="Plot51">
                                <posx>TextMargin</posx>
                                <posy>230</posy>
                                <width>631</width>
                                <height>375</height>
                                <font>InfoPlotFont</font>
                                <textcolor>MainColor</textcolor>
                                <label>$VAR[Plots]</label>
                            </control>
                        </control>
                    </control>
                    <control type="group" description="Episodes only">
                        <visible>container.content(episodes)</visible>
                        <include>Icon_Fade</include>
                        <control type="image" description="fa overlay">
                            <include>Icon_Fade</include>
                            <posx>-795</posx>
                            <posy>350</posy>
                            <width>2058</width>
                            <height>900</height>
                            <texture border="90">common/bg_tvguide.png</texture>
                        </control>
                        <control type="image">
                            <posx>242</posx>
                            <posy>399</posy>
                            <height>700</height>
                            <width>250</width>
                            <texture>list/bg_strip_horizontal_left.png</texture>
                            <colordiffuse>90ffffff</colordiffuse>
                        </control>
                        <control type="image">
                            <posx>493</posx>
                            <posy>399</posy>
                            <width>2</width>
                            <height>700</height>
                            <texture>list/bg_facade_vertical.png</texture>
                        </control>
                        <control type="image" description="Thumb">
                            <posx>18</posx>
                            <posy>411</posy>
                            <width>470</width>
                            <height>288</height>
                            <include>EpisodeThumb</include>
                            <include>ThumbBorder</include>
                        </control>
                        <control type="group" description="Media info">
                            <posx>495</posx>
                            <posy>426</posy>
                            <control type="label" description="Title">
                                <posx>TextMargin</posx>
                                <posy>-12</posy>
                                <width>630</width>
                                <height>71</height>
                                <font>InfoTitleFont</font>
                                <textcolor>MainColor</textcolor>
                                <align>left</align>
                                <scroll>false</scroll>
                                <label>$INFO[ListItem.Title]</label>
                            </control>
                            <control type="image">
                                <posx>0</posx>
                                <posy>0</posy>
                                <width>721</width>
                                <height>73</height>
                                <texture border="3">list/bg_facade_nofocus_top.png</texture>
                            </control>
                            <control type="image" description="Stars">
                                <posx>TextMargin</posx>
                                <posy>92</posy>
                                <include>Stars</include>
                            </control>
                            <control type="label" description="Rating">
                                <posx>245</posx>
                                <posy>73</posy>
                                <width>420</width>
                                <height>71</height>
                                <font>InfoRatingFont</font>
                                <textcolor>AlternateColor</textcolor>
                                <scroll>false</scroll>
                                <label fallback="416">$INFO[ListItem.Rating]</label>
                            </control>
                            <control type="image" description="3D badge">
                                <visible>ListItem.IsStereoscopic</visible>
                                <posx>556</posx>
                                <posy>95</posy>
                                <height>30</height>
                                <width>54</width>
                                <aspectratio aligny="bottom" align="right">keep</aspectratio>
                                <texture>badges/3D.png</texture>
                            </control>
                            <control type="image" description="HD badge">
                                <visible>![ListItem.IsFolder | IsEmpty(ListItem.VideoResolution) | !IntegerGreaterThan(ListItem.VideoResolution,710)]</visible>
                                <posx>621</posx>
                                <posy>95</posy>
                                <height>30</height>
                                <width>54</width>
                                <aspectratio aligny="bottom" align="right">keep</aspectratio>
                                <texture>badges/HD.png</texture>
                            </control>
                            <control type="image">
                                <posx>0</posx>
                                <posy>73</posy>
                                <width>721</width>
                                <height>73</height>
                                <texture border="3">list/bg_facade_nofocus_top.png</texture>
                            </control>
                            <control type="label" description="Season">
                                <posx>TextMargin</posx>
                                <posy>146</posy>
                                <width>630</width>
                                <height>71</height>
                                <font>InfoDetailsFont</font>
                                <textcolor>MainColor</textcolor>
                                <scroll>false</scroll>
                                <label>$LOCALIZE[20373] $INFO[ListItem.Season]  •  $LOCALIZE[20359] $INFO[ListItem.Episode]</label>
                            </control>
                            <control type="image">
                                <posx>0</posx>
                                <posy>146</posy>
                                <width>721</width>
                                <height>73</height>
                                <texture border="3">list/bg_facade_nofocus_top.png</texture>
                            </control>
                            <control type="label" description="Details">
                                <posx>TextMargin</posx>
                                <posy>219</posy>
                                <width>630</width>
                                <height>71</height>
                                <font>InfoDetailsFont</font>
                                <textcolor>AlternateColor</textcolor>
                                <scroll>false</scroll>
                                <label>$VAR[Details]</label>
                            </control>
                            <control type="image">
                                <posx>0</posx>
                                <posy>219</posy>
                                <width>721</width>
                                <height>73</height>
                                <texture border="3">list/bg_facade_nofocus_top.png</texture>
                            </control>
                            <control type="textbox" description="Plot51">
                                <posx>TextMargin</posx>
                                <posy>306</posy>
                                <width>630</width>
                                <height>290</height>
                                <font>InfoPlotFont</font>
                                <textcolor>MainColor</textcolor>
                                <label>$VAR[Plots]</label>
                            </control>
                        </control>
                    </control>
                </control>
            </control>
            <!-- LIST 51 Panel -->
            <control type="group" description="51 MediaInfo">
                <visible>Control.IsVisible(51)</visible>
                <include>OpenClose</include>
                <include>View_51_Panel</include>
                <control type="group" description="Media info">
                    <visible>[Container.Content(musicvideos) | Container.Content(movies) | container.content(tvshows) | Container.Content(Seasons) | container.content(episodes)]+!StringCompare(ListItem.Title,)</visible>
                    <include>Icon_Fade</include>
                    <posx>5</posx>
                    <posy>426</posy>
                    <control type="image" description="fa overlay">
                        <posx>-1367</posx>
                        <posy>-76</posy>
                        <width>2058</width>
                        <height>900</height>
                        <texture border="90">common/bg_tvguide.png</texture>
                    </control>
                    <control type="label" description="Title">
                        <posx>TextMargin</posx>
                        <posy>-12</posy>
                        <width>560</width>
                        <height>71</height>
                        <font>InfoTitleFont</font>
                        <textcolor>MainColor</textcolor>
                        <align>left</align>
                        <scroll>false</scroll>
                        <label>$INFO[ListItem.Label]</label>
                    </control>
                    <control type="image">
                        <posx>0</posx>
                        <posy>0</posy>
                        <width>645</width>
                        <height>73</height>
                        <texture border="3">list/bg_facade_nofocus_top.png</texture>
                    </control>
                    <control type="image" description="Stars">
                        <posx>TextMargin</posx>
                        <posy>92</posy>
                        <include>Stars</include>
                    </control>
                    <control type="label" description="Rating">
                        <posx>245</posx>
                        <posy>73</posy>
                        <width>370</width>
                        <height>71</height>
                        <font>InfoRatingFont</font>
                        <textcolor>AlternateColor</textcolor>
                        <scroll>false</scroll>
                        <label fallback="416">$INFO[ListItem.Rating]</label>
                    </control>
                    <control type="image" description="3D badge">
                        <visible>ListItem.IsStereoscopic</visible>
                        <posx>486</posx>
                        <posy>95</posy>
                        <height>30</height>
                        <width>54</width>
                        <aspectratio aligny="bottom" align="right">keep</aspectratio>
                        <texture>badges/3D.png</texture>
                    </control>
                    <control type="image" description="HD badge">
                        <visible>![ListItem.IsFolder | IsEmpty(ListItem.VideoResolution) | !IntegerGreaterThan(ListItem.VideoResolution,710)]</visible>
                        <posx>551</posx>
                        <posy>95</posy>
                        <height>30</height>
                        <width>54</width>
                        <aspectratio aligny="bottom" align="right">keep</aspectratio>
                        <texture>badges/HD.png</texture>
                    </control>
                    <control type="image">
                        <posx>0</posx>
                        <posy>73</posy>
                        <width>645</width>
                        <height>73</height>
                        <texture border="3">list/bg_facade_nofocus_top.png</texture>
                    </control>
                    <control type="label" description="Details">
                        <posx>TextMargin</posx>
                        <posy>146</posy>
                        <width>560</width>
                        <height>71</height>
                        <font>InfoDetailsFont</font>
                        <textcolor>AlternateColor</textcolor>
                        <scroll>false</scroll>
                        <label>$VAR[Details]</label>
                    </control>
                    <control type="image">
                        <posx>0</posx>
                        <posy>146</posy>
                        <width>645</width>
                        <height>73</height>
                        <texture border="3">list/bg_facade_nofocus_top.png</texture>
                    </control>
                    <control type="textbox" description="Plot51">
                        <posx>TextMargin</posx>
                        <posy>230</posy>
                        <width>560</width>
                        <height>375</height>
                        <font>InfoPlotFont</font>
                        <textcolor>MainColor</textcolor>
                        <label>$VAR[Plots]</label>
                    </control>
                    <control type="label" description="Addon version">
                        <visible>Container.Content(addons)</visible>
                        <posy>624</posy>
                        <width>800</width>
                        <height>33</height>
                        <font>Details</font>
                        <label>$INFO[ListItem.Label2,$LOCALIZE[19114] : ]</label>
                    </control>
                </control>
            </control>
            <!-- LIST 52 BigList -->
            <control type="group" description="51 MediaInfo">
                <visible>Control.IsVisible(52)</visible>
                <include>OpenClose</include>
                <include>View_52_BigList</include>
                <control type="group" description="MediaInfo">
                    <visible>[Container.Content(musicvideos) | Container.Content(movies) | container.content(tvshows) | Container.Content(Seasons) | container.content(episodes)]+!StringCompare(ListItem.Title,)</visible>
                    <include>Icon_Fade</include>
                    <control type="group" description="Movies and shows">
                        <visible>!container.content(episodes)</visible>
                        <include>Icon_Fade</include>
                        <control type="image" description="fa overlay">
                            <posx>-795</posx>
                            <posy>94</posy>
                            <width>2058</width>
                            <height>1160</height>
                            <texture border="90">common/bg_tvguide.png</texture>
                        </control>
                        <control type="image">
                            <posx>242</posx>
                            <posy>143</posy>
                            <height>1200</height>
                            <width>250</width>
                            <texture>list/bg_strip_horizontal_left.png</texture>
                            <colordiffuse>90ffffff</colordiffuse>
                        </control>
                        <control type="image">
                            <posx>493</posx>
                            <posy>143</posy>
                            <width>2</width>
                            <height>1200</height>
                            <texture>list/bg_facade_vertical.png</texture>
                        </control>
                        <control type="image" description="Thumb">
                            <posx>18</posx>
                            <posy>151</posy>
                            <width>470</width>
                            <height>654</height>
                            <include>PosterThumb</include>
                            <include>ThumbBorder</include>
                        </control>
                        <control type="group" description="Media info">
                            <visible>!Container.Content(seasons)</visible>
                            <posx>495</posx>
                            <posy>166</posy>
                            <control type="label" description="Title">
                                <posx>TextMargin</posx>
                                <posy>-12</posy>
                                <width>630</width>
                                <height>71</height>
                                <font>InfoTitleFont</font>
                                <textcolor>MainColor</textcolor>
                                <align>left</align>
                                <scroll>false</scroll>
                                <label>$INFO[ListItem.Title]</label>
                            </control>
                            <control type="image">
                                <posx>0</posx>
                                <posy>0</posy>
                                <width>721</width>
                                <height>73</height>
                                <texture border="3">list/bg_facade_nofocus_top.png</texture>
                            </control>
                            <control type="image" description="Stars">
                                <posx>TextMargin</posx>
                                <posy>92</posy>
                                <include>Stars</include>
                            </control>
                            <control type="label" description="Rating">
                                <posx>245</posx>
                                <posy>73</posy>
                                <width>460</width>
                                <height>71</height>
                                <font>InfoRatingFont</font>
                                <textcolor>AlternateColor</textcolor>
                                <scroll>false</scroll>
                                <label fallback="416">$INFO[ListItem.Rating]</label>
                            </control>
                            <control type="image" description="3D badge">
                                <visible>ListItem.IsStereoscopic</visible>
                                <posx>556</posx>
                                <posy>95</posy>
                                <height>30</height>
                                <width>54</width>
                                <aspectratio aligny="bottom" align="right">keep</aspectratio>
                                <texture>badges/3D.png</texture>
                            </control>
                            <control type="image" description="HD badge">
                                <visible>![ListItem.IsFolder | IsEmpty(ListItem.VideoResolution) | !IntegerGreaterThan(ListItem.VideoResolution,710)]</visible>
                                <posx>621</posx>
                                <posy>95</posy>
                                <height>30</height>
                                <width>54</width>
                                <aspectratio aligny="bottom" align="right">keep</aspectratio>
                                <texture>badges/HD.png</texture>
                            </control>
                            <control type="image">
                                <posx>0</posx>
                                <posy>73</posy>
                                <width>721</width>
                                <height>73</height>
                                <texture border="3">list/bg_facade_nofocus_top.png</texture>
                            </control>
                            <control type="label" description="Details">
                                <posx>TextMargin</posx>
                                <posy>146</posy>
                                <width>630</width>
                                <height>71</height>
                                <font>InfoDetailsFont</font>
                                <textcolor>AlternateColor</textcolor>
                                <scroll>false</scroll>
                                <label>$VAR[Details]</label>
                            </control>
                            <control type="image">
                                <posx>0</posx>
                                <posy>146</posy>
                                <width>721</width>
                                <height>73</height>
                                <texture border="3">list/bg_facade_nofocus_top.png</texture>
                            </control>
                            <control type="textbox" description="Plot51">
                                <posx>TextMargin</posx>
                                <posy>230</posy>
                                <width>630</width>
                                <height>650</height>
                                <font>InfoPlotFont</font>
                                <textcolor>MainColor</textcolor>
                                <label>$VAR[Plots]</label>
                            </control>
                        </control>
                    </control>
                    <control type="group" description="Episodes only">
                        <visible>container.content(episodes)</visible>
                        <include>Icon_Fade</include>
                        <control type="image" description="fa overlay">
                            <include>Icon_Fade</include>
                            <posx>-795</posx>
                            <posy>94</posy>
                            <width>2058</width>
                            <height>1160</height>
                            <texture border="90">common/bg_tvguide.png</texture>
                        </control>
                        <control type="image">
                            <posx>242</posx>
                            <posy>143</posy>
                            <height>1200</height>
                            <width>250</width>
                            <texture>list/bg_strip_horizontal_left.png</texture>
                            <colordiffuse>90ffffff</colordiffuse>
                        </control>
                        <control type="image">
                            <posx>493</posx>
                            <posy>143</posy>
                            <width>2</width>
                            <height>1200</height>
                            <texture>list/bg_facade_vertical.png</texture>
                        </control>
                        <control type="image" description="Thumb">
                            <posx>18</posx>
                            <posy>151</posy>
                            <width>470</width>
                            <height>288</height>
                            <include>EpisodeThumb</include>
                            <include>ThumbBorder</include>
                        </control>
                        <control type="group" description="Media info">
                            <posx>495</posx>
                            <posy>166</posy>
                            <control type="label" description="Title">
                                <posx>TextMargin</posx>
                                <posy>-12</posy>
                                <width>630</width>
                                <height>71</height>
                                <font>InfoTitleFont</font>
                                <textcolor>MainColor</textcolor>
                                <align>left</align>
                                <scroll>false</scroll>
                                <label>$INFO[ListItem.Title]</label>
                            </control>
                            <control type="image">
                                <posx>0</posx>
                                <posy>0</posy>
                                <width>721</width>
                                <height>73</height>
                                <texture border="3">list/bg_facade_nofocus_top.png</texture>
                            </control>
                            <control type="image" description="Stars">
                                <posx>TextMargin</posx>
                                <posy>92</posy>
                                <include>Stars</include>
                            </control>
                            <control type="label" description="Rating">
                                <posx>245</posx>
                                <posy>73</posy>
                                <width>460</width>
                                <height>71</height>
                                <font>InfoRatingFont</font>
                                <textcolor>AlternateColor</textcolor>
                                <scroll>false</scroll>
                                <label fallback="416">$INFO[ListItem.Rating]</label>
                            </control>
                            <control type="image" description="3D badge">
                                <visible>ListItem.IsStereoscopic</visible>
                                <posx>556</posx>
                                <posy>95</posy>
                                <height>30</height>
                                <width>54</width>
                                <aspectratio aligny="bottom" align="right">keep</aspectratio>
                                <texture>badges/3D.png</texture>
                            </control>
                            <control type="image" description="HD badge">
                                <visible>![ListItem.IsFolder | IsEmpty(ListItem.VideoResolution) | !IntegerGreaterThan(ListItem.VideoResolution,710)]</visible>
                                <posx>621</posx>
                                <posy>95</posy>
                                <height>30</height>
                                <width>54</width>
                                <aspectratio aligny="bottom" align="right">keep</aspectratio>
                                <texture>badges/HD.png</texture>
                            </control>
                            <control type="image">
                                <posx>0</posx>
                                <posy>73</posy>
                                <width>721</width>
                                <height>73</height>
                                <texture border="3">list/bg_facade_nofocus_top.png</texture>
                            </control>
                            <control type="label" description="Details">
                                <posx>TextMargin</posx>
                                <posy>146</posy>
                                <width>630</width>
                                <height>71</height>
                                <font>InfoDetailsFont</font>
                                <textcolor>AlternateColor</textcolor>
                                <scroll>false</scroll>
                                <label>$LOCALIZE[20373] $INFO[ListItem.Season]  •  $LOCALIZE[20359] $INFO[ListItem.Episode]</label>
                            </control>
                            <control type="image">
                                <posx>0</posx>
                                <posy>146</posy>
                                <width>721</width>
                                <height>73</height>
                                <texture border="3">list/bg_facade_nofocus_top.png</texture>
                            </control>
                            <control type="textbox" description="Plot51">
                                <posx>TextMargin</posx>
                                <posy>230</posy>
                                <width>630</width>
                                <height>650</height>
                                <font>InfoPlotFont</font>
                                <textcolor>MainColor</textcolor>
                                <label>$VAR[Plots]</label>
                            </control>
                        </control>
                    </control>
                </control>
            </control>
            <!-- GRID 53 -->
            <control type="group" description="53">
                <include>OpenClose</include>
                <include>View_53_Grid</include>
            </control>
            <!-- LIST 54 Low List -->
            <control type="group" description="54 MediaInfo">
                <visible>Control.IsVisible(54)</visible>
                <include>OpenClose</include>
                <include>View_54_LowList</include>
                <control type="group" description="MediaInfo">
                    <visible>[Container.Content(musicvideos) | Container.Content(movies) | container.content(tvshows) | Container.Content(Seasons) | container.content(episodes)]+!StringCompare(ListItem.Title,)</visible>
                    <include>Icon_Fade</include>
                    <control type="group" description="Movies and shows">
                        <posy>219</posy>
                        <visible>!container.content(episodes)</visible>
                        <include>Icon_Fade</include>
                        <control type="image" description="fa overlay">
                            <visible>!Container.Content(seasons)</visible>
                            <include>Icon_Fade</include>
                            <posx>-795</posx>
                            <posy>350</posy>
                            <width>2058</width>
                            <height>900</height>
                            <texture border="90">common/bg_tvguide.png</texture>
                        </control>
                        <control type="image">
                            <posx>190</posx>
                            <posy>399</posy>
                            <height>600</height>
                            <width>150</width>
                            <texture>list/bg_strip_horizontal_left.png</texture>
                            <colordiffuse>90ffffff</colordiffuse>
                        </control>
                        <control type="image">
                            <posx>341</posx>
                            <posy>399</posy>
                            <width>2</width>
                            <height>600</height>
                            <texture>list/bg_facade_vertical.png</texture>
                        </control>
                        <control type="image" description="Thumb">
                            <posx>18</posx>
                            <posy>411</posy>
                            <width>318</width>
                            <height>435</height>
                            <include>PosterThumb</include>
                            <include>ThumbBorder</include>
                        </control>
                        <control type="group" description="Media info">
                            <visible>!Container.Content(seasons)</visible>
                            <include>Icon_Fade</include>
                            <posx>343</posx>
                            <posy>426</posy>
                            <control type="label" description="Title">
                                <posx>TextMargin</posx>
                                <posy>-12</posy>
                                <width>780</width>
                                <height>71</height>
                                <font>InfoTitleFont</font>
                                <textcolor>MainColor</textcolor>
                                <align>left</align>
                                <scroll>false</scroll>
                                <label>$INFO[ListItem.Title]</label>
                            </control>
                            <control type="image">
                                <posx>0</posx>
                                <posy>0</posy>
                                <width>873</width>
                                <height>73</height>
                                <texture border="3">list/bg_facade_nofocus_top.png</texture>
                            </control>
                            <control type="image" description="Stars">
                                <posx>TextMargin</posx>
                                <posy>92</posy>
                                <include>Stars</include>
                            </control>
                            <control type="label" description="Rating">
                                <posx>245</posx>
                                <posy>73</posy>
                                <width>612</width>
                                <height>71</height>
                                <font>InfoRatingFont</font>
                                <textcolor>AlternateColor</textcolor>
                                <scroll>false</scroll>
                                <label fallback="416">$INFO[ListItem.Rating]</label>
                            </control>
                            <control type="image" description="3D badge">
                                <visible>ListItem.IsStereoscopic</visible>
                                <posx>708</posx>
                                <posy>95</posy>
                                <height>30</height>
                                <width>54</width>
                                <aspectratio aligny="bottom" align="right">keep</aspectratio>
                                <texture>badges/3D.png</texture>
                            </control>
                            <control type="image" description="HD badge">
                                <visible>![ListItem.IsFolder | IsEmpty(ListItem.VideoResolution) | !IntegerGreaterThan(ListItem.VideoResolution,710)]</visible>
                                <posx>773</posx>
                                <posy>95</posy>
                                <height>30</height>
                                <width>54</width>
                                <aspectratio aligny="bottom" align="right">keep</aspectratio>
                                <texture>badges/HD.png</texture>
                            </control>
                            <control type="image">
                                <posx>0</posx>
                                <posy>73</posy>
                                <width>873</width>
                                <height>73</height>
                                <texture border="3">list/bg_facade_nofocus_top.png</texture>
                            </control>
                            <control type="label" description="Details">
                                <posx>TextMargin</posx>
                                <posy>146</posy>
                                <width>780</width>
                                <height>71</height>
                                <font>InfoDetailsFont</font>
                                <textcolor>AlternateColor</textcolor>
                                <scroll>false</scroll>
                                <label>$VAR[Details]</label>
                            </control>
                            <control type="image">
                                <posx>0</posx>
                                <posy>146</posy>
                                <width>873</width>
                                <height>73</height>
                                <texture border="3">list/bg_facade_nofocus_top.png</texture>
                            </control>
                            <control type="textbox" description="Plot51">
                                <posx>TextMargin</posx>
                                <posy>230</posy>
                                <width>780</width>
                                <height>166</height>
                                <font>InfoPlotFont</font>
                                <textcolor>MainColor</textcolor>
                                <label>$VAR[Plots]</label>
                            </control>
                        </control>
                    </control>
                    <control type="group" description="Episodes only">
                        <visible>container.content(episodes)</visible>
                        <posy>219</posy>
                        <include>Icon_Fade</include>
                        <control type="image" description="fa overlay">
                            <include>Icon_Fade</include>
                            <posx>-795</posx>
                            <posy>350</posy>
                            <width>2058</width>
                            <height>900</height>
                            <texture border="90">common/bg_tvguide.png</texture>
                        </control>
                        <control type="image">
                            <posx>170</posx>
                            <posy>399</posy>
                            <height>600</height>
                            <width>250</width>
                            <texture>list/bg_strip_horizontal_left.png</texture>
                            <colordiffuse>90ffffff</colordiffuse>
                        </control>
                        <control type="image">
                            <posx>421</posx>
                            <posy>399</posy>
                            <width>2</width>
                            <height>600</height>
                            <texture>list/bg_facade_vertical.png</texture>
                        </control>
                        <control type="image" description="Thumb">
                            <posx>18</posx>
                            <posy>401</posy>
                            <width>399</width>
                            <height>248</height>
                            <include>EpisodeThumb</include>
                            <include>ThumbBorder</include>
                        </control>
                        <control type="group" description="Media info">
                            <posx>424</posx>
                            <posy>426</posy>
                            <control type="label" description="Title">
                                <posx>TextMargin</posx>
                                <posy>-12</posy>
                                <width>716</width>
                                <height>71</height>
                                <font>InfoTitleFont</font>
                                <textcolor>MainColor</textcolor>
                                <align>left</align>
                                <scroll>false</scroll>
                                <label>$INFO[ListItem.Title]</label>
                            </control>
                            <control type="image">
                                <posx>0</posx>
                                <posy>0</posy>
                                <width>792</width>
                                <height>73</height>
                                <texture border="3">list/bg_facade_nofocus_top.png</texture>
                            </control>
                            <control type="image" description="Stars">
                                <posx>TextMargin</posx>
                                <posy>92</posy>
                                <include>Stars</include>
                            </control>
                            <control type="label" description="Rating">
                                <posx>245</posx>
                                <posy>73</posy>
                                <width>460</width>
                                <height>71</height>
                                <font>InfoRatingFont</font>
                                <textcolor>AlternateColor</textcolor>
                                <scroll>false</scroll>
                                <label fallback="416">$INFO[ListItem.Rating]</label>
                            </control>
                            <control type="image" description="3D badge">
                                <visible>ListItem.IsStereoscopic</visible>
                                <posx>632</posx>
                                <posy>95</posy>
                                <height>30</height>
                                <width>54</width>
                                <aspectratio aligny="bottom" align="right">keep</aspectratio>
                                <texture>badges/3D.png</texture>
                            </control>
                            <control type="image" description="HD badge">
                                <visible>![ListItem.IsFolder | IsEmpty(ListItem.VideoResolution) | !IntegerGreaterThan(ListItem.VideoResolution,710)]</visible>
                                <posx>697</posx>
                                <posy>95</posy>
                                <height>30</height>
                                <width>54</width>
                                <aspectratio aligny="bottom" align="right">keep</aspectratio>
                                <texture>badges/HD.png</texture>
                            </control>
                            <control type="image">
                                <posx>0</posx>
                                <posy>73</posy>
                                <width>792</width>
                                <height>73</height>
                                <texture border="3">list/bg_facade_nofocus_top.png</texture>
                            </control>
                            <control type="label" description="Season">
                                <posx>TextMargin</posx>
                                <posy>146</posy>
                                <width>716</width>
                                <height>71</height>
                                <font>InfoDetailsFont</font>
                                <textcolor>AlternateColor</textcolor>
                                <scroll>false</scroll>
                                <label>$VAR[Details]</label>
                            </control>
                            <control type="image">
                                <posx>0</posx>
                                <posy>146</posy>
                                <width>792</width>
                                <height>73</height>
                                <texture border="3">list/bg_facade_nofocus_top.png</texture>
                            </control>
                            <control type="textbox" description="Plot51">
                                <posx>TextMargin</posx>
                                <posy>230</posy>
                                <width>716</width>
                                <height>165</height>
                                <font>InfoPlotFont</font>
                                <textcolor>MainColor</textcolor>
                                <label>$VAR[Plots]</label>
                            </control>
                        </control>
                    </control>
                </control>
            </control>
            <!-- LIST 55 Big Panel -->
            <control type="group" description="55">
                <visible>Control.IsVisible(55)</visible>
                <include>OpenClose</include>
                <include>View_55_BigPanel</include>
                <control type="group" description="MediaInfo">
                    <visible>[Container.Content(musicvideos) | Container.Content(movies) | container.content(tvshows) | Container.Content(Seasons) | container.content(episodes)]+!StringCompare(ListItem.Title,)</visible>
                    <include>Icon_Fade</include>
                    <posx>5</posx>
                    <posy>170</posy>
                    <control type="image" description="fa overlay">
                        <posx>-1367</posx>
                        <posy>-76</posy>
                        <width>2058</width>
                        <height>1160</height>
                        <texture border="90">common/bg_tvguide.png</texture>
                    </control>
                    <control type="label" description="Title">
                        <posx>TextMargin</posx>
                        <posy>-12</posy>
                        <width>560</width>
                        <height>71</height>
                        <font>InfoTitleFont</font>
                        <textcolor>MainColor</textcolor>
                        <align>left</align>
                        <scroll>false</scroll>
                        <label>$INFO[ListItem.Label]</label>
                    </control>
                    <control type="image">
                        <posx>0</posx>
                        <posy>0</posy>
                        <width>645</width>
                        <height>73</height>
                        <texture border="3">list/bg_facade_nofocus_top.png</texture>
                    </control>
                    <control type="image" description="Stars">
                        <posx>TextMargin</posx>
                        <posy>92</posy>
                        <include>Stars</include>
                    </control>
                    <control type="label" description="Rating">
                        <posx>245</posx>
                        <posy>73</posy>
                        <width>370</width>
                        <height>71</height>
                        <font>InfoRatingFont</font>
                        <textcolor>AlternateColor</textcolor>
                        <scroll>false</scroll>
                        <label fallback="416">$INFO[ListItem.Rating]</label>
                    </control>
                    <control type="image" description="3D badge">
                        <visible>ListItem.IsStereoscopic</visible>
                        <posx>486</posx>
                        <posy>95</posy>
                        <height>30</height>
                        <width>54</width>
                        <aspectratio aligny="bottom" align="right">keep</aspectratio>
                        <texture>badges/3D.png</texture>
                    </control>
                    <control type="image" description="HD badge">
                        <visible>![ListItem.IsFolder | IsEmpty(ListItem.VideoResolution) | !IntegerGreaterThan(ListItem.VideoResolution,710)]</visible>
                        <posx>551</posx>
                        <posy>95</posy>
                        <height>30</height>
                        <width>54</width>
                        <aspectratio aligny="bottom" align="right">keep</aspectratio>
                        <texture>badges/HD.png</texture>
                    </control>
                    <control type="image">
                        <posx>0</posx>
                        <posy>73</posy>
                        <width>645</width>
                        <height>73</height>
                        <texture border="3">list/bg_facade_nofocus_top.png</texture>
                    </control>
                    <control type="label" description="Details">
                        <posx>TextMargin</posx>
                        <posy>146</posy>
                        <width>560</width>
                        <height>71</height>
                        <font>InfoDetailsFont</font>
                        <textcolor>AlternateColor</textcolor>
                        <scroll>false</scroll>
                        <label>$VAR[Details]</label>
                    </control>
                    <control type="image">
                        <posx>0</posx>
                        <posy>146</posy>
                        <width>645</width>
                        <height>73</height>
                        <texture border="3">list/bg_facade_nofocus_top.png</texture>
                    </control>
                    <control type="textbox" description="Plot51">
                        <posx>TextMargin</posx>
                        <posy>230</posy>
                        <width>560</width>
                        <height>610</height>
                        <font>InfoPlotFont</font>
                        <textcolor>MainColor</textcolor>
                        <label>$VAR[Plots]</label>
                    </control>
                    <control type="label" description="Addon version">
                        <visible>Container.Content(addons)</visible>
                        <posy>624</posy>
                        <width>800</width>
                        <height>33</height>
                        <font>Details</font>
                        <label>$INFO[ListItem.Label2,$LOCALIZE[19114] : ]</label>
                    </control>
                </control>
            </control>
            <!-- LIST 56 Banner List -->
            <control type="group" description="56 MediaInfo">
                <visible>Control.IsVisible(56)</visible>
                <include>OpenClose</include>
                <include>View_56_BannerList</include>
                <control type="group" description="MediaInfo">
                    <visible>[Container.Content(musicvideos) | Container.Content(movies) | container.content(tvshows) | Container.Content(Seasons) | container.content(episodes)]+!StringCompare(ListItem.Title,)</visible>
                    <include>Icon_Fade</include>
                    <control type="group" description="Movies and shows">
                        <visible>!container.content(episodes)</visible>
                        <include>Icon_Fade</include>
                        <control type="image" description="fa overlay">
                            <visible>!Container.Content(seasons)</visible>
                            <include>Icon_Fade</include>
                            <posx>-795</posx>
                            <posy>350</posy>
                            <width>2058</width>
                            <height>900</height>
                            <texture border="90">common/bg_tvguide.png</texture>
                        </control>
                        <control type="image" description="Thumb">
                            <posx>18</posx>
                            <posy>401</posy>
                            <width>1195</width>
                            <height>252</height>
                            <texture background="true">$VAR[Banner]</texture>
                            <aspectratio aligny="bottom">scale</aspectratio>
                            <include>ThumbBorder</include>
                        </control>
                        <control type="group" description="Media info">
                            <visible>!Container.Content(seasons)</visible>
                            <include>Icon_Fade</include>
                            <posx>0</posx>
                            <posy>645</posy>
                            <control type="label" description="Title">
                                <posx>TextMargin</posx>
                                <posy/>
                                <width>1126</width>
                                <height>71</height>
                                <font>InfoTitleFont</font>
                                <textcolor>MainColor</textcolor>
                                <align>left</align>
                                <scroll>false</scroll>
                                <label>$INFO[ListItem.Title]</label>
                            </control>
                            <control type="image">
                                <posx>0</posx>
                                <posy>0</posy>
                                <width>1216</width>
                                <height>73</height>
                                <texture border="3">list/bg_facade_nofocus_top.png</texture>
                            </control>
                            <control type="image" description="Stars">
                                <posx>TextMargin</posx>
                                <posy>92</posy>
                                <include>Stars</include>
                            </control>
                            <control type="label" description="Rating">
                                <posx>245</posx>
                                <posy>73</posy>
                                <width>480</width>
                                <height>71</height>
                                <font>InfoRatingFont</font>
                                <textcolor>AlternateColor</textcolor>
                                <scroll>false</scroll>
                                <label fallback="416">$INFO[ListItem.Rating]</label>
                            </control>
                            <control type="label" description="Details">
                                <posx>1171</posx>
                                <posy>73</posy>
                                <width>500</width>
                                <height>71</height>
                                <align>right</align>
                                <font>InfoDetailsFont</font>
                                <textcolor>AlternateColor</textcolor>
                                <scroll>false</scroll>
                                <label>$VAR[Details]</label>
                            </control>
                            <control type="image">
                                <posx>0</posx>
                                <posy>73</posy>
                                <width>1216</width>
                                <height>73</height>
                                <texture border="3">list/bg_facade_nofocus_top.png</texture>
                            </control>
                            <control type="textbox" description="Plot51">
                                <posx>TextMargin</posx>
                                <posy>157</posy>
                                <width>1126</width>
                                <height>250</height>
                                <font>InfoPlotFont</font>
                                <textcolor>MainColor</textcolor>
                                <label>$VAR[Plots]</label>
                            </control>
                        </control>
                    </control>
                </control>
            </control>
            <!-- LIST 57,58,59 Fanart -->
            <control type="group" description="Fanart View">
                <include>OpenClose</include>
                <include>View_59_Showcase</include>
            </control>
        </control>
        <!-- SIDE MENU -->
        <control type="group" description="Side menu 9000 group">
            <include>LeftMenu</include>
            <control type="label">
                <include>LeftMenuTitleLabel</include>
                <label>$LOCALIZE[582]</label>
            </control>
            <control type="grouplist" id="9000">
                <include>LeftMenuButtonGroup</include>
                <onleft>9000</onleft>
                <onright>50</onright>
                <onup>9000</onup>
                <ondown>9000</ondown>
                <onback>50</onback>
                <include>9000GrouplistParameters</include>
                <control type="togglebutton" id="14" description="Toggle Watched">
                    <include>LeftMenuButton</include>
                    <label>$LOCALIZE[535]: $LOCALIZE[16100]</label>
                    <altlabel>$LOCALIZE[535]: $LOCALIZE[16101]</altlabel>
                </control>
                <control type="button" id="3" description="Sort">
                    <include>LeftMenuButton</include>
                </control>
                <control type="togglebutton" id="4" description="Sort direction">
                    <include>LeftMenuButton</include>
                    <label>$LOCALIZE[21429]:  $LOCALIZE[21430]</label>
                    <altlabel>$LOCALIZE[21429]:  $LOCALIZE[21431]</altlabel>
                </control>
                <control type="label" id="9183">
                    <textoffsety>35</textoffsety>
                    <height>69</height>
                    <include>LeftMenuTitleLabel</include>
                    <include>LeftMenuButton</include>
                    <label>$LOCALIZE[1034]</label>
                </control>
                <control type="image" id="9184">
                    <width>577</width>
                    <height>2</height>
                    <texture border="0,0,0,2">list/bg_facade_nofocus_top.png</texture>
                </control>
                <control type="button" id="8" description="Search">
                    <include>LeftMenuButton</include>
                    <label>$LOCALIZE[137]</label>
                </control>
                <control type="togglebutton" id="20" description="Library update">
                    <include>LeftMenuButton</include>
                    <label>653</label>
                    <altlabel>13353</altlabel>
                    <usealttexture>library.isscanningvideo</usealttexture>
                </control>
                <control type="button" id="699" description="Playing">
                    <enable>Player.HasMedia</enable>
                    <include>LeftMenuButton</include>
                    <label>$LOCALIZE[16003]</label>
                    <onclick>fullscreen</onclick>
                </control>
            </control>
        </control>
    </controls>
</window>
