<?xml version="1.0" encoding="utf-8"?>
<window>
    <defaultcontrol always="true">50</defaultcontrol>
    <include>OpenClose</include>
    <controls>
        <include>Weather_Art</include>
        <control type="image">
            <include>KenBurns</include>
            <posx>0</posx>
            <posy>0</posy>
            <width>1920</width>
            <height>1080</height>
            <texture>$INFO[Window(Weather).Property(Current.FanartCode),special://skin/backgrounds/weather/,.jpg]</texture>
        </control>
        <include>Player_Show</include>
        <include>Time</include>
        <control type="label">
            <include>WindowTitle</include>
            <label>$LOCALIZE[8]</label>
        </control>
        <control type="label">
            <include>WindowTitleSub</include>
            <label>$INFO[Window.Property(WeatherProvider)]</label>
        </control>
        <control type="group">
            <posx>0</posx>
            <posy>479</posy>
            <control type="image" description="fa overlay">
                <posx>-795</posx>
                <posy>90</posy>
                <width>2058</width>
                <height>1160</height>
                <texture border="90">common/bg_tvguide.png</texture>
            </control>
            <control type="image">
                <posx>312</posx>
                <posy>139</posy>
                <height>600</height>
                <width>150</width>
                <texture>list/bg_strip_horizontal_left.png</texture>
                <colordiffuse>90ffffff</colordiffuse>
            </control>
            <control type="image">
                <posx>463</posx>
                <posy>139</posy>
                <width>2</width>
                <height>600</height>
                <texture>list/bg_facade_vertical.png</texture>
            </control>
            <control type="image" description="Thumb">
                <posx>18</posx>
                <posy>151</posy>
                <width>440</width>
                <height>440</height>
                <aspectratio>scale</aspectratio>
                <texture>$INFO[Window(Weather).Property(Current.FanartCode),special://skin/backgrounds/weather/,.jpg]</texture>
                <include>ThumbBorder</include>
            </control>
            <control type="group" description="Media info">
                <posx>465</posx>
                <posy>166</posy>
                <control type="label" description="Title">
                    <posx>TextMargin</posx>
                    <posy>-12</posy>
                    <width>660</width>
                    <height>42</height>
                    <font>InfoTitleFont</font>
                    <textcolor>MainColor</textcolor>
                    <align>left</align>
                    <label>$INFO[Weather.Location]</label>
                </control>
                <control type="label" id="11" description="Refresh">
                    <posx>TextMargin</posx>
                    <posy>30</posy>
                    <width>660</width>
                    <height>40</height>
                    <font>InfoTitleSubFont</font>
                    <textcolor>AlternateColor</textcolor>
                    <align>left</align>
                </control>
                <control type="image">
                    <posx>0</posx>
                    <posy>0</posy>
                    <width>751</width>
                    <height>73</height>
                    <texture border="3">list/bg_facade_nofocus_top.png</texture>
                </control>
                <control type="label" description="Details">
                    <posx>TextMargin</posx>
                    <posy>73</posy>
                    <width>660</width>
                    <height>71</height>
                    <font>InfoDetailsFont</font>
                    <textcolor>AlternateColor</textcolor>
                    <label>$INFO[Window(Weather).Property(Current.Condition)]</label>
                </control>
                <control type="image">
                    <posx>0</posx>
                    <posy>73</posy>
                    <width>751</width>
                    <height>73</height>
                    <texture border="3">list/bg_facade_nofocus_top.png</texture>
                </control>
                <control type="label" description="Feels like label">
                    <posx>TextMargin</posx>
                    <posy>146</posy>
                    <width>660</width>
                    <height>71</height>
                    <font>InfoDetailsFont</font>
                    <textcolor>MainColor</textcolor>
                    <label>$LOCALIZE[143] $INFO[Window.Property(Current.Temperature)]$INFO[System.TemperatureUnits]</label>
                </control>
                <control type="label" description="Feels like label">
                    <posx>705</posx>
                    <posy>146</posy>
                    <width>660</width>
                    <height>71</height>
                    <align>right</align>
                    <font>InfoDetailsFont</font>
                    <textcolor>MainColor</textcolor>
                    <label>$LOCALIZE[402]: $INFO[Window.Property(Current.FeelsLike)]$INFO[System.TemperatureUnits]</label>
                </control>
                <control type="image">
                    <posx>0</posx>
                    <posy>146</posy>
                    <width>751</width>
                    <height>73</height>
                    <texture border="3">list/bg_facade_nofocus_top.png</texture>
                </control>
                <control type="label" description="Details">
                    <posx>TextMargin</posx>
                    <posy>219</posy>
                    <width>660</width>
                    <height>71</height>
                    <font>InfoDetailsFont</font>
                    <textcolor>AlternateColor</textcolor>
                    <label>$LOCALIZE[405]: $INFO[Window.Property(Current.DewPoint)]$INFO[System.TemperatureUnits]</label>
                </control>
                <control type="label" description="Feels like label">
                    <posx>705</posx>
                    <posy>219</posy>
                    <width>660</width>
                    <height>71</height>
                    <align>right</align>
                    <font>InfoDetailsFont</font>
                    <textcolor>AlternateColor</textcolor>
                    <label>$LOCALIZE[406]: $INFO[Window.Property(Current.Humidity)]</label>
                </control>
                <control type="image">
                    <posx>0</posx>
                    <posy>219</posy>
                    <width>751</width>
                    <height>73</height>
                    <texture border="3">list/bg_facade_nofocus_top.png</texture>
                </control>
                <control type="label" description="Details">
                    <posx>TextMargin</posx>
                    <posy>292</posy>
                    <width>660</width>
                    <height>71</height>
                    <font>InfoDetailsFont</font>
                    <textcolor>MainColor</textcolor>
                    <label>$LOCALIZE[403]: $INFO[Window.Property(Current.UVIndex)]</label>
                </control>
                <control type="label" description="Feels like label">
                    <posx>705</posx>
                    <posy>292</posy>
                    <width>660</width>
                    <height>71</height>
                    <align>right</align>
                    <font>InfoDetailsContainerFont</font>
                    <textcolor>MainColor</textcolor>
                    <label>$LOCALIZE[404]: $INFO[Window.Property(Current.Wind)]</label>
                </control>
                <control type="image">
                    <posx>0</posx>
                    <posy>292</posy>
                    <width>751</width>
                    <height>73</height>
                    <texture border="3">list/bg_facade_nofocus_top.png</texture>
                </control>
            </control>
        </control>
        <control type="image">
            <posx>1224</posx>
            <posy>569</posy>
            <width>2058</width>
            <height>900</height>
            <texture border="90">common/bg_tvguide.png</texture>
        </control>
        <control type="image">
            <posx>1260</posx>
            <posy>572</posy>
            <width>660</width>
            <height>73</height>
            <texture border="3">list/bg_facade_nofocus_top.png</texture>
        </control>
        <control type="group">
            <posx>1260</posx>
            <posy>645</posy>
            <control type="group">
                <posx>0</posx>
                <posy>0</posy>
                <control type="label" description="Day 0 label">
                    <posx>30</posx>
                    <posy>0</posy>
                    <height>71</height>
                    <width>255</width>
                    <font>InfoDetailsFont</font>
                    <textcolor>AlternateColor</textcolor>
                    <label>$LOCALIZE[33006]</label>
                </control>
                <control type="label" description="Day 0 label">
                    <posx>280</posx>
                    <posy>0</posy>
                    <height>71</height>
                    <width>255</width>
                    <font>InfoDetailsFont</font>
                    <textcolor>MainColor</textcolor>
                    <label>$INFO[Window.Property(Day0.HighTemp)]$INFO[System.TemperatureUnits]</label>
                </control>
                <control type="label" description="Day 0 label">
                    <posx>420</posx>
                    <posy>0</posy>
                    <height>71</height>
                    <width>255</width>
                    <font>InfoDetailsFont</font>
                    <textcolor>AlternateColor</textcolor>
                    <label>$INFO[Window.Property(Day0.LowTemp)]$INFO[System.TemperatureUnits]</label>
                </control>
                <control type="image" description="Day 0 icon">
                    <posx>540</posx>
                    <posy>0</posy>
                    <height>71</height>
                    <width>71</width>
                    <texture>$INFO[Window(Weather).Property(Day0.FanartCode),weather/,.png]</texture>
                    <aspectratio>keep</aspectratio>
                </control>
                <control type="image">
                    <posx>0</posx>
                    <posy>0</posy>
                    <width>660</width>
                    <height>73</height>
                    <texture border="3">list/bg_facade_nofocus_top.png</texture>
                </control>
            </control>
            <control type="group">
                <posx>0</posx>
                <posy>73</posy>
                <control type="label" description="Day 1 label">
                    <posx>30</posx>
                    <posy>0</posy>
                    <height>71</height>
                    <width>255</width>
                    <font>InfoDetailsFont</font>
                    <textcolor>AlternateColor</textcolor>
                    <label>$LOCALIZE[33007]</label>
                </control>
                <control type="label" description="Day 1 label">
                    <posx>280</posx>
                    <posy>0</posy>
                    <height>71</height>
                    <width>255</width>
                    <font>InfoDetailsFont</font>
                    <textcolor>MainColor</textcolor>
                    <label>$INFO[Window.Property(Day1.HighTemp)]$INFO[System.TemperatureUnits]</label>
                </control>
                <control type="label" description="Day 1 label">
                    <posx>420</posx>
                    <posy>0</posy>
                    <height>71</height>
                    <width>255</width>
                    <font>InfoDetailsFont</font>
                    <textcolor>AlternateColor</textcolor>
                    <label>$INFO[Window.Property(Day1.LowTemp)]$INFO[System.TemperatureUnits]</label>
                </control>
                <control type="image" description="Day 1 icon">
                    <posx>540</posx>
                    <posy>0</posy>
                    <height>71</height>
                    <width>71</width>
                    <texture>$INFO[Window(Weather).Property(Day1.FanartCode),weather/,.png]</texture>
                    <aspectratio>keep</aspectratio>
                </control>
                <control type="image">
                    <posx>0</posx>
                    <posy>0</posy>
                    <width>660</width>
                    <height>73</height>
                    <texture border="3">list/bg_facade_nofocus_top.png</texture>
                </control>
            </control>
            <control type="group">
                <posx>0</posx>
                <posy>146</posy>
                <control type="label" description="Day 2 label">
                    <posx>30</posx>
                    <posy>0</posy>
                    <height>71</height>
                    <width>255</width>
                    <font>InfoDetailsFont</font>
                    <textcolor>AlternateColor</textcolor>
                    <label>$INFO[Window.Property(Day2.Title)]</label>
                </control>
                <control type="label" description="Day 2 label">
                    <posx>280</posx>
                    <posy>0</posy>
                    <height>71</height>
                    <width>255</width>
                    <font>InfoDetailsFont</font>
                    <textcolor>MainColor</textcolor>
                    <label>$INFO[Window.Property(Day2.HighTemp)]$INFO[System.TemperatureUnits]</label>
                </control>
                <control type="label" description="Day 2 label">
                    <posx>420</posx>
                    <posy>0</posy>
                    <height>71</height>
                    <width>255</width>
                    <font>InfoDetailsFont</font>
                    <textcolor>AlternateColor</textcolor>
                    <label>$INFO[Window.Property(Day2.LowTemp)]$INFO[System.TemperatureUnits]</label>
                </control>
                <control type="image" description="Day 2 icon">
                    <posx>540</posx>
                    <posy>0</posy>
                    <height>71</height>
                    <width>71</width>
                    <texture>$INFO[Window(Weather).Property(Day2.FanartCode),weather/,.png]</texture>
                    <aspectratio>keep</aspectratio>
                </control>
                <control type="image">
                    <posx>0</posx>
                    <posy>0</posy>
                    <width>660</width>
                    <height>73</height>
                    <texture border="3">list/bg_facade_nofocus_top.png</texture>
                </control>
            </control>
            <control type="group">
                <posx>0</posx>
                <posy>219</posy>
                <control type="label" description="Day 3 label">
                    <posx>30</posx>
                    <posy>0</posy>
                    <height>71</height>
                    <width>255</width>
                    <font>InfoDetailsFont</font>
                    <textcolor>AlternateColor</textcolor>
                    <label>$INFO[Window.Property(Day3.Title)]</label>
                </control>
                <control type="label" description="Day 3 label">
                    <posx>280</posx>
                    <posy>0</posy>
                    <height>71</height>
                    <width>255</width>
                    <font>InfoDetailsFont</font>
                    <textcolor>MainColor</textcolor>
                    <label>$INFO[Window.Property(Day3.HighTemp)]$INFO[System.TemperatureUnits]</label>
                </control>
                <control type="label" description="Day 3 label">
                    <posx>420</posx>
                    <posy>0</posy>
                    <height>71</height>
                    <width>255</width>
                    <font>InfoDetailsFont</font>
                    <textcolor>AlternateColor</textcolor>
                    <label>$INFO[Window.Property(Day3.LowTemp)]$INFO[System.TemperatureUnits]</label>
                </control>
                <control type="image" description="Day 3 icon">
                    <posx>540</posx>
                    <posy>0</posy>
                    <height>71</height>
                    <width>71</width>
                    <texture>$INFO[Window(Weather).Property(Day3.FanartCode),weather/,.png]</texture>
                    <aspectratio>keep</aspectratio>
                </control>
                <control type="image">
                    <posx>0</posx>
                    <posy>0</posy>
                    <width>660</width>
                    <height>73</height>
                    <texture border="3">list/bg_facade_nofocus_top.png</texture>
                </control>
            </control>
            <control type="group">
                <posx>0</posx>
                <posy>292</posy>
                <control type="label" description="Day 4 label">
                    <posx>30</posx>
                    <posy>0</posy>
                    <height>71</height>
                    <width>255</width>
                    <font>InfoDetailsFont</font>
                    <textcolor>AlternateColor</textcolor>
                    <label>$INFO[Window.Property(Day4.Title)]</label>
                </control>
                <control type="label" description="Day 4 label">
                    <posx>280</posx>
                    <posy>0</posy>
                    <height>71</height>
                    <width>255</width>
                    <font>InfoDetailsFont</font>
                    <textcolor>MainColor</textcolor>
                    <label>$INFO[Window.Property(Day4.HighTemp)]$INFO[System.TemperatureUnits]</label>
                </control>
                <control type="label" description="Day 4 label">
                    <posx>420</posx>
                    <posy>0</posy>
                    <height>71</height>
                    <width>255</width>
                    <font>InfoDetailsFont</font>
                    <textcolor>AlternateColor</textcolor>
                    <label>$INFO[Window.Property(Day4.LowTemp)]$INFO[System.TemperatureUnits]</label>
                </control>
                <control type="image" description="Day 4 icon">
                    <posx>540</posx>
                    <posy>0</posy>
                    <height>71</height>
                    <width>71</width>
                    <texture>$INFO[Window(Weather).Property(Day4.FanartCode),weather/,.png]</texture>
                    <aspectratio>keep</aspectratio>
                </control>
                <control type="image">
                    <posx>0</posx>
                    <posy>0</posy>
                    <width>660</width>
                    <height>73</height>
                    <texture border="3">list/bg_facade_nofocus_top.png</texture>
                </control>
            </control>
        </control>
        <!-- SIDE MENU -->
        <control type="group" description="Side menu 9000 group">
            <include>LeftMenu</include>
            <control type="label">
                <include>LeftMenuTitleLabel</include>
                <label>$LOCALIZE[582]</label>
            </control>
            <control type="grouplist" id="9000">
                <include>LeftMenuButtonGroup</include>
                <onleft>9000</onleft>
                <onright>50</onright>
                <onup>9000</onup>
                <ondown>9000</ondown>
                <onback>50</onback>
                <control type="button" id="2" description="Refresh">
                    <include>LeftMenuButton</include>
                </control>
                <control type="button" id="4" description="Settings">
                    <include>LeftMenuButton</include>
                    <label>$LOCALIZE[5]</label>
                    <onclick>ActivateWindow(MyWeatherSettings)</onclick>
                </control>
                <control type="spincontrolex" id="3" description="Location">
                    <label>21873</label>
                    <include>LeftMenuButton</include>
                    <label>$LOCALIZE[396]</label>
                </control>
            </control>
        </control>
        <control type="button" id="50">
            <include>HiddenButton</include>
            <onclick>Control.SetFocus(9000)</onclick>
            <onleft>9000</onleft>
            <onright>9000</onright>
            <onup>9000</onup>
            <ondown>9000</ondown>
        </control>
    </controls>
</window>
