<?xml version="1.0" encoding="utf-8"?>
<window type="dialog">
    <defaultcontrol always="true">5</defaultcontrol>
    <include>OpenClose</include>
    <controls>
        <include>DimBG</include>
        <control type="group" description="Content">
            <include>DialogOpenClose</include>
            <posx>0</posx>
            <posy>0</posy>
            <control type="image">
                <posx>483</posx>
                <posy>234</posy>
                <width>954</width>
                <height>613</height>
                <texture border="94">common/bg_dialog.png</texture>
            </control>
            <control type="group">
                <posx>528</posx>
                <posy>271</posy>
                <control type="label" id="1000" description="Profile name">
                    <posx>45</posx>
                    <posy>5</posy>
                    <width>774</width>
                    <height>100</height>
                    <font>InfoTitleFont</font>
                    <textcolor>MainColor</textcolor>
                    <align>center</align>
                </control>
                <control type="label" id="1001" description="Profile Directory">
                    <posx>45</posx>
                    <posy>65</posy>
                    <width>774</width>
                    <align>center</align>
                    <font>InfoTitleSubFont</font>
                    <textcolor>AlternateColor</textcolor>
                </control>
                <control type="image">
                    <posx>0</posx>
                    <posy>38</posy>
                    <width>864</width>
                    <height>79</height>
                    <texture>list/bg_facade_nofocus_top.png</texture>
                </control>
                <control type="image">
                    <posx>600</posx>
                    <posy>117</posy>
                    <height>300</height>
                    <width>250</width>
                    <texture flipx="true">list/bg_strip_horizontal_left.png</texture>
                    <colordiffuse>90ffffff</colordiffuse>
                </control>
                <control type="image">
                    <posx>599</posx>
                    <posy>117</posy>
                    <width>2</width>
                    <height>300</height>
                    <texture>list/bg_facade_vertical.png</texture>
                </control>
                <control type="image" description="Profile image">
                    <visible>!Container(2).HasThumb</visible>
                    <posx>600</posx>
                    <posy>117</posy>
                    <width>264</width>
                    <height>264</height>
                    <texture>defaultArtistBig.png</texture>
                    <aspectratio>scale</aspectratio>
                    <include>ThumbBorder</include>
                </control>
                <control type="image" id="2" description="Profile image">
                    <posx>600</posx>
                    <posy>117</posy>
                    <width>264</width>
                    <height>264</height>
                    <texture/>
                    <aspectratio>scale</aspectratio>
                    <include>ThumbBorder</include>
                </control>
                <control type="grouplist" id="5">
                    <description>Control Area</description>
                    <posx>0</posx>
                    <posy>117</posy>
                    <width>600</width>
                    <height>292</height>
                    <itemgap>0</itemgap>
                    <orientation>vertical</orientation>
                    <onleft>noop</onleft>
                    <onright>9000</onright>
                    <onup>5</onup>
                    <ondown>28</ondown>
                </control>
                <control type="button" id="7">
                    <width>600</width>
                    <include>LeftMenuButton</include>
                </control>
                <control type="radiobutton" id="8">
                    <width>600</width>
                    <include>LeftMenuButton</include>
                </control>
                <control type="spincontrolex" id="9">
                    <width>600</width>
                    <include>LeftMenuButton</include>
                </control>
                <control type="image">
                    <posx>0</posx>
                    <posy>340</posy>
                    <width>864</width>
                    <height>79</height>
                    <texture>list/bg_facade_nofocus_top.png</texture>
                </control>
                <control type="grouplist" id="9000">
                    <posx>0</posx>
                    <posy>426</posy>
                    <width>864</width>
                    <height>90</height>
                    <itemgap>30</itemgap>
                    <aligny>bottom</aligny>
                    <align>center</align>
                    <orientation>horizontal</orientation>
                    <control type="button" id="28" description="OK">
                        <onup>5</onup>
                        <label>$LOCALIZE[186]</label>
                    </control>
                    <control type="button" id="29" description="Cancel">
                        <onup>5</onup>
                        <label>$LOCALIZE[222]</label>
                    </control>
                </control>
            </control>
        </control>
    </controls>
</window>
