<?xml version="1.0" encoding="utf-8"?>
<window>
    <allowoverlay>no</allowoverlay>
    <defaultcontrol always="false">101</defaultcontrol>
    <coordinates>
        <system>1</system>
        <posx>0</posx>
        <posy>0</posy>
    </coordinates>
    <include>DialogOpenClose</include>
    <controls>
        <control type="group">
            <control type="image">
                <posx>-150</posx>
                <posy>-3</posy>
                <texture>common/basichome_upper_gradient.png</texture>
                <width>2220</width>
                <height>740</height>
            </control>
            <control type="image">
                <posx>-150</posx>
                <posy>-3</posy>
                <texture>common/basichome_upper_gradient.png</texture>
                <width>2220</width>
                <height>740</height>
                <colordiffuse>90ffffff</colordiffuse>
            </control>
            <control type="label" description="Header">
                <!-- <visible>!System.IdleTime(4)</visible> -->
                <posx>510</posx>
                <posy>70</posy>
                <width>900</width>
                <height>30</height>
                <font>InfoTitleFont</font>
                <label>$ADDON[script.cu.lrclyrics 32199]</label>
                <align>center</align>
                <aligny>center</aligny>
                <textcolor>MainColor</textcolor>
            </control>
            <!-- ** Required ** Do not change <id> or <type> (Smooth scrolling list for lyrics) -->
            <control type="list" id="110">
                <posx>210</posx>
                <posy>150</posy>
                <width>1500</width>
                <height>320</height>
                <onleft>dialog.close(all,true)</onleft>
                <onright>dialog.close(all,true)</onright>
                <onup>110</onup>
                <ondown>110</ondown>
                <scrolltime>200</scrolltime>
                <itemlayout height="40">
                    <control type="label">
                        <posx>750</posx>
                        <posy>0</posy>
                        <width>1500</width>
                        <height>40</height>
                        <aligny>center</aligny>
                        <align>center</align>
                        <font>InfoDetailsFont</font>
                        <textcolor>AlternateColor</textcolor>
                        <label>[B]$INFO[ListItem.Label][/B]</label>
                    </control>
                </itemlayout>
                <focusedlayout height="40">
                    <control type="label">
                        <posx>750</posx>
                        <posy>0</posy>
                        <width>1500</width>
                        <height>40</height>
                        <aligny>center</aligny>
                        <align>center</align>
                        <font>InfoDetailsFont</font>
                        <textcolor>MainColor</textcolor>
                        <label fallback="- -">[B]$INFO[ListItem.Label][/B]</label>
                    </control>
                </focusedlayout>
            </control>
            <control type="spincontrol" id="111">
                <visible>false</visible>
                <description>Next page button</description>
                <posx>520</posx>
                <posy>650</posy>
                <subtype>page</subtype>
                <font>font12</font>
                <onleft>110</onleft>
                <onright>110</onright>
                <ondown>110</ondown>
                <onup>110</onup>
                <textcolor>AlternateColor</textcolor>
                <showonepage>true</showonepage>
                <visible>Control.IsVisible(110)</visible>
            </control>
            <control type="label" id="2">
                <description>Pick label</description>
                <posx>30</posx>
                <posy>130</posy>
                <width>550</width>
                <height>30</height>
                <align>center</align>
                <aligny>center</aligny>
                <label>31203</label>
                <textcolor>MainColor</textcolor>
                <visible>Control.IsVisible(120) + ![Control.IsVisible(100) | Control.IsVisible(110)]</visible>
            </control>
            <!-- ** Required ** Do not change <id> or <type> (Song Chooser if it gets it wrong) -->
            <control type="list" id="120">
                <posx>30</posx>
                <posy>170</posy>
                <width>550</width>
                <height>440</height>
                <onleft>121</onleft>
                <onright>121</onright>
                <onup>120</onup>
                <ondown>120</ondown>
                <pagecontrol>121</pagecontrol>
                <scrolltime>200</scrolltime>
                <animation effect="slide" start="0,0" end="20,0" time="0" condition="!Control.IsVisible(121)">Conditional</animation>
                <itemlayout height="40">
                    <control type="image">
                        <posx>0</posx>
                        <posy>0</posy>
                        <width>550</width>
                        <height>41</height>
                        <texture border="5">MenuItemNF.png</texture>
                    </control>
                    <control type="label">
                        <posx>10</posx>
                        <posy>0</posy>
                        <width>530</width>
                        <height>40</height>
                        <font>font13</font>
                        <align>left</align>
                        <aligny>center</aligny>
                        <selectedcolor>selected</selectedcolor>
                        <info>ListItem.Label</info>
                    </control>
                </itemlayout>
                <focusedlayout height="40">
                    <control type="image">
                        <posx>0</posx>
                        <posy>0</posy>
                        <width>550</width>
                        <height>41</height>
                        <visible>!Control.HasFocus(120)</visible>
                        <texture border="5">MenuItemNF.png</texture>
                    </control>
                    <control type="image">
                        <posx>0</posx>
                        <posy>0</posy>
                        <width>550</width>
                        <height>41</height>
                        <visible>Control.HasFocus(120)</visible>
                        <texture border="5">MenuItemFO.png</texture>
                    </control>
                    <control type="label">
                        <posx>10</posx>
                        <posy>0</posy>
                        <width>530</width>
                        <height>40</height>
                        <font>InfoTitleSubFont</font>
                        <align>left</align>
                        <aligny>center</aligny>
                        <selectedcolor>selected</selectedcolor>
                        <info>ListItem.Label</info>
                    </control>
                </focusedlayout>
            </control>
            <control type="spincontrol" id="121">
                <visible>false</visible>
                <description>Next page button</description>
                <posx>520</posx>
                <posy>650</posy>
                <subtype>page</subtype>
                <font>font12</font>
                <onleft>120</onleft>
                <onright>120</onright>
                <ondown>120</ondown>
                <onup>120</onup>
                <textcolor>AlternateColor</textcolor>
                <showonepage>true</showonepage>
                <visible>Control.IsVisible(120)</visible>
            </control>
            <control type="label">
                <visible>false</visible>
                <description>Scraper label</description>
                <posx>580</posx>
                <posy>680</posy>
                <width>550</width>
                <height>30</height>
                <label>$LOCALIZE[31205] - $INFO[Control.GetLabel(200)]</label>
                <align>right</align>
                <aligny>center</aligny>
                <textcolor>AlternateColor</textcolor>
            </control>
            <control type="label" id="200">
                <description>Scraper label</description>
                <visible>false</visible>
            </control>
        </control>
    </controls>
</window>
