<?xml version="1.0" encoding="utf-8"?>
<window>
    <backgroundcolor>0</backgroundcolor>
    <allowoverlay>no</allowoverlay>
    <defaultcontrol always="true">3</defaultcontrol>
    <animation effect="fade" time="150" condition="!Window.Previous(Settings.xml)">WindowOpen</animation>
    <animation effect="fade" time="150" condition="!Window.Next(Settings.xml)">WindowClose</animation>
    <controls>
        <include>Settings_Art</include>
        <include>Player_Show</include>
        <include>Time</include>
        <control type="label">
            <include>WindowTitle</include>
            <label>$LOCALIZE[5]</label>
        </control>
        <control type="label">
            <include>WindowTitleSub</include>
            <label>$INFO[Control.GetLabel(2)]</label>
        </control>
        <control type="group">
            <posy>-189</posy>
            <control type="image">
                <posx>83</posx>
                <posy>244</posy>
                <width>1754</width>
                <height>1029</height>
                <texture border="90">common/bg_dialog.png</texture>
            </control>
            <control type="image">
                <posx>128</posx>
                <posy>292</posy>
                <width>1664</width>
                <height>90</height>
                <texture border="3">list/bg_facade_nofocus_top.png</texture>
            </control>
            <control type="label" id="2" description="Category label">
                <posx>173</posx>
                <posy>323</posy>
                <height>36</height>
                <width>1574</width>
                <align>center</align>
                <font>InfoTitleFont</font>
                <textcolor>MainColor</textcolor>
            </control>
            <control type="image">
                <posx>1359</posx>
                <posy>382</posy>
                <width>2</width>
                <height>841</height>
                <texture>list/bg_facade_vertical.png</texture>
            </control>
            <control type="image">
                <posx>1359</posx>
                <posy>382</posy>
                <height>841</height>
                <width>375</width>
                <texture flipx="true">list/bg_strip_horizontal_left.png</texture>
                <colordiffuse>90ffffff</colordiffuse>
            </control>
            <control type="grouplist" id="3" description="Left - Button Area">
                <posx>1359</posx>
                <posy>382</posy>
                <width>433</width>
                <height>639</height>
                <itemgap>0</itemgap>
                <onleft>5</onleft>
                <onright>5</onright>
                <onup>3</onup>
                <ondown>20</ondown>
                <orientation>vertical</orientation>
                <pagecontrol>61</pagecontrol>
            </control>
            <control type="button" id="10" description="Category Button">
                <include>LeftMenuButton</include>
            </control>
            <control type="scrollbar" id="61">
                <posx>1761</posx>
                <posy>382</posy>
                <height>639</height>
                <onleft>3</onleft>
                <onright>3</onright>
                <include>VerticalScroller</include>
            </control>
            <control type="grouplist" id="5" description="Right - Control Area">
                <posx>128</posx>
                <posy>382</posy>
                <width>1231</width>
                <height>639</height>
                <itemgap>0</itemgap>
                <onleft>60</onleft>
                <onright>3</onright>
                <onup>5</onup>
                <ondown>5</ondown>
                <pagecontrol>60</pagecontrol>
                <orientation>vertical</orientation>
            </control>
            <control type="image">
                <posx>128</posx>
                <posy>1021</posy>
                <height>8</height>
                <width>1231</width>
                <texture>list/bg_facade_separator.png</texture>
            </control>
            <control type="textbox" id="6" description="Settings description">
                <visible>ControlGroup(5).HasFocus()</visible>
                <posx>173</posx>
                <posy>1039</posy>
                <width>1141</width>
                <height>170</height>
                <align>justify</align>
                <font>InfoPlotFont</font>
                <autoscroll time="3000" delay="4000" repeat="5000">true</autoscroll>
            </control>
            <control type="button" id="7" description="Button">
                <width>1231</width>
                <include>LeftMenuButton</include>
            </control>
            <control type="radiobutton" id="8" description="Radio Button">
                <width>1231</width>
                <radioposx>1128</radioposx>
                <include>LeftMenuButton</include>
            </control>
            <control type="spincontrolex" id="9" description="Spin control">
                <width>1231</width>
                <include>LeftMenuButton</include>
            </control>
            <control type="label" description="Settings level label">
                <posx>1359</posx>
                <posy>1054</posy>
                <width>433</width>
                <font>LeftMenuTitleFont</font>
                <include>LeftMenuButton</include>
                <label>$LOCALIZE[31049]</label>
            </control>
            <control type="image">
                <posx>1359</posx>
                <posy>1039</posy>
                <height>73</height>
                <width>433</width>
                <texture border="3">list/bg_facade_nofocus.png</texture>
            </control>
            <control type="button" id="20" description="Settings level button">
                <posx>1359</posx>
                <posy>1112</posy>
                <width>433</width>
                <include>LeftMenuButton</include>
                <onleft>5</onleft>
                <onright>5</onright>
                <onup>3</onup>
                <ondown>noop</ondown>
                <onclick>SettingsLevelChange</onclick>
            </control>
            <control type="scrollbar" id="60">
                <posx>1328</posx>
                <posy>382</posy>
                <height>639</height>
                <include>VerticalScroller</include>
                <onleft>5</onleft>
                <onright>5</onright>
            </control>
        </control>
    </controls>
</window>
