<?xml version="1.0" encoding="utf-8"?>
<window type="dialog">
    <defaultcontrol always="true">2</defaultcontrol>
    <backgroundcolor>0</backgroundcolor>
    <include>OpenClose</include>
    <controls>
        <include>Settings_Art</include>
        <include>Player_Show</include>
        <include>Time</include>
        <control type="label">
            <include>WindowTitle</include>
            <label>$LOCALIZE[5]</label>
        </control>
        <control type="label">
            <include>WindowTitleSub</include>
            <label>$LOCALIZE[10034]</label>
        </control>
        <control type="image">
            <posx>483</posx>
            <posy>234</posy>
            <width>954</width>
            <height>613</height>
            <texture border="94">common/bg_dialog.png</texture>
        </control>
        <control type="group">
            <posx>528</posx>
            <posy>271</posy>
            <control type="label" description="Heading">
                <posx>45</posx>
                <posy>18</posy>
                <width>774</width>
                <height>100</height>
                <font>InfoTitleFont</font>
                <textcolor>MainColor</textcolor>
                <align>center</align>
                <label>$LOCALIZE[10034]</label>
            </control>
            <control type="image">
                <posx>0</posx>
                <posy>38</posy>
                <width>864</width>
                <height>79</height>
                <texture>list/bg_facade_nofocus_top.png</texture>
            </control>
            <control type="image">
                <posx>0</posx>
                <posy>259</posy>
                <width>864</width>
                <height>8</height>
                <texture>list/bg_facade_separator.png</texture>
            </control>
            <control type="radiobutton" id="4" description="Enable Login Screen">
                <posx>0</posx>
                <posy>117</posy>
                <width>864</width>
                <radioposx>780</radioposx>
                <label>$LOCALIZE[20096]</label>
                <onright>noop</onright>
                <onleft>noop</onleft>
                <onup>noop</onup>
                <ondown>5</ondown>
                <include>LeftMenuButton</include>
            </control>
            <control type="radiobutton" id="5" description="Enable auto Login">
                <posx>0</posx>
                <posy>188</posy>
                <width>864</width>
                <radioposx>780</radioposx>
                <label>$LOCALIZE[33084]$INFO[system.profileautologin,:  ]</label>
                <onright>noop</onright>
                <onleft>noop</onleft>
                <onup>4</onup>
                <ondown>2</ondown>
                <include>LeftMenuButton</include>
            </control>
            <control type="group" description="Slider and List">
                <posx>0</posx>
                <posy>267</posy>
                <control type="panel" id="2">
                    <posx>0</posx>
                    <posy>0</posy>
                    <width>864</width>
                    <height>292</height>
                    <onleft>noop</onleft>
                    <onright>noop</onright>
                    <onup>5</onup>
                    <ondown>noop</ondown>
                    <pagecontrol>60</pagecontrol>
                    <scrolltime>280</scrolltime>
                    <itemlayout width="864" height="73">
                        <control type="image">
                            <posx>0</posx>
                            <posy>0</posy>
                            <height>73</height>
                            <width>864</width>
                            <texture border="3">list/bg_facade_nofocus.png</texture>
                        </control>
                        <control type="label" description="Main Label">
                            <posx>TextMargin</posx>
                            <height>71</height>
                            <width>400</width>
                            <font>FacadeListMainFont</font>
                            <textcolor>ListNoFocusColor</textcolor>
                            <label>$INFO[ListItem.Label]</label>
                        </control>
                        <control type="label" description="Label2">
                            <posx>830</posx>
                            <posy>0</posy>
                            <height>71</height>
                            <width>400</width>
                            <align>right</align>
                            <font>FacadePanelFont</font>
                            <textcolor>SublistNoFocusColor</textcolor>
                            <label>$INFO[ListItem.Label2]</label>
                        </control>
                    </itemlayout>
                    <focusedlayout width="864" height="73">
                        <control type="image">
                            <posx>0</posx>
                            <posy>0</posy>
                            <height>73</height>
                            <width>864</width>
                            <texture border="3">list/bg_facade_focus.png</texture>
                        </control>
                        <control type="label" description="Main Label">
                            <posx>TextMargin</posx>
                            <height>71</height>
                            <width>400</width>
                            <font>FacadeListMainFont</font>
                            <textcolor>ListFocusColor</textcolor>
                            <label>$INFO[ListItem.Label]</label>
                        </control>
                        <control type="label" description="Label2">
                            <posx>830</posx>
                            <posy>0</posy>
                            <height>71</height>
                            <width>400</width>
                            <align>right</align>
                            <font>FacadePanelFont</font>
                            <textcolor>SublistFocusColor</textcolor>
                            <label>$INFO[ListItem.Label2]</label>
                        </control>
                    </focusedlayout>
                </control>
            </control>
        </control>
    </controls>
</window>
