<?xml version="1.0" encoding="utf-8"?>
<window>
    <controls>
        <control type="group" id="13">
            <visible>Slideshow.IsPaused</visible>
            <include>VisibleFadeEffect</include>
            <posy>0</posy>
            <control type="label" description="Pause">
                <width>1920</width>
                <height>1080</height>
                <label>$LOCALIZE[112]</label>
                <align>center</align>
                <font>WindowTitleFont</font>
            </control>
        </control>
    </controls>
</window>
