<?xml version="1.0" encoding="utf-8"?>
<window>
    <defaultcontrol always="true">10</defaultcontrol>
    <allowoverlay>no</allowoverlay>
    <animation effect="fade" time="800">WindowOpen</animation>
    <animation effect="fade" time="200">WindowClose</animation>
    <controls>
        <control type="button" id="10">
            <include>HiddenButton</include>
            <onfocus>SetFocus(11)</onfocus>
        </control>
        <!-- Show home if skin widgets loading is finished -->
        <control type="button" id="11">
            <include>HiddenButton</include>
            <onfocus condition="!System.HasAddon(service.skin.widgets) | Skin.HasSetting(Hide.RecentlyAdded) | Skin.HasSetting(plexbmc) | Skin.HasSetting(Use.FastStart)">SetFocus(12)</onfocus>
            <onfocus condition="![!System.HasAddon(service.skin.widgets) | Skin.HasSetting(Hide.RecentlyAdded) | Skin.HasSetting(plexbmc) | Skin.HasSetting(Use.FastStart)]">SetFocus(11)</onfocus>
            <visible>IsEmpty(Window(Home).Property(SkinWidgets_Running))</visible>
        </control>
        <control type="button" id="11">
            <include>HiddenButton</include>
            <onfocus>ReplaceWindow($INFO[System.StartupWindow])</onfocus>
            <visible>!IsEmpty(Window(Home).Property(SkinWidgets_Running))</visible>
        </control>
        <control type="button" id="12">
            <include>HiddenButton</include>
            <onfocus>ReplaceWindow($INFO[System.StartupWindow])</onfocus>
        </control>
        <include>Default_Art</include>
    </controls>
</window>
