<?xml version="1.0" encoding="utf-8"?>
<window>
    <defaultcontrol>5</defaultcontrol>
    <include>OSDFade</include>
    <controls>
        <control type="group">
            <posx>-50</posx>
            <posy>355</posy>
            <animation effect="fade" start="100" end="0" time="50" condition="Window.IsVisible(SliderDialog) | Window.IsVisible(FileBrowser)">Conditional</animation>
            <control type="image">
                <posx>433</posx>
                <posy>51</posy>
                <width>1154</width>
                <height>623</height>
                <texture border="94">common/bg_dialog.png</texture>
            </control>
            <control type="group">
                <posx>478</posx>
                <posy>88</posy>
                <control type="label" id="2" description="Heading">
                    <posx>45</posx>
                    <posy>18</posy>
                    <width>974</width>
                    <height>100</height>
                    <font>InfoTitleFont</font>
                    <textcolor>MainColor</textcolor>
                    <align>center</align>
                </control>
                <control type="image">
                    <posx>0</posx>
                    <posy>38</posy>
                    <width>1064</width>
                    <height>79</height>
                    <texture>list/bg_facade_nofocus_top.png</texture>
                </control>
                <control type="grouplist" id="5" description="Control Area">
                    <posx>0</posx>
                    <posy>117</posy>
                    <width>1064</width>
                    <height>355</height>
                    <itemgap>0</itemgap>
                    <orientation>vertical</orientation>
                    <pagecontrol>60</pagecontrol>
                    <onup>5</onup>
                    <ondown>5</ondown>
                    <onright>60</onright>
                    <onleft>60</onleft>
                </control>
                <control type="button" id="7">
                    <include>LeftMenuButton</include>
                </control>
                <control type="radiobutton" id="8">
                    <radioposx>962</radioposx>
                    <include>LeftMenuButton</include>
                </control>
                <control type="spincontrolex" id="9">
                    <include>LeftMenuButton</include>
                </control>
                <control type="sliderex" id="10">
                    <include>LeftMenuButton</include>
                </control>
                <control type="scrollbar" id="60">
                    <posx>1033</posx>
                    <posy>117</posy>
                    <height>355</height>
                    <include>VerticalScroller</include>
                    <onleft>5</onleft>
                    <onright>5</onright>
                </control>
            </control>
        </control>
    </controls>
</window>
