<?xml version="1.0" encoding="utf-8"?>
<window>
    <animation effect="fade" time="150">WindowClose</animation>
    <onunload>Dialog.close(all,true)</onunload>
    <controls>
        <control type="group" id="0">
            <posx>0</posx>
            <posy>0</posy>
            <control type="group">
                <posy>185</posy>
                <include>OSDFade</include>
                <control type="image" description="RA BG XBMC only">
                    <posx>-200</posx>
                    <posy>-95</posy>
                    <width>2320</width>
                    <height>385</height>
                    <texture border="83">common/bg_dialog.png</texture>
                </control>
                <control type="label" id="10" description="row 1 sys label">
                    <posx>40</posx>
                    <posy>0</posy>
                    <width>1840</width>
                    <height>36</height>
                    <align>left</align>
                    <aligny>center</aligny>
                    <font>NotificationFont</font>
                    <label>-</label>
                    <wrapmultiline>true</wrapmultiline>
                </control>
                <control type="label" id="11" description="row 2 sys label">
                    <posx>40</posx>
                    <posy>80</posy>
                    <width>1840</width>
                    <height>36</height>
                    <align>left</align>
                    <aligny>center</aligny>
                    <font>NotificationFont</font>
                    <label>-</label>
                    <wrapmultiline>true</wrapmultiline>
                </control>
                <control type="label" id="12" description="row 3 sys label">
                    <posx>40</posx>
                    <posy>160</posy>
                    <width>1840</width>
                    <height>36</height>
                    <align>left</align>
                    <aligny>center</aligny>
                    <font>NotificationFont</font>
                    <label>-</label>
                    <wrapmultiline>true</wrapmultiline>
                </control>
            </control>
            <control type="group">
                <posy>600</posy>
                <visible>VideoPlayer.Content(LiveTV)</visible>
                <control type="image" description="RA BG XBMC only">
                    <posx>-200</posx>
                    <posy>-75</posy>
                    <width>2320</width>
                    <height>465</height>
                    <texture border="83">common/bg_dialog.png</texture>
                </control>
                <control type="label" description="Backend">
                    <posx>40</posx>
                    <posy>0</posy>
                    <width>1840</width>
                    <height>36</height>
                    <label>$LOCALIZE[19012]: $INFO[PVR.ActStreamClient]</label>
                    <align>left</align>
                    <aligny>center</aligny>
                    <font>NotificationFont</font>
                </control>
                <control type="label" description="Encryption">
                    <posx>40</posx>
                    <posy>40</posy>
                    <width>1840</width>
                    <height>36</height>
                    <label>$LOCALIZE[19015]: $INFO[PVR.ActStreamEncryptionName]</label>
                    <align>left</align>
                    <aligny>center</aligny>
                    <font>NotificationFont</font>
                </control>
                <control type="label" description="Device">
                    <posx>40</posx>
                    <posy>80</posy>
                    <width>1840</width>
                    <height>36</height>
                    <label>$LOCALIZE[19006]: $INFO[PVR.ActStreamDevice]</label>
                    <align>left</align>
                    <aligny>center</aligny>
                    <font>NotificationFont</font>
                </control>
                <control type="label" description="Device">
                    <posx>40</posx>
                    <posy>120</posy>
                    <width>1840</width>
                    <height>36</height>
                    <label>$LOCALIZE[19007]: $INFO[PVR.ActStreamStatus]</label>
                    <align>left</align>
                    <aligny>center</aligny>
                    <font>NotificationFont</font>
                </control>
                <control type="label" description="Signal">
                    <posx>40</posx>
                    <posy>160</posy>
                    <width>1840</width>
                    <height>36</height>
                    <label>$LOCALIZE[19008]: $INFO[PVR.ActStreamSignal]</label>
                    <align>left</align>
                    <aligny>center</aligny>
                    <font>NotificationFont</font>
                </control>
                <control type="label" description="SNR">
                    <posx>40</posx>
                    <posy>200</posy>
                    <width>1840</width>
                    <height>36</height>
                    <label>$LOCALIZE[19009]: $INFO[PVR.ActStreamSNR]</label>
                    <align>left</align>
                    <aligny>center</aligny>
                    <font>NotificationFont</font>
                </control>
                <control type="label" description="BER">
                    <posx>40</posx>
                    <posy>240</posy>
                    <width>1840</width>
                    <height>36</height>
                    <label>$LOCALIZE[19010]: $INFO[PVR.ActStreamBER]</label>
                    <align>left</align>
                    <aligny>center</aligny>
                    <font>NotificationFont</font>
                </control>
                <control type="label" description="UNC">
                    <posx>40</posx>
                    <posy>280</posy>
                    <width>1840</width>
                    <height>36</height>
                    <label>$LOCALIZE[19011]: $INFO[PVR.ActStreamUNC]</label>
                    <align>left</align>
                    <aligny>center</aligny>
                    <font>NotificationFont</font>
                </control>
            </control>
        </control>
    </controls>
</window>
