<?xml version="1.0" encoding="utf-8"?>
<window>
    <defaultcontrol always="true">2</defaultcontrol>
    <coordinates>
        <system>1</system>
        <posx>0</posx>
        <posy>-174</posy>
    </coordinates>
    <include>OSDFade</include>
    <controls>
        <control type="image">
            <posx>233</posx>
            <posy>244</posy>
            <width>1454</width>
            <height>939</height>
            <texture border="90">common/bg_dialog.png</texture>
        </control>
        <control type="image">
            <posx>278</posx>
            <posy>292</posy>
            <width>1364</width>
            <height>90</height>
            <texture border="3">list/bg_facade_nofocus_top.png</texture>
        </control>
        <control type="label" description="Upper Path Name Label">
            <posx>323</posx>
            <posy>323</posy>
            <height>36</height>
            <width>1274</width>
            <align>center</align>
            <font>InfoTitleFont</font>
            <textcolor>MainColor</textcolor>
            <label>[UPPERCASE]$LOCALIZE[298][/UPPERCASE] - $INFO[Container(11).NumItems,, $LOCALIZE[31025]]</label>
        </control>
        <control type="panel" id="11">
            <posx>278</posx>
            <posy>382</posy>
            <width>1395</width>
            <height>630</height>
            <onleft>2</onleft>
            <onright>60</onright>
            <ondown>2</ondown>
            <onup>11</onup>
            <scrolltime>200</scrolltime>
            <viewtype label="536">icon</viewtype>
            <pagecontrol>60</pagecontrol>
            <orientation>vertical</orientation>
            <itemlayout height="315" width="450">
                <control type="image">
                    <posx>0</posx>
                    <posy>0</posy>
                    <width>461</width>
                    <height>283</height>
                    <include>EpisodeThumb</include>
                    <include>ThumbBorder</include>
                </control>
                <control type="label">
                    <posx>230</posx>
                    <posy>280</posy>
                    <width>461</width>
                    <height>22</height>
                    <align>center</align>
                    <font>FacadePanelFont</font>
                    <info>ListItem.Label</info>
                </control>
            </itemlayout>
            <focusedlayout height="315" width="450">
                <control type="image">
                    <posx>0</posx>
                    <posy>0</posy>
                    <width>461</width>
                    <height>283</height>
                    <include>EpisodeThumb</include>
                    <include>ThumbBorderOverlay</include>
                </control>
                <control type="label">
                    <posx>230</posx>
                    <posy>280</posy>
                    <width>461</width>
                    <height>22</height>
                    <align>center</align>
                    <font>FacadePanelFont</font>
                    <info>ListItem.Label</info>
                </control>
            </focusedlayout>
        </control>
        <control type="scrollbar" id="60">
            <posx>1642</posx>
            <posy>382</posy>
            <height>630</height>
            <include>VerticalScroller</include>
            <onleft>11</onleft>
            <onright>11</onright>
        </control>
        <control type="image">
            <posx>278</posx>
            <posy>950</posy>
            <width>1364</width>
            <height>79</height>
            <texture>list/bg_facade_nofocus_top.png</texture>
        </control>
        <control type="grouplist" id="9000">
            <posx>278</posx>
            <posy>1036</posy>
            <width>1364</width>
            <height>90</height>
            <itemgap>0</itemgap>
            <aligny>bottom</aligny>
            <align>center</align>
            <orientation>horizontal</orientation>
            <onleft>9000</onleft>
            <onright>9000</onright>
            <onup>11</onup>
            <ondown>11</ondown>
            <control type="button" id="2">
                <description>Create Bookmark button</description>
                <label>$LOCALIZE[294]</label>
            </control>
            <control type="button" id="3">
                <description>Clear Bookmark button</description>
                <label>$LOCALIZE[296]</label>
            </control>
            <control type="button" id="4">
                <width>550</width>
                <description>Clear Bookmark button</description>
                <label>$LOCALIZE[20406]</label>
                <visible>videoplayer.content(episodes)</visible>
            </control>
        </control>
    </controls>
</window>
