<?xml version="1.0" encoding="utf-8"?>
<window>
    <defaultcontrol always="false">602</defaultcontrol>
    <allowoverlay>yes</allowoverlay>
    <zorder>2</zorder>
    <include>OSDFade</include>
    <controls>
        <control type="group">
            <visible>![Window.IsActive(DialogSelect.xml) | Window.IsActive(SliderDialog) | Window.IsActive(OSDVideoSettings) | Window.IsActive(OSDAudioSettings) | Window.IsActive(VideoBookmarks) | Window.IsVisible(PVROSDChannels) | Window.IsVisible(PVROSDGuide)]</visible>
            <include>OSDFade</include>
            <posx>0</posx>
            <posy>0</posy>
            <control type="slider" id="87">
                <description>Seek Slider</description>
                <posx>0</posx>
                <posy>985</posy>
                <width>1920</width>
                <height>54</height>
                <onup>100</onup>
                <ondown>100</ondown>
                <action>seek</action>
                <texturesliderbar>OSD/osd_progress_empty.png</texturesliderbar>
                <textureslidernib>buttons/SliderNibNF.png</textureslidernib>
                <textureslidernibfocus>buttons/SliderNibFO.png</textureslidernibfocus>
            </control>
            <control type="image">
                <posx>-150</posx>
                <posy>-3</posy>
                <texture>common/basichome_upper_gradient.png</texture>
                <width>2220</width>
                <height>440</height>
            </control>
            <control type="group" id="100">
                <visible>!VideoPlayer.Content(LiveTV)</visible>
                <posx>480</posx>
                <posy>68</posy>
                <onup>noop</onup>
                <ondown>702</ondown>
                <defaultcontrol always="true">602</defaultcontrol>
                <control type="button" id="600">
                    <posx>0</posx>
                    <posy>0</posy>
                    <width>50</width>
                    <height>50</height>
                    <label>$LOCALIZE[210]</label>
                    <font>-</font>
                    <texturefocus>topbar/topbar_skipback_focus.png</texturefocus>
                    <texturenofocus>topbar/topbar_skipback_nofocus.png</texturenofocus>
                    <onleft>707</onleft>
                    <onright>601</onright>
                    <onup>87</onup>
                    <ondown>87</ondown>
                    <onclick>PlayerControl(Previous)</onclick>
                </control>
                <control type="button" id="601">
                    <posx>70</posx>
                    <posy>0</posy>
                    <width>50</width>
                    <height>50</height>
                    <label>$LOCALIZE[31354]</label>
                    <font>-</font>
                    <texturefocus>topbar/topbar_rewind_focus.png</texturefocus>
                    <texturenofocus>topbar/topbar_rewind_nofocus.png</texturenofocus>
                    <onleft>600</onleft>
                    <onright>602</onright>
                    <onup>87</onup>
                    <ondown>87</ondown>
                    <onclick>PlayerControl(Rewind)</onclick>
                </control>
                <control type="togglebutton" id="602">
                    <posx>140</posx>
                    <posy>0</posy>
                    <width>50</width>
                    <height>50</height>
                    <label>$LOCALIZE[31351]</label>
                    <altlabel>$LOCALIZE[208]</altlabel>
                    <font>-</font>
                    <texturefocus>topbar/topbar_pause_focus.png</texturefocus>
                    <texturenofocus>topbar/topbar_pause_nofocus.png</texturenofocus>
                    <usealttexture>Player.Paused | Player.Forwarding | Player.Rewinding</usealttexture>
                    <alttexturefocus>topbar/topbar_play_focus.png</alttexturefocus>
                    <alttexturenofocus>topbar/topbar_play_nofocus.png</alttexturenofocus>
                    <onleft>601</onleft>
                    <onright>603</onright>
                    <onup>87</onup>
                    <ondown>87</ondown>
                    <onclick>PlayerControl(Play)</onclick>
                </control>
                <control type="button" id="603">
                    <posx>210</posx>
                    <posy>0</posy>
                    <width>50</width>
                    <height>50</height>
                    <label>$LOCALIZE[31352]</label>
                    <font>-</font>
                    <texturefocus>topbar/topbar_stop_focus.png</texturefocus>
                    <texturenofocus>topbar/topbar_stop_nofocus.png</texturenofocus>
                    <onleft>602</onleft>
                    <onright>604</onright>
                    <onup>87</onup>
                    <ondown>87</ondown>
                    <onclick>PlayerControl(Stop)</onclick>
                </control>
                <control type="button" id="604">
                    <posx>280</posx>
                    <posy>0</posy>
                    <width>50</width>
                    <height>50</height>
                    <label>$LOCALIZE[31353]</label>
                    <font>-</font>
                    <texturefocus>topbar/topbar_fastforward_focus.png</texturefocus>
                    <texturenofocus>topbar/topbar_fastforward_nofocus.png</texturenofocus>
                    <onleft>603</onleft>
                    <onright>605</onright>
                    <onup>87</onup>
                    <ondown>87</ondown>
                    <onclick>PlayerControl(Forward)</onclick>
                </control>
                <control type="button" id="605">
                    <posx>350</posx>
                    <posy>0</posy>
                    <width>50</width>
                    <height>50</height>
                    <label>$LOCALIZE[209]</label>
                    <font>-</font>
                    <texturefocus>topbar/topbar_skipforward_focus.png</texturefocus>
                    <texturenofocus>topbar/topbar_skipforward_nofocus.png</texturenofocus>
                    <onleft>604</onleft>
                    <onright>700</onright>
                    <onup>87</onup>
                    <ondown>87</ondown>
                    <onclick>PlayerControl(Next)</onclick>
                </control>
            </control>
            <control type="group" id="100">
                <visible>VideoPlayer.Content(LiveTV)</visible>
                <posx>480</posx>
                <posy>68</posy>
                <onup>noop</onup>
                <ondown>701</ondown>
                <defaultcontrol always="true">603</defaultcontrol>
                <control type="button" id="600">
                    <posx>0</posx>
                    <posy>0</posy>
                    <width>50</width>
                    <height>50</height>
                    <label>$LOCALIZE[210]</label>
                    <font>-</font>
                    <texturefocus>topbar/topbar_channel_down_focus.png</texturefocus>
                    <texturenofocus>topbar/topbar_channel_down_nofocus.png</texturenofocus>
                    <onleft>705</onleft>
                    <onright>601</onright>
                    <onup>87</onup>
                    <ondown>87</ondown>
                    <onclick>PlayerControl(Previous)</onclick>
                </control>
                <control type="button" id="601">
                    <posx>70</posx>
                    <posy>0</posy>
                    <width>50</width>
                    <height>50</height>
                    <label>$LOCALIZE[31354]</label>
                    <font>-</font>
                    <texturefocus>topbar/topbar_channel_up_focus.png</texturefocus>
                    <texturenofocus>topbar/topbar_channel_up_nofocus.png</texturenofocus>
                    <onleft>600</onleft>
                    <onright>602</onright>
                    <onup>87</onup>
                    <ondown>87</ondown>
                    <onclick>PlayerControl(Next)</onclick>
                </control>
                <control type="button" id="602">
                    <enable>Player.SeekEnabled</enable>
                    <animation effect="fade" start="100" end="50" time="100" condition="!Player.SeekEnabled">Conditional</animation>
                    <posx>140</posx>
                    <posy>0</posy>
                    <width>50</width>
                    <height>50</height>
                    <label>$LOCALIZE[31354]</label>
                    <font>-</font>
                    <texturefocus>topbar/topbar_rewind_focus.png</texturefocus>
                    <texturenofocus>topbar/topbar_rewind_nofocus.png</texturenofocus>
                    <onleft>601</onleft>
                    <onright>603</onright>
                    <onup>87</onup>
                    <ondown>87</ondown>
                    <onclick>PlayerControl(Rewind)</onclick>
                </control>
                <control type="togglebutton" id="603">
                    <enable>Player.PauseEnabled</enable>
                    <animation effect="fade" start="100" end="50" time="100" condition="!Player.PauseEnabled">Conditional</animation>
                    <posx>210</posx>
                    <posy>0</posy>
                    <width>50</width>
                    <height>50</height>
                    <label>$LOCALIZE[31351]</label>
                    <altlabel>$LOCALIZE[208]</altlabel>
                    <font>-</font>
                    <texturefocus>topbar/topbar_pause_focus.png</texturefocus>
                    <texturenofocus>topbar/topbar_pause_nofocus.png</texturenofocus>
                    <usealttexture>Player.Paused | Player.Forwarding | Player.Rewinding</usealttexture>
                    <alttexturefocus>topbar/topbar_play_focus.png</alttexturefocus>
                    <alttexturenofocus>topbar/topbar_play_nofocus.png</alttexturenofocus>
                    <onleft>602</onleft>
                    <onright>604</onright>
                    <onup>87</onup>
                    <ondown>87</ondown>
                    <onclick>PlayerControl(Play)</onclick>
                </control>
                <control type="button" id="604">
                    <posx>280</posx>
                    <posy>0</posy>
                    <width>50</width>
                    <height>50</height>
                    <label>$LOCALIZE[31352]</label>
                    <font>-</font>
                    <texturefocus>topbar/topbar_stop_focus.png</texturefocus>
                    <texturenofocus>topbar/topbar_stop_nofocus.png</texturenofocus>
                    <onleft>603</onleft>
                    <onright>605</onright>
                    <onup>87</onup>
                    <ondown>87</ondown>
                    <onclick>PlayerControl(Stop)</onclick>
                </control>
                <control type="button" id="605">
                    <enable>Player.SeekEnabled</enable>
                    <animation effect="fade" start="100" end="50" time="100" condition="!Player.SeekEnabled">Conditional</animation>
                    <posx>350</posx>
                    <posy>0</posy>
                    <width>50</width>
                    <height>50</height>
                    <label>$LOCALIZE[31353]</label>
                    <font>-</font>
                    <texturefocus>topbar/topbar_fastforward_focus.png</texturefocus>
                    <texturenofocus>topbar/topbar_fastforward_nofocus.png</texturenofocus>
                    <onleft>604</onleft>
                    <onright>606</onright>
                    <onup>87</onup>
                    <ondown>87</ondown>
                    <onclick>PlayerControl(Forward)</onclick>
                </control>
                <control type="button" id="606">
                    <posx>420</posx>
                    <posy>0</posy>
                    <width>50</width>
                    <height>50</height>
                    <label>$LOCALIZE[19069]: $LOCALIZE[19030]</label>
                    <font>-</font>
                    <texturefocus>topbar/topbar_channel_focus.png</texturefocus>
                    <texturenofocus>topbar/topbar_channel_nofocus.png</texturenofocus>
                    <onleft>605</onleft>
                    <onright>607</onright>
                    <onup>87</onup>
                    <ondown>87</ondown>
                    <onclick>ActivateWindow(PVROSDChannels)</onclick>
                    <onclick>Dialog.Close(VideoOSD)</onclick>
                </control>
                <control type="button" id="607">
                    <posx>490</posx>
                    <posy>0</posy>
                    <width>50</width>
                    <height>50</height>
                    <label>$LOCALIZE[19069]: $LOCALIZE[19029]</label>
                    <font>-</font>
                    <texturefocus>topbar/topbar_epg_focus.png</texturefocus>
                    <texturenofocus>topbar/topbar_epg_nofocus.png</texturenofocus>
                    <onleft>606</onleft>
                    <onright>700</onright>
                    <onup>87</onup>
                    <ondown>87</ondown>
                    <onclick>ActivateWindow(PVROSDGuide)</onclick>
                    <onclick>Dialog.Close(VideoOSD)</onclick>
                </control>
            </control>
            <control type="group" id="101">
                <visible>!VideoPlayer.Content(LiveTV)</visible>
                <posx>900</posx>
                <posy>68</posy>
                <onup>609</onup>
                <ondown>609</ondown>
                <control type="togglebutton" id="700">
                    <enable>VideoPlayer.HasMenu</enable>
                    <animation effect="fade" start="100" end="50" time="100" condition="!VideoPlayer.HasMenu">Conditional</animation>
                    <posx>0</posx>
                    <posy>0</posy>
                    <width>50</width>
                    <height>50</height>
                    <label>$LOCALIZE[31355]</label>
                    <font>-</font>
                    <texturefocus>topbar/topbar_dvd_focus.png</texturefocus>
                    <texturenofocus>topbar/topbar_dvd_nofocus.png</texturenofocus>
                    <alttexturenofocus>topbar/topbar_dvd_nofocus.png</alttexturenofocus>
                    <usealttexture>!VideoPlayer.HasMenu</usealttexture>
                    <onleft>605</onleft>
                    <onright>701</onright>
                    <onup>87</onup>
                    <ondown>87</ondown>
                    <onclick>PlayerControl(ShowVideoMenu)</onclick>
                </control>
                <control type="button" id="701">
                    <posx>70</posx>
                    <posy>0</posy>
                    <width>50</width>
                    <height>50</height>
                    <label>$LOCALIZE[13395]</label>
                    <font>-</font>
                    <texturefocus>topbar/topbar_video_settings_focus.png</texturefocus>
                    <texturenofocus>topbar/topbar_video_settings_nofocus.png</texturenofocus>
                    <onleft>700</onleft>
                    <onright>702</onright>
                    <onup>87</onup>
                    <ondown>87</ondown>
                    <onclick>ActivateWindow(OSDVideoSettings)</onclick>
                </control>
                <control type="button" id="702">
                    <posx>140</posx>
                    <posy>0</posy>
                    <width>50</width>
                    <height>50</height>
                    <label>$LOCALIZE[292] &amp; $LOCALIZE[287]</label>
                    <font>-</font>
                    <texturefocus>topbar/topbar_volume_up_focus.png</texturefocus>
                    <texturenofocus>topbar/topbar_volume_up_nofocus.png</texturenofocus>
                    <onleft>701</onleft>
                    <onright>250</onright>
                    <onup>87</onup>
                    <ondown>87</ondown>
                    <onclick>ActivateWindow(OSDAudioSettings)</onclick>
                </control>
                <control type="button" id="250">
                    <posx>210</posx>
                    <posy>0</posy>
                    <width>50</width>
                    <height>50</height>
                    <label>$LOCALIZE[31356]</label>
                    <font>-</font>
                    <texturefocus>topbar/topbar_subtitles_focus.png</texturefocus>
                    <texturenofocus>topbar/topbar_subtitles_nofocus.png</texturenofocus>
                    <onleft>702</onleft>
                    <onright>704</onright>
                    <onup>400</onup>
                    <ondown>400</ondown>
                </control>
                <control type="button" id="704">
                    <posx>280</posx>
                    <posy>0</posy>
                    <width>50</width>
                    <height>50</height>
                    <label>$LOCALIZE[298]</label>
                    <font>-</font>
                    <texturefocus>topbar/topbar_channel_focus.png</texturefocus>
                    <texturenofocus>topbar/topbar_channel_nofocus.png</texturenofocus>
                    <onleft>250</onleft>
                    <onright>706</onright>
                    <onup>87</onup>
                    <ondown>87</ondown>
                    <onclick>ActivateWindow(VideoBookmarks)</onclick>
                </control>
                <control type="button" id="706" description="Playlist">
                    <posx>350</posx>
                    <posy>0</posy>
                    <width>50</width>
                    <height>50</height>
                    <label>$LOCALIZE[559]</label>
                    <font>-</font>
                    <onleft>704</onleft>
                    <onright>705</onright>
                    <onup>87</onup>
                    <ondown>87</ondown>
                    <texturefocus>topbar/topbar_bookmark_focus.png</texturefocus>
                    <texturenofocus>topbar/topbar_bookmark_nofocus.png</texturenofocus>
                    <onclick>Close</onclick>
                    <onclick>ActivateWindow(VideoPlaylist)</onclick>
                </control>
                <control type="button" id="705">
                    <enable>VideoPlayer.IsStereoscopic</enable>
                    <animation effect="fade" start="100" end="50" time="100" condition="!VideoPlayer.IsStereoscopic">Conditional</animation>
                    <posx>420</posx>
                    <posy>0</posy>
                    <width>50</width>
                    <height>50</height>
                    <label>$LOCALIZE[36501]</label>
                    <font>-</font>
                    <texturefocus>topbar/topbar_3d_focus.png</texturefocus>
                    <texturenofocus>topbar/topbar_3d_nofocus.png</texturenofocus>
                    <onleft>706</onleft>
                    <onright>707</onright>
                    <onup>87</onup>
                    <ondown>87</ondown>
                    <onclick>StereoMode</onclick>
                </control>
                <control type="button" id="707">
                    <posx>490</posx>
                    <posy>0</posy>
                    <width>50</width>
                    <height>50</height>
                    <label>$LOCALIZE[544]</label>
                    <font>-</font>
                    <texturefocus>topbar/topbar_info_focus.png</texturefocus>
                    <texturenofocus>topbar/topbar_info_nofocus.png</texturenofocus>
                    <onleft>705</onleft>
                    <onright>600</onright>
                    <onup>87</onup>
                    <ondown>87</ondown>
                    <onclick>ActivateWindow(fullscreeninfo)</onclick>
                </control>
            </control>
            <control type="group" id="101">
                <visible>VideoPlayer.Content(LiveTV)</visible>
                <posx>1040</posx>
                <posy>68</posy>
                <onup>609</onup>
                <ondown>609</ondown>
                <control type="button" id="700">
                    <enable>Player.CanRecord</enable>
                    <animation effect="fade" start="100" end="50" time="100" condition="!Player.CanRecord">Conditional</animation>
                    <posx>0</posx>
                    <posy>0</posy>
                    <width>50</width>
                    <height>50</height>
                    <label>$LOCALIZE[19255]</label>
                    <font>-</font>
                    <texturefocus>topbar/topbar_rec_focus.png</texturefocus>
                    <texturenofocus>topbar/topbar_rec_nofocus.png</texturenofocus>
                    <onleft>607</onleft>
                    <onright>701</onright>
                    <onup>87</onup>
                    <ondown>87</ondown>
                    <onclick>PlayerControl(Record)</onclick>
                </control>
                <control type="button" id="701">
                    <posx>70</posx>
                    <posy>0</posy>
                    <width>50</width>
                    <height>50</height>
                    <label>$LOCALIZE[23050]</label>
                    <altlabel>$LOCALIZE[23050]</altlabel>
                    <font>-</font>
                    <texturefocus>topbar/topbar_teletext_focus.png</texturefocus>
                    <texturenofocus>topbar/topbar_teletext_nofocus.png</texturenofocus>
                    <onleft>700</onleft>
                    <onright>702</onright>
                    <onup>87</onup>
                    <ondown>87</ondown>
                    <onclick>Dialog.Close(VideoOSD)</onclick>
                    <onclick>ActivateWindow(Teletext)</onclick>
                    <onclick>ActivateWindow(Teletext)</onclick>
                </control>
                <control type="button" id="702">
                    <posx>140</posx>
                    <posy>0</posy>
                    <width>50</width>
                    <height>50</height>
                    <label>$LOCALIZE[13395]</label>
                    <font>-</font>
                    <texturefocus>topbar/topbar_video_settings_focus.png</texturefocus>
                    <texturenofocus>topbar/topbar_video_settings_nofocus.png</texturenofocus>
                    <onleft>701</onleft>
                    <onright>703</onright>
                    <onup>87</onup>
                    <ondown>87</ondown>
                    <onclick>ActivateWindow(OSDVideoSettings)</onclick>
                </control>
                <control type="button" id="703">
                    <posx>210</posx>
                    <posy>0</posy>
                    <width>50</width>
                    <height>50</height>
                    <label>$LOCALIZE[292] &amp; $LOCALIZE[287]</label>
                    <font>-</font>
                    <texturefocus>topbar/topbar_volume_up_focus.png</texturefocus>
                    <texturenofocus>topbar/topbar_volume_up_nofocus.png</texturenofocus>
                    <onleft>702</onleft>
                    <onright>704</onright>
                    <onup>87</onup>
                    <ondown>87</ondown>
                    <onclick>ActivateWindow(OSDAudioSettings)</onclick>
                </control>
                <control type="button" id="704">
                    <enable>VideoPlayer.IsStereoscopic</enable>
                    <animation effect="fade" start="100" end="50" time="100" condition="!VideoPlayer.IsStereoscopic">Conditional</animation>
                    <posx>280</posx>
                    <posy>0</posy>
                    <width>50</width>
                    <height>50</height>
                    <label>$LOCALIZE[36501]</label>
                    <font>-</font>
                    <texturefocus>topbar/topbar_3d_focus.png</texturefocus>
                    <texturenofocus>topbar/topbar_3d_nofocus.png</texturenofocus>
                    <onleft>703</onleft>
                    <onright>705</onright>
                    <onup>87</onup>
                    <ondown>87</ondown>
                    <onclick>StereoMode</onclick>
                </control>
                <control type="button" id="705">
                    <posx>350</posx>
                    <posy>0</posy>
                    <width>50</width>
                    <height>50</height>
                    <label>$LOCALIZE[544]</label>
                    <font>-</font>
                    <texturefocus>topbar/topbar_info_focus.png</texturefocus>
                    <texturenofocus>topbar/topbar_info_nofocus.png</texturenofocus>
                    <onleft>704</onleft>
                    <onright>600</onright>
                    <onup>87</onup>
                    <ondown>87</ondown>
                    <onclick>ActivateWindow(fullscreeninfo)</onclick>
                </control>
            </control>
            <control type="group">
                <visible>Control.HasFocus(410) | Control.HasFocus(250) | ControlGroup(400).HasFocus</visible>
                <include>VisibleFadeEffect</include>
                <posx>676</posx>
                <posy>115</posy>
                <control type="image" description="Menu BG">
                    <posx>0</posx>
                    <posy>-20</posy>
                    <width>567</width>
                    <height>473</height>
                    <texture border="90">common/bg_dialog.png</texture>
                </control>
                <control type="image">
                    <posx>45</posx>
                    <posy>-2</posy>
                    <width>477</width>
                    <height>79</height>
                    <texture>list/bg_facade_nofocus_top.png</texture>
                </control>
                <control type="button" id="410">
                    <description>Fake button for mouse control</description>
                    <posx>-55</posx>
                    <posy>0</posy>
                    <width>678</width>
                    <height>429</height>
                    <label>-</label>
                    <font>-</font>
                    <texturenofocus>-</texturenofocus>
                    <texturefocus>-</texturefocus>
                </control>
                <control type="grouplist" id="400">
                    <posx>45</posx>
                    <posy>77</posy>
                    <width>478</width>
                    <height>284</height>
                    <itemgap>0</itemgap>
                    <onleft>702</onleft>
                    <onright>704</onright>
                    <onup>250</onup>
                    <ondown>250</ondown>
                    <orientation>vertical</orientation>
                    <control type="togglebutton" id="401">
                        <description>Download with Subtitles script</description>
                        <label>33003</label>
                        <width>478</width>
                        <include>LeftMenuButton</include>
                        <onclick>Close</onclick>
                        <onclick>Dialog.Close(VideoOSD)</onclick>
                        <onclick>ActivateWindow(SubtitleSearch)</onclick>
                    </control>
                    <control type="button" id="402">
                        <visible>VideoPlayer.HasSubtitles + VideoPlayer.SubtitlesEnabled</visible>
                        <label>22006</label>
                        <width>478</width>
                        <include>LeftMenuButton</include>
                        <onclick>SubtitleDelay</onclick>
                    </control>
                    <control type="button" id="403">
                        <visible>VideoPlayer.HasSubtitles + VideoPlayer.SubtitlesEnabled</visible>
                        <label>209</label>
                        <width>478</width>
                        <include>LeftMenuButton</include>
                        <onclick>NextSubtitle</onclick>
                    </control>
                    <control type="radiobutton" id="404">
                        <visible>VideoPlayer.HasSubtitles</visible>
                        <label>449</label>
                        <width>478</width>
                        <radioposx>380</radioposx>
                        <include>LeftMenuButton</include>
                        <onclick>ShowSubtitles</onclick>
                        <selected>VideoPlayer.SubtitlesEnabled</selected>
                    </control>
                </control>
            </control>
        </control>
    </controls>
</window>
