<?xml version="1.0" encoding="utf-8"?>
<includes>
    <include name="View_51_Panel">
        <control type="group" description="Grid view">
            <visible>Control.IsVisible(51)</visible>
            <control type="image">
                <posx>657</posx>
                <posy>350</posy>
                <width>2058</width>
                <height>900</height>
                <texture border="90">common/bg_tvguide.png</texture>
            </control>
            <control type="image">
                <posx>693</posx>
                <posy>937</posy>
                <width>1227</width>
                <height>73</height>
                <texture border="3">list/bg_facade_nofocus_top.png</texture>
            </control>
            <control type="group" description="Container and frame">
                <control type="panel" id="51" description="Grid">
                    <viewtype label="Panel">Panel</viewtype>
                    <posx>693</posx>
                    <posy>406</posy>
                    <width>1227</width>
                    <height>602</height>
                    <orientation>vertical</orientation>
                    <onleft>9000</onleft>
                    <onright>60</onright>
                    <onup>51</onup>
                    <ondown>51</ondown>
                    <preloaditems>4</preloaditems>
                    <pagecontrol>60</pagecontrol>
                    <scrolltime>400</scrolltime>
                    <itemlayout condition="Container.content(MusicVideos) | Container.Content(Movies) | container.content(TVshows) | container.content(seasons)" height="297" width="201">
                        <control type="image">
                            <posx>0</posx>
                            <posy>0</posy>
                            <width>218</width>
                            <height>302</height>
                            <include>PosterThumb</include>
                            <include>ThumbBorder</include>
                        </control>
                        <control type="image">
                            <posx>160</posx>
                            <posy>244</posy>
                            <width>28</width>
                            <height>28</height>
                            <texture>$VAR[Overlay]</texture>
                        </control>
                    </itemlayout>
                    <focusedlayout condition="Container.content(MusicVideos) | Container.Content(Movies) | container.content(TVshows) | container.content(seasons)" height="297" width="201">
                        <control type="image">
                            <posx>0</posx>
                            <posy>0</posy>
                            <width>218</width>
                            <height>302</height>
                            <include>PosterThumb</include>
                            <include>ThumbBorderOverlay</include>
                        </control>
                        <control type="image">
                            <posx>160</posx>
                            <posy>244</posy>
                            <width>28</width>
                            <height>28</height>
                            <texture>$VAR[Overlay]</texture>
                        </control>
                    </focusedlayout>
                    <itemlayout condition="container.content(episodes)" height="297" width="405">
                        <control type="image">
                            <posx>0</posx>
                            <posy>0</posy>
                            <width>408</width>
                            <height>253</height>
                            <include>EpisodeThumb</include>
                            <include>ThumbBorder</include>
                        </control>
                        <control type="label">
                            <posx>204</posx>
                            <posy>235</posy>
                            <width>353</width>
                            <height>70</height>
                            <align>center</align>
                            <textcolor>ListNoFocusColor</textcolor>
                            <font>FacadePanelFont</font>
                            <scroll>false</scroll>
                            <label>$INFO[ListItem.Label]</label>
                        </control>
                        <control type="image">
                            <posx>350</posx>
                            <posy>195</posy>
                            <width>28</width>
                            <height>28</height>
                            <texture>$VAR[Overlay]</texture>
                        </control>
                    </itemlayout>
                    <focusedlayout condition="container.content(episodes)" height="297" width="268">
                        <control type="image">
                            <posx>0</posx>
                            <posy>0</posy>
                            <width>408</width>
                            <height>253</height>
                            <include>EpisodeThumb</include>
                            <include>ThumbBorderOverlay</include>
                        </control>
                        <control type="label">
                            <posx>204</posx>
                            <posy>235</posy>
                            <width>353</width>
                            <height>70</height>
                            <align>center</align>
                            <textcolor>ListFocusColor</textcolor>
                            <font>FacadePanelFont</font>
                            <scroll>false</scroll>
                            <label>$INFO[ListItem.Label]</label>
                        </control>
                        <control type="image">
                            <posx>350</posx>
                            <posy>195</posy>
                            <width>28</width>
                            <height>28</height>
                            <texture>$VAR[Overlay]</texture>
                        </control>
                    </focusedlayout>
                    <itemlayout condition="![container.content(episodes) | Container.content(MusicVideos) | Container.Content(Movies) | container.content(TVshows) | container.content(seasons)]" height="297" width="297">
                        <control type="image">
                            <posx>35</posx>
                            <posy>0</posy>
                            <width>263</width>
                            <height>263</height>
                            <include>SquareThumb</include>
                            <include>ThumbBorder</include>
                        </control>
                        <control type="label">
                            <posx>166</posx>
                            <posy>235</posy>
                            <width>249</width>
                            <height>70</height>
                            <align>center</align>
                            <textcolor>ListNoFocusColor</textcolor>
                            <font>FacadePanelFont</font>
                            <scroll>false</scroll>
                            <label>$INFO[ListItem.Label]</label>
                        </control>
                    </itemlayout>
                    <focusedlayout condition="![container.content(episodes) | Container.content(MusicVideos) | Container.Content(Movies) | container.content(TVshows) | container.content(seasons)]" height="297" width="403">
                        <control type="image">
                            <posx>35</posx>
                            <posy>0</posy>
                            <width>263</width>
                            <height>263</height>
                            <include>SquareThumb</include>
                            <include>ThumbBorderOverlay</include>
                        </control>
                        <control type="label">
                            <posx>166</posx>
                            <posy>235</posy>
                            <width>249</width>
                            <height>70</height>
                            <align>center</align>
                            <textcolor>ListFocusColor</textcolor>
                            <font>FacadePanelFont</font>
                            <scroll>false</scroll>
                            <label>$INFO[ListItem.Label]</label>
                        </control>
                    </focusedlayout>
                </control>
            </control>
            <control type="label">
                <include>FacadeNumItems</include>
                <label>$INFO[Container.NumItems] $LOCALIZE[31025]</label>
            </control>
            <control type="scrollbar" id="60">
                <animation effect="slide" start="0,0" end="-8,0" time="150">Focus</animation>
                <animation effect="slide" start="-8,0" end="0,0" time="300">UnFocus</animation>
                <posx>1899</posx>
                <posy>406</posy>
                <height>602</height>
                <include>VerticalScroller</include>
                <onleft>50</onleft>
                <onright>9000</onright>
            </control>
        </control>
    </include>
</includes>
