<?xml version="1.0" encoding="utf-8"?>
<includes>
    <include name="List_Layout">
        <itemlayout condition="![Container.content(MusicVideos) | Container.Content(movies) | container.content(tvshows) | container.content(episodes)]" height="73" width="660">
            <control type="image">
                <posx>0</posx>
                <posy>0</posy>
                <height>73</height>
                <width>660</width>
                <texture border="3">list/bg_facade_nofocus.png</texture>
            </control>
            <control type="label" description="Main Label">
                <visible>StringCompare(ListItem.Label2,)</visible>
                <posx>25</posx>
                <height>71</height>
                <width>605</width>
                <font>FacadeListMainFont</font>
                <textcolor>ListNoFocusColor</textcolor>
                <label>$INFO[ListItem.Label]</label>
            </control>
            <control type="label" description="Main Label">
                <visible>!StringCompare(ListItem.Label2,)</visible>
                <posx>25</posx>
                <height>42</height>
                <width>605</width>
                <font>FacadeListMainFont</font>
                <textcolor>ListNoFocusColor</textcolor>
                <label>$INFO[ListItem.Label]</label>
            </control>
            <control type="label" description="Label2">
                <visible>!StringCompare(ListItem.Label2,)</visible>
                <posx>25</posx>
                <posy>39</posy>
                <height>28</height>
                <width>605</width>
                <font>FacadeListSubFont</font>
                <textcolor>SublistNoFocusColor</textcolor>
                <label>$VAR[Details]</label>
            </control>
        </itemlayout>
        <focusedlayout condition="![Container.content(MusicVideos) | Container.Content(movies) | container.content(tvshows) | container.content(episodes)]" height="73" width="660">
            <control type="image">
                <posx>0</posx>
                <posy>0</posy>
                <height>73</height>
                <width>660</width>
                <texture border="3">list/bg_facade_focus.png</texture>
            </control>
            <control type="label" description="Main Label">
                <visible>StringCompare(ListItem.Label2,)</visible>
                <posx>25</posx>
                <height>71</height>
                <width>605</width>
                <font>FacadeListMainFont</font>
                <textcolor>ListFocusColor</textcolor>
                <label>$INFO[ListItem.Label]</label>
            </control>
            <control type="label" description="Main Label">
                <visible>!StringCompare(ListItem.Label2,)</visible>
                <posx>25</posx>
                <height>42</height>
                <width>605</width>
                <font>FacadeListMainFont</font>
                <textcolor>ListFocusColor</textcolor>
                <label>$INFO[ListItem.Label]</label>
            </control>
            <control type="label" description="Label2">
                <visible>!StringCompare(ListItem.Label2,)</visible>
                <posx>25</posx>
                <posy>39</posy>
                <height>28</height>
                <width>605</width>
                <font>FacadeListSubFont</font>
                <textcolor>SublistFocusColor</textcolor>
                <label>$VAR[Details]</label>
            </control>
        </focusedlayout>
        <itemlayout condition="Container.content(MusicVideos) | Container.Content(movies) | container.content(tvshows) | Container.Content(episodes)" height="73" width="660">
            <control type="image">
                <posx>0</posx>
                <posy>0</posy>
                <height>73</height>
                <width>660</width>
                <texture border="3">list/bg_facade_nofocus.png</texture>
            </control>
            <control type="label" description="Main Label">
                <visible>StringCompare(ListItem.Label2,)</visible>
                <posx>25</posx>
                <height>71</height>
                <width>555</width>
                <font>FacadeListMainFont</font>
                <textcolor>ListNoFocusColor</textcolor>
                <label>$INFO[ListItem.Label]</label>
            </control>
            <control type="label" description="Main Label">
                <visible>!StringCompare(ListItem.Label2,)</visible>
                <posx>25</posx>
                <height>42</height>
                <width>555</width>
                <font>FacadeListMainFont</font>
                <textcolor>ListNoFocusColor</textcolor>
                <label>$INFO[ListItem.Label]</label>
            </control>
            <control type="label" description="Label2">
                <visible>!StringCompare(ListItem.Label2,)</visible>
                <posx>25</posx>
                <posy>39</posy>
                <height>28</height>
                <width>605</width>
                <font>FacadeListSubFont</font>
                <textcolor>SublistNoFocusColor</textcolor>
                <label>$VAR[Details]</label>
            </control>
            <include>ListWatchedOverlayNoFocus</include>
        </itemlayout>
        <focusedlayout condition="Container.content(MusicVideos) | Container.Content(movies) | container.content(tvshows) | Container.Content(episodes)" height="73" width="660">
            <control type="image">
                <posx>0</posx>
                <posy>0</posy>
                <height>73</height>
                <width>660</width>
                <texture border="3">list/bg_facade_focus.png</texture>
            </control>
            <control type="label" description="Main Label">
                <visible>StringCompare(ListItem.Label2,)</visible>
                <posx>25</posx>
                <height>71</height>
                <width>555</width>
                <font>FacadeListMainFont</font>
                <textcolor>ListFocusColor</textcolor>
                <label>$INFO[ListItem.Label]</label>
            </control>
            <control type="label" description="Main Label">
                <visible>!StringCompare(ListItem.Label2,)</visible>
                <posx>25</posx>
                <height>42</height>
                <width>555</width>
                <font>FacadeListMainFont</font>
                <textcolor>ListFocusColor</textcolor>
                <label>$INFO[ListItem.Label]</label>
            </control>
            <control type="label" description="Label2">
                <visible>!StringCompare(ListItem.Label2,)</visible>
                <posx>25</posx>
                <posy>39</posy>
                <height>28</height>
                <width>605</width>
                <font>FacadeListSubFont</font>
                <textcolor>SublistFocusColor</textcolor>
                <label>$VAR[Details]</label>
            </control>
            <include>ListWatchedOverlayFocus</include>
        </focusedlayout>
    </include>
    <include name="View_50">
        <control type="group">
            <visible>Control.IsVisible(50)</visible>
            <include>Icon_Fade</include>
            <control type="image">
                <posx>1224</posx>
                <posy>350</posy>
                <width>2058</width>
                <height>900</height>
                <texture border="90">common/bg_tvguide.png</texture>
            </control>
            <control type="image">
                <posx>1260</posx>
                <posy>353</posy>
                <width>660</width>
                <height>73</height>
                <texture border="3">list/bg_facade_nofocus_top.png</texture>
            </control>
            <control type="image">
                <visible>!IntegerGreaterThan(Container(50).NumItems,7)</visible>
                <posx>1260</posx>
                <posy>939</posy>
                <width>660</width>
                <height>73</height>
                <texture border="3">list/bg_facade_nofocus_top.png</texture>
            </control>
            <control type="list" id="50">
                <viewtype label="535">List</viewtype>
                <posx>1260</posx>
                <posy>426</posy>
                <width>660</width>
                <height>584</height>
                <pagecontrol>60</pagecontrol>
                <onleft>9000</onleft>
                <onright>60</onright>
                <onup>50</onup>
                <ondown>50</ondown>
                <preloaditems>4</preloaditems>
                <include>List_Layout</include>
            </control>
            <control type="label">
                <include>FacadeNumItems</include>
                <label>$INFO[Container.NumItems] $LOCALIZE[31025]</label>
            </control>
            <control type="scrollbar" id="60">
                <animation effect="slide" start="0,0" end="-8,0" time="150">Focus</animation>
                <animation effect="slide" start="-8,0" end="0,0" time="300">UnFocus</animation>
                <posx>1899</posx>
                <posy>421</posy>
                <height>586</height>
                <include>VerticalScroller</include>
                <onleft>50</onleft>
                <onright>9000</onright>
            </control>
        </control>
    </include>
</includes>
