<?xml version="1.0" encoding="utf-8"?>
<includes>
    <include name="View_54_LowList">
        <control type="group" description="List">
            <visible>Control.IsVisible(54)</visible>
            <include>Icon_Fade</include>
            <control type="image">
                <posx>1224</posx>
                <posy>569</posy>
                <width>2058</width>
                <height>900</height>
                <texture border="90">common/bg_tvguide.png</texture>
            </control>
            <control type="image">
                <posx>1260</posx>
                <posy>572</posy>
                <width>660</width>
                <height>73</height>
                <texture border="3">list/bg_facade_nofocus_top.png</texture>
            </control>
            <control type="image">
                <visible>!IntegerGreaterThan(Container(54).NumItems,4)</visible>
                <posx>1260</posx>
                <posy>939</posy>
                <width>660</width>
                <height>73</height>
                <texture border="3">list/bg_facade_nofocus_top.png</texture>
            </control>
            <control type="list" id="54">
                <posx>1260</posx>
                <posy>645</posy>
                <width>660</width>
                <height>365</height>
                <onleft>9000</onleft>
                <onright>60</onright>
                <onup>54</onup>
                <ondown>54</ondown>
                <pagecontrol>60</pagecontrol>
                <viewtype label="Low List">Low List</viewtype>
                <preloaditems>4</preloaditems>
                <include>List_Layout</include>
            </control>
            <control type="label">
                <include>FacadeNumItems</include>
                <label>$INFO[Container.NumItems] $LOCALIZE[31025]</label>
            </control>
            <control type="scrollbar" id="60">
                <animation effect="slide" start="0,0" end="-8,0" time="150">Focus</animation>
                <animation effect="slide" start="-8,0" end="0,0" time="300">UnFocus</animation>
                <posx>1899</posx>
                <posy>645</posy>
                <height>365</height>
                <include>VerticalScroller</include>
                <onleft>54</onleft>
                <onright>9000</onright>
            </control>
        </control>
    </include>
</includes>
