<?xml version="1.0" encoding="utf-8"?>
<includes>
    <include name="View_55_BigPanel">
        <control type="group" description="Big Panel">
            <visible>Control.IsVisible(55)</visible>
            <control type="image">
                <visible>![Container.Content(TvShows) + Skin.HasSetting(55_UseBanners)]</visible>
                <posx>657</posx>
                <posy>94</posy>
                <width>2058</width>
                <height>1160</height>
                <texture border="90">common/bg_tvguide.png</texture>
            </control>
            <control type="image">
                <visible>![Container.Content(TvShows) + Skin.HasSetting(55_UseBanners)]</visible>
                <posx>693</posx>
                <posy>937</posy>
                <width>1227</width>
                <height>73</height>
                <texture border="3">list/bg_facade_nofocus_top.png</texture>
            </control>
            <control type="image">
                <visible>[Container.Content(TvShows) + Skin.HasSetting(55_UseBanners)]</visible>
                <posx>853</posx>
                <posy>94</posy>
                <width>2058</width>
                <height>1160</height>
                <texture border="90">common/bg_tvguide.png</texture>
            </control>
            <control type="image">
                <visible>[Container.Content(TvShows) + Skin.HasSetting(55_UseBanners)]</visible>
                <posx>889</posx>
                <posy>937</posy>
                <width>1227</width>
                <height>73</height>
                <texture border="3">list/bg_facade_nofocus_top.png</texture>
            </control>
            <control type="panel" id="55" description="Big Panel">
                <viewtype label="Big Panel">Big Panel</viewtype>
                <posx>693</posx>
                <posy>150</posy>
                <width>1227</width>
                <height>858</height>
                <orientation>vertical</orientation>
                <onleft>9000</onleft>
                <onright>60</onright>
                <onup>55</onup>
                <ondown>55</ondown>
                <preloaditems>4</preloaditems>
                <pagecontrol>60</pagecontrol>
                <itemlayout condition="Container.Content(TvShows) + Skin.HasSetting(55_UseBanners)" height="211" width="1250">
                    <control type="group">
                        <posx>196</posx>
                        <posy>0</posy>
                        <control type="image">
                            <posx>10</posx>
                            <posy>0</posy>
                            <width>1011</width>
                            <height>224</height>
                            <texture background="true">$VAR[Banner]</texture>
                            <aspectratio>stretch</aspectratio>
                            <include>ThumbBorder</include>
                        </control>
                        <control type="image">
                            <posx>963</posx>
                            <posy>166</posy>
                            <width>28</width>
                            <height>28</height>
                            <texture>$VAR[Overlay]</texture>
                        </control>
                    </control>
                </itemlayout>
                <focusedlayout condition="Container.Content(TvShows) + Skin.HasSetting(55_UseBanners)" height="211" width="1250">
                    <control type="group">
                        <posx>196</posx>
                        <posy>0</posy>
                        <control type="image">
                            <posx>10</posx>
                            <posy>0</posy>
                            <width>1011</width>
                            <height>224</height>
                            <texture background="true">$VAR[Banner]</texture>
                            <aspectratio>stretch</aspectratio>
                            <include>ThumbBorderOverlay</include>
                        </control>
                        <control type="image">
                            <posx>963</posx>
                            <posy>166</posy>
                            <width>28</width>
                            <height>28</height>
                            <texture>$VAR[Overlay]</texture>
                        </control>
                    </control>
                </focusedlayout>
                <itemlayout condition="container.content(MusicVideos) | [Container.Content(tvshows) + !Skin.HasSetting(55_UseBanners)] | Container.Content(Movies) | container.content(seasons)" height="425" width="305">
                    <control type="image">
                        <posx>0</posx>
                        <posy>0</posy>
                        <width>302</width>
                        <height>430</height>
                        <include>PosterThumb</include>
                        <include>ThumbBorder</include>
                    </control>
                    <control type="image">
                        <posx>244</posx>
                        <posy>372</posy>
                        <width>28</width>
                        <height>28</height>
                        <texture>$VAR[Overlay]</texture>
                    </control>
                </itemlayout>
                <focusedlayout condition="container.content(MusicVideos) | [Container.Content(tvshows) + !Skin.HasSetting(55_UseBanners)] | Container.Content(Movies) | container.content(seasons)" height="297" width="201">
                    <control type="image">
                        <posx>0</posx>
                        <posy>0</posy>
                        <width>302</width>
                        <height>430</height>
                        <include>PosterThumb</include>
                        <include>ThumbBorderOverlay</include>
                    </control>
                    <control type="image">
                        <posx>244</posx>
                        <posy>372</posy>
                        <width>28</width>
                        <height>28</height>
                        <texture>$VAR[Overlay]</texture>
                    </control>
                </focusedlayout>
                <itemlayout condition="container.content(episodes)" height="283" width="405">
                    <control type="image">
                        <posx>0</posx>
                        <posy>0</posy>
                        <width>408</width>
                        <height>253</height>
                        <include>EpisodeThumb</include>
                        <include>ThumbBorder</include>
                    </control>
                    <control type="label">
                        <posx>204</posx>
                        <posy>225</posy>
                        <width>353</width>
                        <height>70</height>
                        <align>center</align>
                        <textcolor>ListFocusColor</textcolor>
                        <font>FacadePanelFont</font>
                        <scroll>false</scroll>
                        <label>$INFO[ListItem.Label]</label>
                    </control>
                    <control type="image">
                        <posx>350</posx>
                        <posy>195</posy>
                        <width>28</width>
                        <height>28</height>
                        <texture>$VAR[Overlay]</texture>
                    </control>
                </itemlayout>
                <focusedlayout condition="container.content(episodes)" height="283" width="405">
                    <control type="image">
                        <posx>0</posx>
                        <posy>0</posy>
                        <width>408</width>
                        <height>253</height>
                        <include>EpisodeThumb</include>
                        <include>ThumbBorderOverlay</include>
                    </control>
                    <control type="label">
                        <posx>204</posx>
                        <posy>225</posy>
                        <width>353</width>
                        <height>70</height>
                        <align>center</align>
                        <textcolor>ListFocusColor</textcolor>
                        <font>FacadePanelFont</font>
                        <scroll>false</scroll>
                        <label>$INFO[ListItem.Label]</label>
                    </control>
                    <control type="image">
                        <posx>350</posx>
                        <posy>195</posy>
                        <width>28</width>
                        <height>28</height>
                        <texture>$VAR[Overlay]</texture>
                    </control>
                </focusedlayout>
                <itemlayout condition="![Container.Content(tvshows) | Container.Content(Movies) | container.content(seasons) | container.content(episodes)]" height="283" width="240">
                    <control type="image">
                        <posx>0</posx>
                        <posy>0</posy>
                        <width>253</width>
                        <height>253</height>
                        <include>SquareThumb</include>
                        <include>ThumbBorder</include>
                    </control>
                    <control type="label">
                        <posx>127</posx>
                        <posy>225</posy>
                        <width>200</width>
                        <height>70</height>
                        <align>center</align>
                        <textcolor>ListFocusColor</textcolor>
                        <font>FacadePanelFont</font>
                        <scroll>false</scroll>
                        <label>$INFO[ListItem.Label]</label>
                    </control>
                </itemlayout>
                <focusedlayout condition="![Container.Content(tvshows) | Container.Content(Movies) | container.content(seasons) | container.content(episodes)]" height="283" width="240">
                    <control type="image">
                        <posx>0</posx>
                        <posy>0</posy>
                        <width>253</width>
                        <height>253</height>
                        <include>SquareThumb</include>
                        <include>ThumbBorderOverlay</include>
                    </control>
                    <control type="label">
                        <posx>127</posx>
                        <posy>225</posy>
                        <width>200</width>
                        <height>70</height>
                        <align>center</align>
                        <textcolor>ListFocusColor</textcolor>
                        <font>FacadePanelFont</font>
                        <scroll>false</scroll>
                        <label>$INFO[ListItem.Label]</label>
                    </control>
                </focusedlayout>
            </control>
            <control type="label">
                <include>FacadeNumItems</include>
                <label>$INFO[Container.NumItems] $LOCALIZE[31025]</label>
            </control>
            <control type="scrollbar" id="60">
                <animation effect="slide" start="0,0" end="-8,0" time="150">Focus</animation>
                <animation effect="slide" start="-8,0" end="0,0" time="300">UnFocus</animation>
                <posx>1899</posx>
                <posy>150</posy>
                <height>858</height>
                <include>VerticalScroller</include>
                <onleft>55</onleft>
                <onright>9000</onright>
            </control>
        </control>
    </include>
</includes>
