<?xml version="1.0" encoding="utf-8"?>
<includes>
    <include name="FooterInfo">
        <control type="image">
            <visible>Control.IsVisible(53)</visible>
            <posx>-100</posx>
            <posy>750</posy>
            <width>2400</width>
            <height>330</height>
            <texture>common/HomeGradient.png</texture>
        </control>
        <control type="label" description="Title Label">
            <posx>45</posx>
            <posy>938</posy>
            <width>1830</width>
            <height>45</height>
            <align>center</align>
            <font>InfoTitleFont</font>
            <textcolor>MainColor</textcolor>
            <shadowcolor>ShadowColor</shadowcolor>
            <label>$INFO[ListItem.Label]</label>
        </control>
        <control type="label" description="Details">
            <posx>410</posx>
            <posy>1015</posy>
            <height>33</height>
            <width>1120</width>
            <align>center</align>
            <font>InfoDetailsFont</font>
            <textcolor>AlternateColor</textcolor>
            <scroll>false</scroll>
            <label>$VAR[Fanart_Details]</label>
        </control>
        <control type="image" description="Stars">
            <visible>![Container.content(actors) | container.content(albums) | container.content(addons)]+[SubString(ListItem.StarRating,rating1)|SubString(ListItem.StarRating,rating2)|SubString(ListItem.StarRating,rating3)|SubString(ListItem.StarRating,rating4)|SubString(ListItem.StarRating,rating5)]</visible>
            <posx>1715</posx>
            <posy>1015</posy>
            <align>right</align>
            <include>Stars</include>
        </control>
        <control type="label" description="Stars">
            <visible>![Container.content(actors) | container.content(albums) | container.content(addons)]+[SubString(ListItem.StarRating,rating1)|SubString(ListItem.StarRating,rating2)|SubString(ListItem.StarRating,rating3)|SubString(ListItem.StarRating,rating4)|SubString(ListItem.StarRating,rating5)]</visible>
            <posx>1690</posx>
            <posy>1016</posy>
            <height>33</height>
            <width>1120</width>
            <align>right</align>
            <font>InfoDetailsFont</font>
            <textcolor>AlternateColor</textcolor>
            <scroll>false</scroll>
            <label fallback="416">$INFO[ListItem.Rating]</label>
        </control>
        <control type="image" description="3D badge">
            <visible>Window.IsActive(MyVideoNav.xml) + ListItem.IsStereoscopic</visible>
            <posx>110</posx>
            <posy>1020</posy>
            <height>30</height>
            <width>54</width>
            <aspectratio aligny="bottom" align="left">keep</aspectratio>
            <texture>badges/3D.png</texture>
        </control>
        <control type="image" description="HD badge">
            <visible>Window.IsActive(MyVideoNav.xml) + ![ListItem.IsFolder | IsEmpty(ListItem.VideoResolution) | !IntegerGreaterThan(ListItem.VideoResolution,710)]</visible>
            <posx>45</posx>
            <posy>1020</posy>
            <height>30</height>
            <width>54</width>
            <aspectratio aligny="bottom" align="left">keep</aspectratio>
            <texture>badges/HD.png</texture>
        </control>
    </include>
    <include name="View_59_Showcase">
        <control type="image">
            <include>Icon_Fade</include>
            <visible>!Control.hasfocus(7000)+[Control.IsVisible(57) | Control.IsVisible(58) | Control.IsVisible(59)]</visible>
            <posx>-100</posx>
            <posy>750</posy>
            <width>2400</width>
            <height>330</height>
            <texture>common/HomeGradient.png</texture>
        </control>
        <control type="image">
            <include>Icon_Fade</include>
            <visible>Control.hasfocus(7000)+[Control.IsVisible(57)]+!StringCompare(ListItem.Label,)+!StringCompare(ListItem.Label,..)</visible>
            <posx>-100</posx>
            <posy>629</posy>
            <width>2258</width>
            <height>900</height>
            <texture border="90">common/bg_tvguide.png</texture>
        </control>
        <control type="image">
            <include>Icon_Fade</include>
            <visible>Control.hasfocus(7000)+[Control.IsVisible(58)]+!StringCompare(ListItem.Label,)+!StringCompare(ListItem.Label,..)</visible>
            <posx>-100</posx>
            <posy>629</posy>
            <width>2258</width>
            <height>900</height>
            <texture border="90">common/bg_tvguide.png</texture>
        </control>
        <control type="image">
            <include>Icon_Fade</include>
            <visible>Control.hasfocus(7000)+[Control.IsVisible(59)]+!StringCompare(ListItem.Label,)+!StringCompare(ListItem.Label,..)</visible>
            <posx>-100</posx>
            <posy>569</posy>
            <width>2258</width>
            <height>900</height>
            <texture border="90">common/bg_tvguide.png</texture>
        </control>
        <control type="group" description="Showcase 59 Movies TV Seasons">
            <visible>Control.IsVisible(59)</visible>
            <control type="fixedlist" id="59">
                <visible>[container.content(MusicVideos) + Window.IsActive(myvideonav.xml)] | Container.content(actors) | container.content(movies) | container.content(sets) | container.content(tvshows) | container.content(seasons)</visible>
                <animation effect="slide" easing="out" start="0,0" end="0,800" time="0" delay="0" center="120,350" reversible="true" condition="Control.HasFocus(7000)">Conditional</animation>
                <posx>-242</posx>
                <posy>519</posy>
                <width>2360</width>
                <height>500</height>
                <onleft>59</onleft>
                <onright>59</onright>
                <onup>9000</onup>
                <ondown condition="Skin.HasSetting(Posters_Gallery)+!Container.content(actors)">7000</ondown>
                <ondown condition="!Skin.HasSetting(Posters_Gallery)+!Container.content(actors)">60</ondown>
                <viewtype label="20445">Fanart</viewtype>
                <pagecontrol>60</pagecontrol>
                <orientation>horizontal</orientation>
                <scrolltime>250</scrolltime>
                <focusposition>4</focusposition>
                <movement>3</movement>
                <preloaditems>4</preloaditems>
                <itemlayout height="400" width="268">
                    <control type="image">
                        <posx>0</posx>
                        <posy>0</posy>
                        <width>274</width>
                        <height>387</height>
                        <include>PosterThumb</include>
                        <include>ThumbBorder</include>
                    </control>
                    <control type="image" description="Thumb">
                        <posx>27</posx>
                        <posy>399</posy>
                        <width>220</width>
                        <height>263</height>
                        <texture flipy="true" diffuse="common/Thumb_Mask.png" fallback="common/BlackDotT.png">$VAR[Thumbs]</texture>
                        <colordiffuse>UnfocusedIconColor</colordiffuse>
                    </control>
                    <control type="image" description="Thumb">
                        <posx>0</posx>
                        <posy>372</posy>
                        <width>274</width>
                        <height>387</height>
                        <texture border="37" flipy="true" diffuse="common/Thumb_Mask.png">common/JewelCase.png</texture>
                        <colordiffuse>UnfocusedIconColor</colordiffuse>
                    </control>
                    <control type="image">
                        <posx>216</posx>
                        <posy>329</posy>
                        <width>28</width>
                        <height>28</height>
                        <texture>$VAR[Overlay]</texture>
                    </control>
                </itemlayout>
                <focusedlayout height="400" width="268">
                    <control type="image">
                        <posx>0</posx>
                        <posy>0</posy>
                        <width>274</width>
                        <height>387</height>
                        <include>PosterThumb</include>
                        <include>ThumbBorderOverlay</include>
                    </control>
                    <control type="image" description="Thumb">
                        <posx>27</posx>
                        <posy>399</posy>
                        <width>220</width>
                        <height>263</height>
                        <texture flipy="true" diffuse="common/Thumb_Mask.png" fallback="common/BlackDotT.png">$VAR[Thumbs]</texture>
                    </control>
                    <control type="image" description="Thumb">
                        <posx>0</posx>
                        <posy>372</posy>
                        <width>274</width>
                        <height>387</height>
                        <texture border="37" flipy="true" diffuse="common/Thumb_Mask.png">common/JewelCaseOverlay.png</texture>
                    </control>
                    <control type="image">
                        <posx>216</posx>
                        <posy>329</posy>
                        <width>28</width>
                        <height>28</height>
                        <texture>$VAR[Overlay]</texture>
                    </control>
                </focusedlayout>
            </control>
            <control type="group">
                <visible>Skin.HasSetting(Posters_Gallery)</visible>
                <visible allowhiddenfocus="true">Control.HasFocus(7000)</visible>
                <include>Icon_Fade</include>
                <control type="button" id="7000">
                    <include>HiddenButton</include>
                    <onup>59</onup>
                    <ondown>59</ondown>
                    <onclick>Control.SetFocus(59)</onclick>
                    <onleft>Control.Move(59,-1)</onleft>
                    <onright>Control.Move(59,1)</onright>
                </control>
                <control type="group" description="Movies and shows">
                    <posy>219</posy>
                    <control type="image" description="Thumb">
                        <posx>18</posx>
                        <posy>411</posy>
                        <width>318</width>
                        <height>435</height>
                        <include>PosterThumb</include>
                        <include>ThumbBorder</include>
                    </control>
                    <control type="image">
                        <posx>278</posx>
                        <posy>788</posy>
                        <width>28</width>
                        <height>28</height>
                        <texture>$VAR[Overlay]</texture>
                    </control>
                </control>
                <control type="group" description="Media info">
                    <visible>!StringCompare(ListItem.Title,)</visible>
                    <posx>323</posx>
                    <posy>645</posy>
                    <control type="label" description="Title">
                        <posx>TextMargin</posx>
                        <posy>-12</posy>
                        <width>1507</width>
                        <height>71</height>
                        <font>InfoTitleFont</font>
                        <textcolor>MainColor</textcolor>
                        <align>left</align>
                        <scroll>false</scroll>
                        <label>$INFO[ListItem.Title]</label>
                    </control>
                    <control type="image">
                        <posx>0</posx>
                        <posy>0</posy>
                        <width>1597</width>
                        <height>73</height>
                        <texture border="3">list/bg_facade_nofocus_top.png</texture>
                    </control>
                    <control type="image" description="Stars">
                        <posx>TextMargin</posx>
                        <posy>92</posy>
                        <include>Stars</include>
                    </control>
                    <control type="label" description="Rating">
                        <posx>245</posx>
                        <posy>73</posy>
                        <width>632</width>
                        <height>71</height>
                        <font>InfoRatingFont</font>
                        <textcolor>AlternateColor</textcolor>
                        <scroll>false</scroll>
                        <label fallback="416">$INFO[ListItem.Rating]</label>
                    </control>
                    <control type="image" description="3D badge">
                        <visible>ListItem.IsStereoscopic</visible>
                        <posx>1432</posx>
                        <posy>95</posy>
                        <height>30</height>
                        <width>54</width>
                        <aspectratio aligny="bottom" align="right">keep</aspectratio>
                        <texture>badges/3D.png</texture>
                    </control>
                    <control type="image" description="HD badge">
                        <visible>![ListItem.IsFolder | IsEmpty(ListItem.VideoResolution) | !IntegerGreaterThan(ListItem.VideoResolution,710)]</visible>
                        <posx>1497</posx>
                        <posy>95</posy>
                        <height>30</height>
                        <width>54</width>
                        <aspectratio aligny="bottom" align="right">keep</aspectratio>
                        <texture>badges/HD.png</texture>
                    </control>
                    <control type="image">
                        <posx>0</posx>
                        <posy>73</posy>
                        <width>1597</width>
                        <height>73</height>
                        <texture border="3">list/bg_facade_nofocus_top.png</texture>
                    </control>
                    <control type="label" description="Details">
                        <posx>TextMargin</posx>
                        <posy>146</posy>
                        <width>1507</width>
                        <height>71</height>
                        <font>InfoDetailsFont</font>
                        <textcolor>AlternateColor</textcolor>
                        <scroll>false</scroll>
                        <label>$VAR[Details]</label>
                    </control>
                    <control type="label" description="Details">
                        <posx>1552</posx>
                        <posy>146</posy>
                        <width>950</width>
                        <height>71</height>
                        <align>right</align>
                        <font>InfoDetailsFont</font>
                        <textcolor>AlternateColor</textcolor>
                        <scroll>false</scroll>
                        <label>$INFO[ListItem.Genre]</label>
                    </control>
                    <control type="image">
                        <posx>0</posx>
                        <posy>146</posy>
                        <width>1597</width>
                        <height>73</height>
                        <texture border="3">list/bg_facade_nofocus_top.png</texture>
                    </control>
                    <control type="textbox" description="Plot51">
                        <posx>TextMargin</posx>
                        <posy>230</posy>
                        <width>1507</width>
                        <height>166</height>
                        <font>InfoPlotFont</font>
                        <textcolor>MainColor</textcolor>
                        <label>$VAR[Plots]</label>
                    </control>
                </control>
            </control>
            <control type="scrollbar" id="60">
                <animation effect="slide" start="0,0" end="0,-8" time="150">Focus</animation>
                <animation effect="slide" start="0,-8" end="0,0" time="300">UnFocus</animation>
                <posx>90</posx>
                <posy>1059</posy>
                <width>1750</width>
                <include>HorizontalScroller</include>
                <onup>59</onup>
                <onright>noop</onright>
            </control>
        </control>
        <control type="group" description="Showcase 58 Squares">
            <visible>Control.IsVisible(58)</visible>
            <control type="fixedlist" id="58">
                <visible>![[container.content(MusicVideos) + Window.IsActive(myvideonav.xml)] | Container.content(actors) | container.content(movies) | container.content(sets) | container.content(tvshows) | container.content(seasons) | container.content(episodes)]</visible>
                <animation effect="slide" easing="out" start="0,0" end="0,800" time="0" delay="0" center="120,350" reversible="true" condition="Control.HasFocus(7000)">Conditional</animation>
                <posx>-342</posx>
                <posy>539</posy>
                <width>2255</width>
                <height>500</height>
                <onleft>58</onleft>
                <onright>58</onright>
                <onup>9000</onup>
                <ondown condition="[container.content(artists) | container.content(albums)] + Skin.HasSetting(Music_Gallery)">7000</ondown>
                <ondown condition="![[container.content(artists) | container.content(albums)] + Skin.HasSetting(Music_Gallery)]">60</ondown>
                <viewtype label="20445">Fanart</viewtype>
                <pagecontrol>60</pagecontrol>
                <orientation>horizontal</orientation>
                <scrolltime>250</scrolltime>
                <focusposition>3</focusposition>
                <movement>2</movement>
                <preloaditems>4</preloaditems>
                <itemlayout height="400" width="375">
                    <control type="image">
                        <posx>0</posx>
                        <posy>0</posy>
                        <width>364</width>
                        <height>364</height>
                        <aspectratio scalediffuse="false" aligny="bottom">keep</aspectratio>
                        <include>SquareThumb</include>
                        <include>ThumbBorder</include>
                    </control>
                    <control type="image" description="Thumb">
                        <posx>27</posx>
                        <posy>374</posy>
                        <width>310</width>
                        <height>270</height>
                        <texture flipy="true" diffuse="common/Thumb_Mask.png" fallback="common/BlackDotT.png">$VAR[Thumbs]</texture>
                        <colordiffuse>UnfocusedIconColor</colordiffuse>
                    </control>
                    <control type="image" description="Thumb">
                        <posx>0</posx>
                        <posy>347</posy>
                        <width>364</width>
                        <height>364</height>
                        <texture border="37" flipy="true" diffuse="common/Thumb_Mask.png">common/JewelCase.png</texture>
                        <colordiffuse>UnfocusedIconColor</colordiffuse>
                    </control>
                </itemlayout>
                <focusedlayout height="400" width="375">
                    <control type="image">
                        <posx>0</posx>
                        <posy>0</posy>
                        <width>364</width>
                        <height>364</height>
                        <aspectratio scalediffuse="false" aligny="bottom">keep</aspectratio>
                        <include>SquareThumb</include>
                        <include>ThumbBorderOverlay</include>
                    </control>
                    <control type="image" description="Thumb">
                        <posx>27</posx>
                        <posy>374</posy>
                        <width>310</width>
                        <height>270</height>
                        <texture flipy="true" diffuse="common/Thumb_Mask.png" fallback="common/BlackDotT.png">$VAR[Thumbs]</texture>
                    </control>
                    <control type="image" description="Thumb">
                        <posx>0</posx>
                        <posy>347</posy>
                        <width>364</width>
                        <height>364</height>
                        <texture border="37" flipy="true" diffuse="common/Thumb_Mask.png">common/JewelCaseOverlay.png</texture>
                    </control>
                </focusedlayout>
            </control>
            <control type="group">
                <visible>Skin.HasSetting(Music_Gallery)</visible>
                <visible allowhiddenfocus="true">Control.HasFocus(7000)</visible>
                <include>Icon_Fade</include>
                <control type="button" id="7000">
                    <include>HiddenButton</include>
                    <onup>58</onup>
                    <ondown>58</ondown>
                    <onclick>Control.SetFocus(58)</onclick>
                    <onleft>Control.Move(58,-1)</onleft>
                    <onright>Control.Move(58,1)</onright>
                </control>
                <control type="group" description="Movies and shows">
                    <posy>279</posy>
                    <control type="image" description="Thumb">
                        <posx>18</posx>
                        <posy>411</posy>
                        <width>375</width>
                        <height>375</height>
                        <include>PosterThumb</include>
                        <include>ThumbBorder</include>
                    </control>
                </control>
                <control type="group" description="Media info">
                    <visible>!StringCompare(ListItem.Label,)+!StringCompare(ListItem.Label,..)+!Skin.HasSetting(plexbmc)</visible>
                    <posx>380</posx>
                    <posy>705</posy>
                    <control type="label" description="Title">
                        <posx>TextMargin</posx>
                        <posy>-12</posy>
                        <width>1450</width>
                        <height>71</height>
                        <font>InfoTitleFont</font>
                        <textcolor>MainColor</textcolor>
                        <align>left</align>
                        <scroll>false</scroll>
                        <label>$INFO[ListItem.Label]</label>
                    </control>
                    <control type="image">
                        <posx>0</posx>
                        <posy>0</posy>
                        <width>1597</width>
                        <height>73</height>
                        <texture border="3">list/bg_facade_nofocus_top.png</texture>
                    </control>
                    <control type="image" description="Stars">
                        <posx>TextMargin</posx>
                        <posy>92</posy>
                        <include>Stars</include>
                    </control>
                    <control type="label" description="Rating">
                        <posx>245</posx>
                        <posy>73</posy>
                        <width>632</width>
                        <height>71</height>
                        <font>InfoRatingFont</font>
                        <textcolor>AlternateColor</textcolor>
                        <scroll>false</scroll>
                        <label fallback="416">$INFO[ListItem.Rating]</label>
                    </control>
                    <control type="image">
                        <posx>0</posx>
                        <posy>73</posy>
                        <width>1597</width>
                        <height>73</height>
                        <texture border="3">list/bg_facade_nofocus_top.png</texture>
                    </control>
                    <control type="label" description="Details">
                        <posx>1495</posx>
                        <posy>73</posy>
                        <width>950</width>
                        <height>71</height>
                        <align>right</align>
                        <font>InfoDetailsFont</font>
                        <textcolor>AlternateColor</textcolor>
                        <scroll>false</scroll>
                        <label>$VAR[Details]</label>
                    </control>
                    <control type="textbox" description="Plot51">
                        <posx>TextMargin</posx>
                        <posy>157</posy>
                        <width>1450</width>
                        <height>166</height>
                        <font>InfoPlotFont</font>
                        <textcolor>MainColor</textcolor>
                        <label>$VAR[Plots]</label>
                    </control>
                </control>
                <control type="group" description="Media info">
                    <visible>!StringCompare(ListItem.Label,)+!StringCompare(ListItem.Label,..)+Skin.HasSetting(plexbmc)</visible>
                    <posx>380</posx>
                    <posy>705</posy>
                    <control type="label" description="Title">
                        <posx>TextMargin</posx>
                        <posy>-12</posy>
                        <width>1450</width>
                        <height>71</height>
                        <font>InfoTitleFont</font>
                        <textcolor>MainColor</textcolor>
                        <align>left</align>
                        <scroll>false</scroll>
                        <label>$INFO[ListItem.Label]</label>
                    </control>
                    <control type="image">
                        <posx>0</posx>
                        <posy>0</posy>
                        <width>1597</width>
                        <height>73</height>
                        <texture border="3">list/bg_facade_nofocus_top.png</texture>
                    </control>
                    <control type="textbox" description="Plot51">
                        <posx>TextMargin</posx>
                        <posy>84</posy>
                        <width>1450</width>
                        <height>250</height>
                        <font>InfoPlotFont</font>
                        <textcolor>AlternateBrightColor</textcolor>
                        <label>$VAR[Plots]</label>
                    </control>
                </control>
            </control>
            <control type="scrollbar" id="60">
                <animation effect="slide" start="0,0" end="0,-8" time="150">Focus</animation>
                <animation effect="slide" start="0,-8" end="0,0" time="300">UnFocus</animation>
                <posx>90</posx>
                <posy>1059</posy>
                <width>1750</width>
                <include>HorizontalScroller</include>
                <onup>58</onup>
                <onright>noop</onright>
            </control>
        </control>
        <control type="group" description="Showcase 57 Episodes">
            <visible>Control.IsVisible(57)</visible>
            <control type="fixedlist" id="57">
                <visible>container.content(episodes)</visible>
                <animation effect="slide" easing="out" start="0,0" end="0,800" time="0" delay="0" center="120,350" reversible="true" condition="Control.HasFocus(7000)">Conditional</animation>
                <posx>15</posx>
                <posy>609</posy>
                <width>1950</width>
                <height>500</height>
                <onleft>57</onleft>
                <onright>57</onright>
                <onup>9000</onup>
                <ondown condition="Skin.HasSetting(Posters_Gallery)">7000</ondown>
                <ondown condition="!Skin.HasSetting(Posters_Gallery)">60</ondown>
                <viewtype label="20445">Fanart</viewtype>
                <pagecontrol>60</pagecontrol>
                <orientation>horizontal</orientation>
                <scrolltime>250</scrolltime>
                <focusposition>1</focusposition>
                <movement>2</movement>
                <preloaditems>4</preloaditems>
                <itemlayout height="400" width="474">
                    <control type="image">
                        <posx>0</posx>
                        <posy>0</posy>
                        <width>480</width>
                        <height>294</height>
                        <include>EpisodeThumb</include>
                        <include>ThumbBorder</include>
                    </control>
                    <control type="image" description="Thumb">
                        <posx>27</posx>
                        <posy>304</posy>
                        <width>426</width>
                        <height>200</height>
                        <texture flipy="true" diffuse="common/Thumb_Mask.png" fallback="common/BlackDotT.png">$VAR[Thumbs]</texture>
                        <colordiffuse>UnfocusedIconColor</colordiffuse>
                    </control>
                    <control type="image" description="Thumb">
                        <posx>0</posx>
                        <posy>277</posy>
                        <width>480</width>
                        <height>294</height>
                        <texture border="37" flipy="true" diffuse="common/Thumb_Mask.png">common/JewelCase.png</texture>
                        <colordiffuse>UnfocusedIconColor</colordiffuse>
                    </control>
                    <control type="image">
                        <posx>422</posx>
                        <posy>236</posy>
                        <width>28</width>
                        <height>28</height>
                        <texture>$VAR[Overlay]</texture>
                    </control>
                </itemlayout>
                <focusedlayout height="400" width="474">
                    <control type="image">
                        <posx>0</posx>
                        <posy>0</posy>
                        <width>480</width>
                        <height>294</height>
                        <include>EpisodeThumb</include>
                        <include>ThumbBorderOverlay</include>
                    </control>
                    <control type="image" description="Thumb">
                        <posx>27</posx>
                        <posy>304</posy>
                        <width>426</width>
                        <height>200</height>
                        <texture flipy="true" diffuse="common/Thumb_Mask.png" fallback="common/BlackDotT.png">$VAR[Thumbs]</texture>
                    </control>
                    <control type="image" description="Thumb">
                        <posx>0</posx>
                        <posy>277</posy>
                        <width>480</width>
                        <height>294</height>
                        <texture border="37" flipy="true" diffuse="common/Thumb_Mask.png">common/JewelCaseOverlay.png</texture>
                    </control>
                    <control type="image">
                        <posx>422</posx>
                        <posy>236</posy>
                        <width>28</width>
                        <height>28</height>
                        <texture>$VAR[Overlay]</texture>
                    </control>
                </focusedlayout>
            </control>
            <control type="group">
                <visible>Skin.HasSetting(Episodes_Gallery)</visible>
                <visible allowhiddenfocus="true">Control.HasFocus(7000)</visible>
                <include>Icon_Fade</include>
                <control type="button" id="7000">
                    <include>HiddenButton</include>
                    <onup>57</onup>
                    <ondown>57</ondown>
                    <onclick>Control.SetFocus(57)</onclick>
                    <onleft>Control.Move(57,-1)</onleft>
                    <onright>Control.Move(57,1)</onright>
                </control>
                <control type="group" description="Movies and shows">
                    <posy>279</posy>
                    <control type="image" description="Thumb">
                        <posx>18</posx>
                        <posy>411</posy>
                        <width>624</width>
                        <height>375</height>
                        <include>PosterThumb</include>
                        <include>ThumbBorder</include>
                    </control>
                    <control type="image">
                        <posx>584</posx>
                        <posy>728</posy>
                        <width>28</width>
                        <height>28</height>
                        <texture>$VAR[Overlay]</texture>
                    </control>
                </control>
                <control type="group" description="Media info">
                    <visible>!StringCompare(ListItem.Title,)+!StringCompare(ListItem.Label,..)</visible>
                    <posx>629</posx>
                    <posy>705</posy>
                    <control type="label" description="Title">
                        <posx>TextMargin</posx>
                        <posy>-12</posy>
                        <width>1201</width>
                        <height>71</height>
                        <font>InfoTitleFont</font>
                        <textcolor>MainColor</textcolor>
                        <align>left</align>
                        <scroll>false</scroll>
                        <label>$INFO[ListItem.Title]</label>
                    </control>
                    <control type="image">
                        <posx>0</posx>
                        <posy>0</posy>
                        <width>1597</width>
                        <height>73</height>
                        <texture border="3">list/bg_facade_nofocus_top.png</texture>
                    </control>
                    <control type="image" description="Stars">
                        <posx>TextMargin</posx>
                        <posy>92</posy>
                        <include>Stars</include>
                    </control>
                    <control type="label" description="Rating">
                        <posx>245</posx>
                        <posy>73</posy>
                        <width>632</width>
                        <height>71</height>
                        <font>InfoRatingFont</font>
                        <textcolor>AlternateColor</textcolor>
                        <scroll>false</scroll>
                        <label fallback="416">$INFO[ListItem.Rating]</label>
                    </control>
                    <control type="image" description="3D badge">
                        <visible>ListItem.IsStereoscopic</visible>
                        <posx>1124</posx>
                        <posy>14</posy>
                        <height>30</height>
                        <width>54</width>
                        <aspectratio aligny="bottom" align="right">keep</aspectratio>
                        <texture>badges/3D.png</texture>
                    </control>
                    <control type="image" description="HD badge">
                        <visible>![ListItem.IsFolder | IsEmpty(ListItem.VideoResolution) | !IntegerGreaterThan(ListItem.VideoResolution,710)]</visible>
                        <posx>1189</posx>
                        <posy>14</posy>
                        <height>30</height>
                        <width>54</width>
                        <aspectratio aligny="bottom" align="right">keep</aspectratio>
                        <texture>badges/HD.png</texture>
                    </control>
                    <control type="image">
                        <posx>0</posx>
                        <posy>73</posy>
                        <width>1597</width>
                        <height>73</height>
                        <texture border="3">list/bg_facade_nofocus_top.png</texture>
                    </control>
                    <control type="label" description="Details">
                        <posx>1246</posx>
                        <posy>73</posy>
                        <width>950</width>
                        <height>71</height>
                        <align>right</align>
                        <font>InfoDetailsFont</font>
                        <textcolor>AlternateColor</textcolor>
                        <scroll>false</scroll>
                        <label>$VAR[Details]</label>
                    </control>
                    <control type="textbox" description="Plot51">
                        <posx>TextMargin</posx>
                        <posy>157</posy>
                        <width>1201</width>
                        <height>166</height>
                        <font>InfoPlotFont</font>
                        <textcolor>MainColor</textcolor>
                        <label>$VAR[Plots]</label>
                    </control>
                </control>
            </control>
            <control type="scrollbar" id="60">
                <animation effect="slide" start="0,0" end="0,-8" time="150">Focus</animation>
                <animation effect="slide" start="0,-8" end="0,0" time="300">UnFocus</animation>
                <posx>90</posx>
                <posy>1059</posy>
                <width>1750</width>
                <include>HorizontalScroller</include>
                <onup>57</onup>
                <onright>noop</onright>
            </control>
        </control>
        <control type="group" description="Footer info">
            <include>Icon_Fade</include>
            <visible>!Control.hasfocus(7000)+[Control.IsVisible(57) | Control.IsVisible(58) | Control.IsVisible(59)]</visible>
            <include>FooterInfo</include>
        </control>
    </include>
</includes>
