<?xml version="1.0" encoding="utf-8"?>
<includes>
    <include name="GridInfo">
        <control type="image">
            <visible>Control.IsVisible(53)</visible>
            <posx>-100</posx>
            <posy>750</posy>
            <width>2400</width>
            <height>330</height>
            <texture>common/HomeGradient.png</texture>
        </control>
        <control type="label" description="Title Label">
            <posx>510</posx>
            <posy>1008</posy>
            <width>900</width>
            <height>45</height>
            <align>center</align>
            <font>InfoTitleShortFont</font>
            <textcolor>MainColor</textcolor>
            <shadowcolor>ShadowColor</shadowcolor>
            <label>$INFO[ListItem.Label]</label>
        </control>
        <control type="label" description="Details">
            <posx>30</posx>
            <posy>1015</posy>
            <height>33</height>
            <width>450</width>
            <align>left</align>
            <font>InfoDetailsFont</font>
            <textcolor>AlternateColor</textcolor>
            <scroll>false</scroll>
            <label>$VAR[Fanart_Details]</label>
        </control>
        <control type="image" description="Stars">
            <visible>![Container.content(actors) | container.content(albums) | container.content(addons)]+[SubString(ListItem.StarRating,rating1)|SubString(ListItem.StarRating,rating2)|SubString(ListItem.StarRating,rating3)|SubString(ListItem.StarRating,rating4)|SubString(ListItem.StarRating,rating5)]</visible><posx>1715</posx>
            <posy>1015</posy>
            <align>right</align>
            <include>Stars</include>
        </control>
        <control type="image" description="3D badge">
            <visible>Window.IsActive(MyVideoNav.xml) + ListItem.IsStereoscopic</visible>
            <posx>1565</posx>
            <posy>1020</posy>
            <height>30</height>
            <width>54</width>
            <aspectratio aligny="bottom" align="right">keep</aspectratio>
            <texture>badges/3D.png</texture>
        </control>
        <control type="image" description="HD badge">
            <visible>Window.IsActive(MyVideoNav.xml) + ![ListItem.IsFolder | IsEmpty(ListItem.VideoResolution) | !IntegerGreaterThan(ListItem.VideoResolution,710)]</visible>
            <posx>1630</posx>
            <posy>1020</posy>
            <height>30</height>
            <width>54</width>
            <aspectratio aligny="bottom" align="right">keep</aspectratio>
            <texture>badges/HD.png</texture>
        </control>
    </include>
    <include name="View_53_Grid">
        <control type="group" description="Grid view">
            <visible>Control.IsVisible(53)</visible>
            <include>GridInfo</include>
            <control type="image">
                <posx>-100</posx>
                <posy>94</posy>
                <width>2258</width>
                <height>930</height>
                <texture border="90">common/bg_tvguide.png</texture>
            </control>
            <control type="panel" id="53" description="Grid">
                <viewtype label="536">Grid</viewtype>
                <posx>15</posx>
                <posy>150</posy>
                <width>1930</width>
                <height>810</height>
                <orientation>vertical</orientation>
                <onleft>9000</onleft>
                <onright>60</onright>
                <onup>53</onup>
                <ondown>53</ondown>
                <preloaditems>4</preloaditems>
                <pagecontrol>60</pagecontrol>
                <itemlayout condition="Container.Content(TvShows) + Skin.HasSetting(53_UseBanners)" height="205" width="930">
                    <control type="image">
                        <posx>20</posx>
                        <posy>0</posy>
                        <width>930</width>
                        <height>206</height>
                        <texture background="true">$VAR[Banner]</texture>
                        <aspectratio>stretch</aspectratio>
                        <include>ThumbBorder</include>
                    </control>
                    <control type="image">
                        <posx>892</posx>
                        <posy>148</posy>
                        <width>28</width>
                        <height>28</height>
                        <texture>$VAR[Overlay]</texture>
                    </control>
                </itemlayout>
                <focusedlayout condition="Container.Content(TvShows) + Skin.HasSetting(53_UseBanners)" height="205" width="930">
                    <control type="image">
                        <posx>20</posx>
                        <posy>0</posy>
                        <width>930</width>
                        <height>206</height>
                        <texture background="true">$VAR[Banner]</texture>
                        <aspectratio>stretch</aspectratio>
                        <include>ThumbBorderOverlay</include>
                    </control>
                    <control type="image">
                        <posx>892</posx>
                        <posy>148</posy>
                        <width>28</width>
                        <height>28</height>
                        <texture>$VAR[Overlay]</texture>
                    </control>
                </focusedlayout>
                <itemlayout condition="!Skin.HasSetting(53_BigGrid) + [[Container.Content(TvShows) + !Skin.HasSetting(53_UseBanners)] | Container.content(actors) | Container.Content(musicvideos) | container.content(movies) | container.content(seasons)]" height="270" width="188">
                    <control type="image">
                        <posx>0</posx>
                        <posy>0</posy>
                        <width>205</width>
                        <height>283</height>
                        <include>PosterThumb</include>
                        <include>ThumbBorder</include>
                    </control>
                    <control type="image">
                        <posx>147</posx>
                        <posy>225</posy>
                        <width>28</width>
                        <height>28</height>
                        <texture>$VAR[Overlay]</texture>
                    </control>
                </itemlayout>
                <focusedlayout condition="!Skin.HasSetting(53_BigGrid) + [[Container.Content(TvShows) + !Skin.HasSetting(53_UseBanners)] | Container.content(actors) | Container.Content(musicvideos) | container.content(movies) | container.content(seasons)]" height="270" width="188">
                    <control type="image">
                        <posx>0</posx>
                        <posy>0</posy>
                        <width>205</width>
                        <height>283</height>
                        <include>PosterThumb</include>
                        <include>ThumbBorderOverlay</include>
                    </control>
                    <control type="image">
                        <posx>147</posx>
                        <posy>225</posy>
                        <width>28</width>
                        <height>28</height>
                        <texture>$VAR[Overlay]</texture>
                    </control>
                </focusedlayout>
                <itemlayout condition="Skin.HasSetting(53_BigGrid) + [[Container.Content(TvShows) + !Skin.HasSetting(53_UseBanners)] | Container.content(actors) | Container.Content(musicvideos) | container.content(movies) | container.content(seasons)]" height="400" width="269">
                    <control type="image">
                        <posx>0</posx>
                        <posy>10</posy>
                        <width>282</width>
                        <height>400</height>
                        <include>PosterThumb</include>
                        <include>ThumbBorder</include>
                    </control>
                    <control type="image">
                        <posx>224</posx>
                        <posy>352</posy>
                        <width>28</width>
                        <height>28</height>
                        <texture>$VAR[Overlay]</texture>
                    </control>
                </itemlayout>
                <focusedlayout condition="Skin.HasSetting(53_BigGrid) + [[Container.Content(TvShows) + !Skin.HasSetting(53_UseBanners)] | Container.content(actors) | Container.Content(musicvideos) | container.content(movies) | container.content(seasons)]" height="400" width="269">
                    <control type="image">
                        <posx>0</posx>
                        <posy>10</posy>
                        <width>282</width>
                        <height>400</height>
                        <include>PosterThumb</include>
                        <include>ThumbBorderOverlay</include>
                    </control>
                    <control type="image">
                        <posx>224</posx>
                        <posy>352</posy>
                        <width>28</width>
                        <height>28</height>
                        <texture>$VAR[Overlay]</texture>
                    </control>
                </focusedlayout>
                <itemlayout height="270" width="465" condition="container.content(episodes)">
                    <control type="image">
                        <posx>20</posx>
                        <posy>0</posy>
                        <width>461</width>
                        <height>283</height>
                        <include>EpisodeThumb</include>
                        <include>ThumbBorder</include>
                    </control>
                    <control type="image">
                        <posx>423</posx>
                        <posy>225</posy>
                        <width>28</width>
                        <height>28</height>
                        <texture>$VAR[Overlay]</texture>
                    </control>
                </itemlayout>
                <focusedlayout height="297" width="450" condition="container.content(episodes)">
                    <control type="image">
                        <posx>20</posx>
                        <posy>0</posy>
                        <width>461</width>
                        <height>283</height>
                        <include>EpisodeThumb</include>
                        <include>ThumbBorderOverlay</include>
                    </control>
                    <control type="image">
                        <posx>423</posx>
                        <posy>225</posy>
                        <width>28</width>
                        <height>28</height>
                        <texture>$VAR[Overlay]</texture>
                    </control>
                </focusedlayout>
                <itemlayout condition="!Skin.HasSetting(53_BigGrid) + ![container.content(episodes) | Container.Content(musicvideos) | container.content(movies) | container.content(TVshows) | container.content(seasons)]" height="269" width="273">
                    <control type="image">
                        <posx>0</posx>
                        <posy>10</posy>
                        <width>260</width>
                        <height>260</height>
                        <include>SquareThumb</include>
                        <include>ThumbBorder</include>
                    </control>
                </itemlayout>
                <focusedlayout condition="!Skin.HasSetting(53_BigGrid) + ![container.content(episodes) | Container.Content(musicvideos) | container.content(movies) | container.content(TVshows) | container.content(seasons)]" height="269" width="273">
                    <control type="image">
                        <posx>0</posx>
                        <posy>10</posy>
                        <width>260</width>
                        <height>260</height>
                        <include>SquareThumb</include>
                        <include>ThumbBorderOverlay</include>
                    </control>
                </focusedlayout>
                <itemlayout condition="Skin.HasSetting(53_BigGrid) + ![container.content(episodes) | Container.Content(musicvideos) | container.content(movies) | container.content(TVshows) | container.content(seasons)]" height="400" width="380">
                    <control type="image">
                        <posx>0</posx>
                        <posy>20</posy>
                        <width>380</width>
                        <height>380</height>
                        <include>SquareThumb</include>
                        <include>ThumbBorder</include>
                    </control>
                </itemlayout>
                <focusedlayout condition="Skin.HasSetting(53_BigGrid) + ![container.content(episodes) | Container.Content(musicvideos) | container.content(movies) | container.content(TVshows) | container.content(seasons)]" height="400" width="380">
                    <control type="image">
                        <posx>0</posx>
                        <posy>20</posy>
                        <width>380</width>
                        <height>380</height>
                        <include>SquareThumb</include>
                        <include>ThumbBorderOverlay</include>
                    </control>
                </focusedlayout>
            </control>
            <control type="scrollbar" id="60">
                <animation effect="slide" start="0,0" end="-6,0" time="150">Focus</animation>
                <animation effect="slide" start="-6,0" end="0,0" time="300">UnFocus</animation>
                <posx>1899</posx>
                <posy>150</posy>
                <height>810</height>
                <include>VerticalScroller</include>
                <onleft>53</onleft>
                <onright>9000</onright>
            </control>
        </control>
    </include>
</includes>
