<?xml version="1.0" encoding="utf-8"?>
<includes>
    <include name="View_52_BigList">
        <control type="group" description="Large Infolist2">
            <visible>Control.IsVisible(52)</visible>
            <include>Icon_Fade</include>
            <control type="image">
                <posx>1224</posx>
                <posy>94</posy>
                <width>2058</width>
                <height>1160</height>
                <texture border="90">common/bg_tvguide.png</texture>
            </control>
            <control type="image">
                <posx>1260</posx>
                <posy>97</posy>
                <width>660</width>
                <height>73</height>
                <texture border="3">list/bg_facade_nofocus_top.png</texture>
            </control>
            <control type="image">
                <posx>1260</posx>
                <posy>170</posy>
                <width>660</width>
                <height>838</height>
                <include>FacadeOverlay</include>
            </control>
            <control type="image">
                <visible>!IntegerGreaterThan(Container(52).NumItems,7)</visible>
                <posx>1260</posx>
                <posy>939</posy>
                <width>660</width>
                <height>73</height>
                <texture border="3">list/bg_facade_nofocus_top.png</texture>
            </control>
            <control type="list" id="52">
                <!-- <visible>Container.Content(Movies) | Container.Content(TVShows) | Container.Content(episodes) | Container.Content(albums) | Container.Content(artists) | Window.IsActive(MyPics.xml)</visible> -->
                <viewtype label="Large List">Large List</viewtype>
                <posx>1260</posx>
                <posy>170</posy>
                <width>660</width>
                <height>840</height>
                <pagecontrol>60</pagecontrol>
                <onleft>9000</onleft>
                <onright>60</onright>
                <onup>52</onup>
                <ondown>52</ondown>
                <preloaditems>4</preloaditems>
                <itemlayout condition="![container.content(Movies) | container.content(TVShows) | Container.Content(Seasons) | Container.content(episodes)]" height="105" width="660">
                    <control type="image">
                        <posx>0</posx>
                        <posy>0</posy>
                        <height>105</height>
                        <width>660</width>
                        <texture border="3">list/bg_facade_nofocus.png</texture>
                    </control>
                    <control type="label">
                        <visible>StringCompare(ListItem.Label2,)</visible>
                        <posx>25</posx>
                        <posy>0</posy>
                        <height>103</height>
                        <width>605</width>
                        <font>FacadeListMainFont</font>
                        <textcolor>ListNoFocusColor</textcolor>
                        <label>$INFO[ListItem.Label]</label>
                    </control>
                    <control type="label">
                        <visible>!StringCompare(ListItem.Label2,)</visible>
                        <posx>25</posx>
                        <posy>7</posy>
                        <height>52</height>
                        <width>605</width>
                        <font>FacadeListMainFont</font>
                        <textcolor>ListNoFocusColor</textcolor>
                        <label>$INFO[ListItem.Label]</label>
                    </control>
                    <control type="label">
                        <visible>!StringCompare(ListItem.Label2,)</visible>
                        <posx>25</posx>
                        <posy>51</posy>
                        <height>52</height>
                        <width>605</width>
                        <font>FacadeListSubFont</font>
                        <textcolor>SublistNoFocusColor</textcolor>
                        <label>$VAR[Details]</label>
                    </control>
                </itemlayout>
                <focusedlayout condition="![container.content(Movies) | container.content(TVShows) | Container.Content(Seasons) | Container.content(episodes)]" height="105" width="660">
                    <control type="image">
                        <posx>0</posx>
                        <posy>0</posy>
                        <height>105</height>
                        <width>660</width>
                        <texture border="3">list/bg_facade_focus.png</texture>
                    </control>
                    <control type="label">
                        <visible>StringCompare(ListItem.Label2,)</visible>
                        <posx>25</posx>
                        <posy>0</posy>
                        <height>103</height>
                        <width>605</width>
                        <font>FacadeListMainFont</font>
                        <textcolor>ListFocusColor</textcolor>
                        <label>$INFO[ListItem.Label]</label>
                    </control>
                    <control type="label">
                        <visible>!StringCompare(ListItem.Label2,)</visible>
                        <posx>25</posx>
                        <posy>7</posy>
                        <height>52</height>
                        <width>605</width>
                        <font>FacadeListMainFont</font>
                        <textcolor>ListFocusColor</textcolor>
                        <label>$INFO[ListItem.Label]</label>
                    </control>
                    <control type="label">
                        <visible>!StringCompare(ListItem.Label2,)</visible>
                        <posx>25</posx>
                        <posy>51</posy>
                        <height>52</height>
                        <width>605</width>
                        <font>FacadeListSubFont</font>
                        <textcolor>SublistFocusColor</textcolor>
                        <label>$VAR[Details]</label>
                    </control>
                </focusedlayout>
                <itemlayout condition="container.content(Movies) | container.content(TVShows) | Container.Content(Seasons) | Container.content(episodes)" height="105" width="660">
                    <control type="image">
                        <posx>0</posx>
                        <posy>0</posy>
                        <height>105</height>
                        <width>660</width>
                        <texture border="3">list/bg_facade_nofocus.png</texture>
                    </control>
                    <control type="label">
                        <posx>25</posx>
                        <posy>7</posy>
                        <height>52</height>
                        <width>550</width>
                        <font>FacadeListMainFont</font>
                        <textcolor>ListNoFocusColor</textcolor>
                        <label>$INFO[ListItem.Label]</label>
                    </control>
                    <control type="label">
                        <posx>25</posx>
                        <posy>51</posy>
                        <height>52</height>
                        <width>550</width>
                        <font>FacadeListSubFont</font>
                        <textcolor>SublistNoFocusColor</textcolor>
                        <label>$VAR[Details]</label>
                    </control>
                    <control type="image">
                        <visible>![Container.Content(TVShows) | Container.Content(Seasons)]</visible>
                        <posx>58r</posx>
                        <posy>0</posy>
                        <width>30</width>
                        <height>104</height>
                        <texture>$VAR[Overlay]</texture>
                        <colordiffuse>aaffffff</colordiffuse>
                        <aspectratio aligny="center">keep</aspectratio>
                    </control>
                    <control type="group">
                        <visible>[Container.Content(TVShows) | Container.Content(Seasons)] + IntegerGreaterThan(ListItem.Property(UnWatchedEpisodes),0)</visible>
                        <control type="label" description="l2">
                            <posx>30r</posx>
                            <height>103</height>
                            <width>100</width>
                            <font>FacadeListSubFont</font>
                            <align>right</align>
                            <textcolor>SublistNoFocusColor</textcolor>
                            <label>$INFO[ListItem.Property(UnWatchedEpisodes)]</label>
                        </control>
                    </control>
                </itemlayout>
                <focusedlayout condition="container.content(Movies) | container.content(TVShows) | Container.Content(Seasons) | Container.content(episodes)" height="105" width="660">
                    <control type="image">
                        <posx>0</posx>
                        <posy>0</posy>
                        <height>105</height>
                        <width>660</width>
                        <texture border="3">list/bg_facade_focus.png</texture>
                    </control>
                    <control type="label">
                        <posx>25</posx>
                        <posy>7</posy>
                        <height>52</height>
                        <width>550</width>
                        <font>FacadeListMainFont</font>
                        <textcolor>ListFocusColor</textcolor>
                        <label>$INFO[ListItem.Label]</label>
                    </control>
                    <control type="label">
                        <posx>25</posx>
                        <posy>51</posy>
                        <height>52</height>
                        <width>550</width>
                        <font>FacadeListSubFont</font>
                        <textcolor>SublistFocusColor</textcolor>
                        <label>$VAR[Details]</label>
                    </control>
                    <control type="image">
                        <visible>![Container.Content(TVShows) | Container.Content(Seasons)]</visible>
                        <posx>58r</posx>
                        <posy>0</posy>
                        <width>30</width>
                        <height>104</height>
                        <texture>$VAR[Overlay]</texture>
                        <aspectratio aligny="center">keep</aspectratio>
                    </control>
                    <control type="group">
                        <visible>[Container.Content(TVShows) | Container.Content(Seasons)] + IntegerGreaterThan(ListItem.Property(UnWatchedEpisodes),0)</visible>
                        <control type="label" description="l2">
                            <posx>30r</posx>
                            <height>103</height>
                            <width>100</width>
                            <font>FacadeListSubFont</font>
                            <align>right</align>
                            <textcolor>SublistFocusColor</textcolor>
                            <label>$INFO[ListItem.Property(UnWatchedEpisodes)]</label>
                        </control>
                    </control>
                </focusedlayout>
            </control>
            <control type="label">
                <include>FacadeNumItems</include>
                <label>$INFO[Container.NumItems] $LOCALIZE[31025]</label>
            </control>
            <control type="scrollbar" id="60">
                <animation effect="slide" start="0,0" end="-8,0" time="150">Focus</animation>
                <animation effect="slide" start="-8,0" end="0,0" time="300">UnFocus</animation>
                <posx>1899</posx>
                <posy>170</posy>
                <height>840</height>
                <include>VerticalScroller</include>
                <onleft>52</onleft>
                <onright>9000</onright>
            </control>
        </control>
    </include>
</includes>
